 # x0 xt v phi E ni ne rho nhot ncold nss difnor dWhot SWhot charge
   -936.0000	   -936.0000	 0.0000	-0.000000	 0.000000	  1.00000000	  1.00000000	  0.00000000	  1.00000000	  0.00000000	  1.00000000
   -928.5270	   -928.5270	 0.0000	 0.000000	 0.000000	  1.00000000	  1.00000000	 -0.00000000	  1.00000000	  0.00000000	  1.00000000
   -921.1136	   -921.1136	-0.0000	-0.000000	-0.000000	  1.00000000	  1.00000000	  0.00000000	  1.00000000	  0.00000000	  1.00000000
   -913.7594	   -913.7594	 0.0000	-0.000000	 0.000000	  1.00000000	  1.00000000	 -0.00000000	  1.00000000	  0.00000000	  1.00000000
   -906.4640	   -906.4640	 0.0000	-0.000000	 0.000000	  1.00000000	  1.00000000	  0.00000000	  1.00000000	  0.00000000	  1.00000000
   -899.2268	   -899.2268	 0.0000	 0.000000	 0.000000	  1.00000000	  1.00000000	 -0.00000000	  1.00000000	  0.00000000	  1.00000000
   -892.0474	   -892.0474	-0.0000	-0.000000	-0.000000	  1.00000000	  1.00000000	  0.00000000	  1.00000000	  0.00000000	  1.00000000
   -884.9252	   -884.9252	 0.0000	 0.000000	 0.000000	  1.00000000	  1.00000000	 -0.00000000	  1.00000000	  0.00000000	  1.00000000
   -877.8600	   -877.8600	-0.0000	 0.000000	-0.000000	  1.00000000	  1.00000000	 -0.00000000	  1.00000000	  0.00000000	  1.00000000
   -870.8512	   -870.8512	 0.0000	 0.000000	 0.000000	  1.00000000	  1.00000000	  0.00000000	  1.00000000	  0.00000000	  1.00000000
   -863.8983	   -863.8983	-0.0000	 0.000000	-0.000000	  1.00000000	  1.00000000	 -0.00000000	  1.00000000	  0.00000000	  1.00000000
   -857.0009	   -857.0009	-0.0000	-0.000000	-0.000000	  1.00000000	  1.00000000	  0.00000000	  1.00000000	  0.00000000	  1.00000000
   -850.1586	   -850.1586	 0.0000	-0.000000	 0.000000	  1.00000000	  1.00000000	  0.00000000	  1.00000000	  0.00000000	  1.00000000
   -843.3710	   -843.3710	 0.0000	 0.000000	 0.000000	  1.00000000	  1.00000000	 -0.00000000	  1.00000000	  0.00000000	  1.00000000
   -836.6375	   -836.6375	 0.0000	 0.000000	 0.000000	  1.00000000	  1.00000000	 -0.00000000	  1.00000000	  0.00000000	  1.00000000
   -829.9578	   -829.9578	-0.0000	 0.000000	-0.000000	  1.00000000	  1.00000000	 -0.00000000	  1.00000000	  0.00000000	  1.00000000
   -823.3314	   -823.3314	 0.0000	-0.000000	 0.000000	  1.00000000	  1.00000000	  0.00000000	  1.00000000	  0.00000000	  1.00000000
   -816.7579	   -816.7579	-0.0000	-0.000000	-0.000000	  1.00000000	  1.00000000	  0.00000000	  1.00000000	  0.00000000	  1.00000000
   -810.2369	   -810.2369	-0.0000	-0.000000	-0.000000	  1.00000000	  1.00000000	  0.00000000	  1.00000000	  0.00000000	  1.00000000
   -803.7680	   -803.7680	-0.0000	-0.000000	-0.000000	  1.00000000	  1.00000000	  0.00000000	  1.00000000	  0.00000000	  1.00000000
   -797.3507	   -797.3507	 0.0000	 0.000000	 0.000000	  1.00000000	  1.00000000	 -0.00000000	  1.00000000	  0.00000000	  1.00000000
   -790.9847	   -790.9847	 0.0000	-0.000000	 0.000000	  1.00000000	  1.00000000	  0.00000000	  1.00000000	  0.00000000	  1.00000000
   -784.6694	   -784.6694	-0.0000	 0.000000	-0.000000	  1.00000000	  1.00000000	  0.00000000	  1.00000000	  0.00000000	  1.00000000
   -778.4046	   -778.4046	 0.0000	 0.000000	 0.000000	  1.00000000	  1.00000000	 -0.00000000	  1.00000000	  0.00000000	  1.00000000
   -772.1899	   -772.1899	-0.0000	 0.000000	 0.000000	  1.00000000	  1.00000000	 -0.00000000	  1.00000000	  0.00000000	  1.00000000
   -766.0247	   -766.0247	-0.0000	 0.000000	-0.000000	  1.00000000	  1.00000000	 -0.00000000	  1.00000000	  0.00000000	  1.00000000
   -759.9088	   -759.9088	 0.0000	-0.000000	 0.000000	  1.00000000	  1.00000000	  0.00000000	  1.00000000	  0.00000000	  1.00000000
   -753.8416	   -753.8416	-0.0000	 0.000000	-0.000000	  1.00000000	  1.00000000	 -0.00000000	  1.00000000	  0.00000000	  1.00000000
   -747.8230	   -747.8230	-0.0000	-0.000000	-0.000000	  1.00000000	  1.00000000	  0.00000000	  1.00000000	  0.00000000	  1.00000000
   -741.8524	   -741.8524	 0.0000	-0.000000	 0.000000	  1.00000000	  1.00000000	  0.00000000	  1.00000000	  0.00000000	  1.00000000
   -735.9294	   -735.9294	 0.0000	-0.000000	 0.000000	  1.00000000	  1.00000000	  0.00000000	  1.00000000	  0.00000000	  1.00000000
   -730.0537	   -730.0537	-0.0000	 0.000000	-0.000000	  1.00000000	  1.00000000	  0.00000000	  1.00000000	  0.00000000	  1.00000000
   -724.2250	   -724.2250	-0.0000	-0.000000	-0.000000	  1.00000000	  1.00000000	 -0.00000000	  1.00000000	  0.00000000	  1.00000000
   -718.4428	   -718.4428	 0.0000	 0.000000	 0.000000	  1.00000000	  1.00000000	 -0.00000000	  1.00000000	  0.00000000	  1.00000000
   -712.7067	   -712.7067	-0.0000	 0.000000	-0.000000	  1.00000000	  1.00000000	 -0.00000000	  1.00000000	  0.00000000	  1.00000000
   -707.0165	   -707.0165	-0.0000	-0.000000	-0.000000	  1.00000000	  1.00000000	  0.00000000	  1.00000000	  0.00000000	  1.00000000
   -701.3717	   -701.3717	 0.0000	 0.000000	 0.000000	  1.00000000	  1.00000000	 -0.00000000	  1.00000000	  0.00000000	  1.00000000
   -695.7719	   -695.7719	 0.0000	 0.000000	 0.000000	  1.00000000	  1.00000000	  0.00000000	  1.00000000	  0.00000000	  1.00000000
   -690.2169	   -690.2169	-0.0000	 0.000000	-0.000000	  1.00000000	  1.00000000	  0.00000000	  1.00000000	  0.00000000	  1.00000000
   -684.7062	   -684.7062	 0.0000	 0.000000	-0.000000	  1.00000000	  1.00000000	 -0.00000000	  1.00000000	  0.00000000	  1.00000000
   -679.2395	   -679.2395	-0.0000	-0.000000	 0.000000	  1.00000000	  1.00000000	  0.00000000	  1.00000000	  0.00000000	  1.00000000
   -673.8164	   -673.8164	-0.0000	 0.000000	-0.000000	  1.00000000	  1.00000000	 -0.00000000	  1.00000000	  0.00000000	  1.00000000
   -668.4367	   -668.4367	 0.0000	-0.000000	-0.000000	  1.00000000	  1.00000000	  0.00000000	  1.00000000	  0.00000000	  1.00000000
   -663.0999	   -663.0999	 0.0000	-0.000000	 0.000000	  1.00000000	  1.00000000	 -0.00000000	  1.00000000	  0.00000000	  1.00000000
   -657.8057	   -657.8057	 0.0000	 0.000000	 0.000000	  1.00000000	  1.00000000	 -0.00000000	  1.00000000	  0.00000000	  1.00000000
   -652.5538	   -652.5538	-0.0000	-0.000000	-0.000000	  1.00000000	  1.00000000	  0.00000000	  1.00000000	  0.00000000	  1.00000000
   -647.3438	   -647.3438	 0.0000	-0.000000	 0.000000	  1.00000000	  1.00000000	  0.00000000	  1.00000000	  0.00000000	  1.00000000
   -642.1754	   -642.1754	-0.0000	 0.000000	 0.000000	  1.00000000	  1.00000000	 -0.00000000	  1.00000000	  0.00000000	  1.00000000
   -637.0483	   -637.0483	 0.0000	-0.000000	-0.000000	  1.00000000	  1.00000000	  0.00000000	  1.00000000	  0.00000000	  1.00000000
   -631.9621	   -631.9621	 0.0000	 0.000000	 0.000000	  1.00000000	  1.00000000	 -0.00000000	  1.00000000	  0.00000000	  1.00000000
   -626.9165	   -626.9165	-0.0000	 0.000000	-0.000000	  1.00000000	  1.00000000	 -0.00000000	  1.00000000	  0.00000000	  1.00000000
   -621.9112	   -621.9112	 0.0000	 0.000000	 0.000000	  1.00000000	  1.00000000	  0.00000000	  1.00000000	  0.00000000	  1.00000000
   -616.9458	   -616.9458	-0.0000	 0.000000	-0.000000	  1.00000000	  1.00000000	  0.00000000	  1.00000000	  0.00000000	  1.00000000
   -612.0202	   -612.0202	-0.0000	-0.000000	-0.000000	  1.00000000	  1.00000000	  0.00000000	  1.00000000	  0.00000000	  1.00000000
   -607.1338	   -607.1338	-0.0000	 0.000000	-0.000000	  1.00000000	  1.00000000	 -0.00000000	  1.00000000	  0.00000000	  1.00000000
   -602.2864	   -602.2864	 0.0000	-0.000000	 0.000000	  1.00000000	  1.00000000	  0.00000000	  1.00000000	  0.00000000	  1.00000000
   -597.4778	   -597.4778	 0.0000	-0.000000	 0.000000	  1.00000000	  1.00000000	  0.00000000	  1.00000000	  0.00000000	  1.00000000
   -592.7075	   -592.7075	-0.0000	 0.000000	-0.000000	  1.00000000	  1.00000000	  0.00000000	  1.00000000	  0.00000000	  1.00000000
   -587.9753	   -587.9753	-0.0000	-0.000000	 0.000000	  1.00000000	  1.00000000	 -0.00000000	  1.00000000	  0.00000000	  1.00000000
   -583.2809	   -583.2809	 0.0000	 0.000000	 0.000000	  1.00000000	  1.00000000	 -0.00000000	  1.00000000	  0.00000000	  1.00000000
   -578.6240	   -578.6240	 0.0000	-0.000000	-0.000000	  1.00000000	  1.00000000	  0.00000000	  1.00000000	  0.00000000	  1.00000000
   -574.0043	   -574.0043	-0.0000	 0.000000	 0.000000	  1.00000000	  1.00000000	 -0.00000000	  1.00000000	  0.00000000	  1.00000000
   -569.4214	   -569.4214	 0.0000	-0.000000	-0.000000	  1.00000000	  1.00000000	  0.00000000	  1.00000000	  0.00000000	  1.00000000
   -564.8752	   -564.8752	-0.0000	-0.000000	 0.000000	  1.00000000	  1.00000000	  0.00000000	  1.00000000	  0.00000000	  1.00000000
   -560.3652	   -560.3652	-0.0000	 0.000000	-0.000000	  1.00000000	  1.00000000	 -0.00000000	  1.00000000	  0.00000000	  1.00000000
   -555.8913	   -555.8913	 0.0000	-0.000000	 0.000000	  1.00000000	  1.00000000	 -0.00000000	  1.00000000	  0.00000000	  1.00000000
   -551.4530	   -551.4530	-0.0000	-0.000000	-0.000000	  1.00000000	  1.00000000	 -0.00000000	  1.00000000	  0.00000000	  1.00000000
   -547.0502	   -547.0502	 0.0000	-0.000000	 0.000000	  1.00000000	  1.00000000	  0.00000000	  1.00000000	  0.00000000	  1.00000000
   -542.6826	   -542.6826	 0.0000	-0.000000	 0.000000	  1.00000000	  1.00000000	  0.00000000	  1.00000000	  0.00000000	  1.00000000
   -538.3498	   -538.3498	-0.0000	 0.000000	-0.000000	  1.00000000	  1.00000000	  0.00000000	  1.00000000	  0.00000000	  1.00000000
   -534.0516	   -534.0516	 0.0000	 0.000000	 0.000000	  1.00000000	  1.00000000	 -0.00000000	  1.00000000	  0.00000000	  1.00000000
   -529.7877	   -529.7877	-0.0000	 0.000000	-0.000000	  1.00000000	  1.00000000	  0.00000000	  1.00000000	  0.00000000	  1.00000000
   -525.5579	   -525.5579	-0.0000	 0.000000	-0.000000	  1.00000000	  1.00000000	 -0.00000000	  1.00000000	  0.00000000	  1.00000000
   -521.3619	   -521.3619	 0.0000	 0.000000	 0.000000	  1.00000000	  1.00000000	 -0.00000000	  1.00000000	  0.00000000	  1.00000000
   -517.1993	   -517.1993	 0.0000	-0.000000	 0.000000	  1.00000000	  1.00000000	  0.00000000	  1.00000000	  0.00000000	  1.00000000
   -513.0700	   -513.0700	-0.0000	 0.000000	-0.000000	  1.00000000	  1.00000000	 -0.00000000	  1.00000000	  0.00000000	  1.00000000
   -508.9736	   -508.9736	 0.0000	-0.000000	-0.000000	  1.00000000	  1.00000000	 -0.00000000	  1.00000000	  0.00000000	  1.00000000
   -504.9100	   -504.9100	-0.0000	 0.000000	 0.000000	  1.00000000	  1.00000000	  0.00000000	  1.00000000	  0.00000000	  1.00000000
   -500.8788	   -500.8788	-0.0000	-0.000000	-0.000000	  1.00000000	  1.00000000	  0.00000000	  1.00000000	  0.00000000	  1.00000000
   -496.8798	   -496.8798	 0.0000	-0.000000	 0.000000	  1.00000000	  1.00000000	  0.00000000	  1.00000000	  0.00000000	  1.00000000
   -492.9127	   -492.9127	 0.0000	 0.000000	 0.000000	  1.00000000	  1.00000000	 -0.00000000	  1.00000000	  0.00000000	  1.00000000
   -488.9773	   -488.9773	-0.0000	-0.000000	-0.000000	  1.00000000	  1.00000000	  0.00000000	  1.00000000	  0.00000000	  1.00000000
   -485.0733	   -485.0733	 0.0000	 0.000000	 0.000000	  1.00000000	  1.00000000	  0.00000000	  1.00000000	  0.00000000	  1.00000000
   -481.2005	   -481.2005	-0.0000	-0.000000	-0.000000	  1.00000000	  1.00000000	  0.00000000	  1.00000000	  0.00000000	  1.00000000
   -477.3585	   -477.3585	-0.0000	 0.000000	-0.000000	  1.00000000	  1.00000000	 -0.00000000	  1.00000000	  0.00000000	  1.00000000
   -473.5473	   -473.5473	-0.0000	-0.000000	-0.000000	  1.00000000	  1.00000000	  0.00000000	  1.00000000	  0.00000000	  1.00000000
   -469.7665	   -469.7665	 0.0000	-0.000000	 0.000000	  1.00000000	  1.00000000	  0.00000000	  1.00000000	  0.00000000	  1.00000000
   -466.0159	   -466.0159	-0.0000	-0.000000	-0.000000	  1.00000000	  1.00000000	 -0.00000000	  1.00000000	  0.00000000	  1.00000000
   -462.2952	   -462.2952	 0.0000	-0.000000	 0.000000	  1.00000000	  1.00000000	 -0.00000000	  1.00000000	  0.00000000	  1.00000000
   -458.6043	   -458.6043	-0.0000	 0.000000	 0.000000	  1.00000000	  1.00000000	 -0.00000000	  1.00000000	  0.00000000	  1.00000000
   -454.9428	   -454.9428	 0.0000	-0.000000	-0.000000	  1.00000000	  1.00000000	  0.00000000	  1.00000000	  0.00000000	  1.00000000
   -451.3105	   -451.3105	-0.0000	-0.000000	 0.000000	  1.00000000	  1.00000000	 -0.00000000	  1.00000000	  0.00000000	  1.00000000
   -447.7072	   -447.7072	-0.0000	-0.000000	-0.000000	  1.00000000	  1.00000000	  0.00000000	  1.00000000	  0.00000000	  1.00000000
   -444.1327	   -444.1327	 0.0000	 0.000000	 0.000000	  1.00000000	  1.00000000	 -0.00000000	  1.00000000	  0.00000000	  1.00000000
   -440.5868	   -440.5868	 0.0000	 0.000000	-0.000000	  1.00000000	  1.00000000	 -0.00000000	  1.00000000	  0.00000000	  1.00000000
   -437.0691	   -437.0691	 0.0000	-0.000000	-0.000000	  1.00000000	  1.00000000	 -0.00000000	  1.00000000	  0.00000000	  1.00000000
   -433.5796	   -433.5796	-0.0000	-0.000000	 0.000000	  1.00000000	  1.00000000	  0.00000000	  1.00000000	  0.00000000	  1.00000000
   -430.1179	   -430.1179	 0.0000	-0.000000	-0.000000	  1.00000000	  1.00000000	 -0.00000000	  1.00000000	  0.00000000	  1.00000000
   -426.6838	   -426.6838	-0.0000	 0.000000	 0.000000	  1.00000000	  1.00000000	 -0.00000000	  1.00000000	  0.00000000	  1.00000000
   -423.2772	   -423.2772	-0.0000	-0.000000	 0.000000	  1.00000000	  1.00000000	  0.00000000	  1.00000000	  0.00000000	  1.00000000
   -419.8977	   -419.8977	-0.0000	 0.000000	-0.000000	  1.00000000	  1.00000000	 -0.00000000	  1.00000000	  0.00000000	  1.00000000
   -416.5453	   -416.5453	 0.0000	-0.000000	 0.000000	  1.00000000	  1.00000000	  0.00000000	  1.00000000	  0.00000000	  1.00000000
   -413.2196	   -413.2196	-0.0000	 0.000000	 0.000000	  1.00000000	  1.00000000	 -0.00000000	  1.00000000	  0.00000000	  1.00000000
   -409.9204	   -409.9204	 0.0000	 0.000000	-0.000000	  1.00000000	  1.00000000	 -0.00000000	  1.00000000	  0.00000000	  1.00000000
   -406.6476	   -406.6476	-0.0000	-0.000000	-0.000000	  1.00000000	  1.00000000	  0.00000000	  1.00000000	  0.00000000	  1.00000000
   -403.4009	   -403.4009	 0.0000	-0.000000	 0.000000	  1.00000000	  1.00000000	  0.00000000	  1.00000000	  0.00000000	  1.00000000
   -400.1802	   -400.1802	-0.0000	 0.000000	 0.000000	  1.00000000	  1.00000000	  0.00000000	  1.00000000	  0.00000000	  1.00000000
   -396.9852	   -396.9852	 0.0000	-0.000000	-0.000000	  1.00000000	  1.00000000	  0.00000000	  1.00000000	  0.00000000	  1.00000000
   -393.8156	   -393.8156	-0.0000	-0.000000	 0.000000	  1.00000000	  1.00000000	  0.00000000	  1.00000000	  0.00000000	  1.00000000
   -390.6714	   -390.6714	-0.0000	 0.000000	 0.000000	  1.00000000	  1.00000000	 -0.00000000	  1.00000000	  0.00000000	  1.00000000
   -387.5523	   -387.5523	 0.0000	 0.000000	-0.000000	  1.00000000	  1.00000000	 -0.00000000	  1.00000000	  0.00000000	  1.00000000
   -384.4581	   -384.4581	 0.0000	-0.000000	 0.000000	  1.00000000	  1.00000000	 -0.00000000	  1.00000000	  0.00000000	  1.00000000
   -381.3886	   -381.3886	-0.0000	 0.000000	 0.000000	  1.00000000	  1.00000000	 -0.00000000	  1.00000000	  0.00000000	  1.00000000
   -378.3435	   -378.3435	 0.0000	-0.000000	-0.000000	  1.00000000	  1.00000000	  0.00000000	  1.00000000	  0.00000000	  1.00000000
   -375.3229	   -375.3229	 0.0000	 0.000000	-0.000000	  1.00000000	  1.00000000	 -0.00000000	  1.00000000	  0.00000000	  1.00000000
   -372.3263	   -372.3263	 0.0000	-0.000000	 0.000000	  1.00000000	  1.00000000	  0.00000000	  1.00000000	  0.00000000	  1.00000000
   -369.3536	   -369.3536	-0.0000	 0.000000	-0.000000	  1.00000000	  1.00000000	 -0.00000000	  1.00000000	  0.00000000	  1.00000000
   -366.4047	   -366.4047	-0.0000	 0.000000	 0.000000	  1.00000000	  1.00000000	  0.00000000	  1.00000000	  0.00000000	  1.00000000
   -363.4793	   -363.4793	 0.0000	-0.000000	-0.000000	  1.00000000	  1.00000000	  0.00000000	  1.00000000	  0.00000000	  1.00000000
   -360.5773	   -360.5773	-0.0000	 0.000000	-0.000000	  1.00000000	  1.00000000	 -0.00000000	  1.00000000	  0.00000000	  1.00000000
   -357.6985	   -357.6985	 0.0000	-0.000000	 0.000000	  1.00000000	  1.00000000	  0.00000000	  1.00000000	  0.00000000	  1.00000000
   -354.8426	   -354.8426	-0.0000	 0.000000	-0.000000	  1.00000000	  1.00000000	 -0.00000000	  1.00000000	  0.00000000	  1.00000000
   -352.0095	   -352.0095	 0.0000	-0.000000	 0.000000	  1.00000000	  1.00000000	  0.00000000	  1.00000000	  0.00000000	  1.00000000
   -349.1991	   -349.1991	-0.0000	 0.000000	 0.000000	  1.00000000	  1.00000000	 -0.00000000	  1.00000000	  0.00000000	  1.00000000
   -346.4111	   -346.4111	 0.0000	 0.000000	-0.000000	  1.00000000	  1.00000000	 -0.00000000	  1.00000000	  0.00000000	  1.00000000
   -343.6453	   -343.6453	 0.0000	-0.000000	-0.000000	  1.00000000	  1.00000000	  0.00000000	  1.00000000	  0.00000000	  1.00000000
   -340.9017	   -340.9017	-0.0000	-0.000000	-0.000000	  1.00000000	  1.00000000	  0.00000000	  1.00000000	  0.00000000	  1.00000000
   -338.1799	   -338.1799	 0.0000	-0.000000	 0.000000	  1.00000000	  1.00000000	  0.00000000	  1.00000000	  0.00000000	  1.00000000
   -335.4799	   -335.4799	-0.0000	-0.000000	-0.000000	  1.00000000	  1.00000000	  0.00000000	  1.00000000	  0.00000000	  1.00000000
   -332.8014	   -332.8014	-0.0000	 0.000000	-0.000000	  1.00000000	  1.00000000	 -0.00000000	  1.00000000	  0.00000000	  1.00000000
   -330.1443	   -330.1443	 0.0000	-0.000000	 0.000000	  1.00000000	  1.00000000	  0.00000000	  1.00000000	  0.00000000	  1.00000000
   -327.5085	   -327.5085	-0.0000	-0.000000	-0.000000	  1.00000000	  1.00000000	  0.00000000	  1.00000000	  0.00000000	  1.00000000
   -324.8936	   -324.8936	-0.0000	 0.000000	 0.000000	  1.00000000	  1.00000000	 -0.00000000	  1.00000000	  0.00000000	  1.00000000
   -322.2997	   -322.2997	 0.0000	-0.000000	-0.000000	  1.00000000	  1.00000000	 -0.00000000	  1.00000000	  0.00000000	  1.00000000
   -319.7264	   -319.7264	-0.0000	-0.000000	 0.000000	  1.00000000	  1.00000000	 -0.00000000	  1.00000000	  0.00000000	  1.00000000
   -317.1737	   -317.1737	 0.0000	 0.000000	 0.000000	  1.00000000	  1.00000000	  0.00000000	  1.00000000	  0.00000000	  1.00000000
   -314.6414	   -314.6414	-0.0000	 0.000000	-0.000000	  1.00000000	  1.00000000	  0.00000000	  1.00000000	  0.00000000	  1.00000000
   -312.1293	   -312.1293	 0.0000	 0.000000	 0.000000	  1.00000000	  1.00000000	 -0.00000000	  1.00000000	  0.00000000	  1.00000000
   -309.6373	   -309.6373	-0.0000	-0.000000	-0.000000	  1.00000000	  1.00000000	  0.00000000	  1.00000000	  0.00000000	  1.00000000
   -307.1651	   -307.1651	 0.0000	 0.000000	 0.000000	  1.00000000	  1.00000000	 -0.00000000	  1.00000000	  0.00000000	  1.00000000
   -304.7127	   -304.7127	-0.0000	-0.000000	 0.000000	  1.00000000	  1.00000000	  0.00000000	  1.00000000	  0.00000000	  1.00000000
   -302.2799	   -302.2799	 0.0000	-0.000000	-0.000000	  1.00000000	  1.00000000	  0.00000000	  1.00000000	  0.00000000	  1.00000000
   -299.8665	   -299.8665	-0.0000	 0.000000	-0.000000	  1.00000000	  1.00000000	 -0.00000000	  1.00000000	  0.00000000	  1.00000000
   -297.4724	   -297.4724	 0.0000	 0.000000	 0.000000	  1.00000000	  1.00000000	 -0.00000000	  1.00000000	  0.00000000	  1.00000000
   -295.0974	   -295.0974	-0.0000	-0.000000	-0.000000	  1.00000000	  1.00000000	  0.00000000	  1.00000000	  0.00000000	  1.00000000
   -292.7413	   -292.7413	 0.0000	 0.000000	 0.000000	  1.00000000	  1.00000000	 -0.00000000	  1.00000000	  0.00000000	  1.00000000
   -290.4040	   -290.4040	-0.0000	-0.000000	-0.000000	  1.00000000	  1.00000000	 -0.00000000	  1.00000000	  0.00000000	  1.00000000
   -288.0855	   -288.0855	-0.0000	-0.000000	 0.000000	  1.00000000	  1.00000000	  0.00000000	  1.00000000	  0.00000000	  1.00000000
   -285.7854	   -285.7854	-0.0000	 0.000000	 0.000000	  1.00000000	  1.00000000	  0.00000000	  1.00000000	  0.00000000	  1.00000000
   -283.5037	   -283.5037	 0.0000	 0.000000	-0.000000	  1.00000000	  1.00000000	  0.00000000	  1.00000000	  0.00000000	  1.00000000
   -281.2402	   -281.2402	 0.0000	 0.000000	-0.000000	  1.00000000	  1.00000000	 -0.00000000	  1.00000000	  0.00000000	  1.00000000
   -278.9948	   -278.9948	 0.0000	 0.000000	 0.000000	  1.00000000	  1.00000000	 -0.00000000	  1.00000000	  0.00000000	  1.00000000
   -276.7673	   -276.7673	-0.0000	-0.000000	-0.000000	  1.00000000	  1.00000000	  0.00000000	  1.00000000	  0.00000000	  1.00000000
   -274.5576	   -274.5576	-0.0000	-0.000000	 0.000000	  1.00000000	  1.00000000	 -0.00000000	  1.00000000	  0.00000000	  1.00000000
   -272.3655	   -272.3655	-0.0000	-0.000000	-0.000000	  1.00000000	  1.00000000	 -0.00000000	  1.00000000	  0.00000000	  1.00000000
   -270.1909	   -270.1909	 0.0000	-0.000000	 0.000000	  1.00000000	  1.00000000	  0.00000000	  1.00000000	  0.00000000	  1.00000000
   -268.0337	   -268.0337	-0.0000	-0.000000	 0.000000	  1.00000000	  1.00000000	  0.00000000	  1.00000000	  0.00000000	  1.00000000
   -265.8937	   -265.8937	 0.0000	-0.000000	-0.000000	  1.00000000	  1.00000000	  0.00000000	  1.00000000	  0.00000000	  1.00000000
   -263.7708	   -263.7708	 0.0000	 0.000000	-0.000000	  1.00000000	  1.00000000	 -0.00000000	  1.00000000	  0.00000000	  1.00000000
   -261.6649	   -261.6649	-0.0000	-0.000000	 0.000000	  1.00000000	  1.00000000	 -0.00000000	  1.00000000	  0.00000000	  1.00000000
   -259.5758	   -259.5758	-0.0000	-0.000000	 0.000000	  1.00000000	  1.00000000	  0.00000000	  1.00000000	  0.00000000	  1.00000000
   -257.5033	   -257.5033	 0.0000	 0.000000	-0.000000	  1.00000000	  1.00000000	 -0.00000000	  1.00000000	  0.00000000	  1.00000000
   -255.4474	   -255.4474	-0.0000	-0.000000	-0.000000	  1.00000000	  1.00000000	  0.00000000	  1.00000000	  0.00000000	  1.00000000
   -253.4079	   -253.4079	 0.0000	 0.000000	 0.000000	  1.00000000	  1.00000000	 -0.00000000	  1.00000000	  0.00000000	  1.00000000
   -251.3847	   -251.3847	 0.0000	-0.000000	-0.000000	  1.00000000	  1.00000000	  0.00000000	  1.00000000	  0.00000000	  1.00000000
   -249.3776	   -249.3776	-0.0000	-0.000000	-0.000000	  1.00000000	  1.00000000	  0.00000000	  1.00000000	  0.00000000	  1.00000000
   -247.3866	   -247.3866	 0.0000	-0.000000	 0.000000	  1.00000000	  1.00000000	  0.00000000	  1.00000000	  0.00000000	  1.00000000
   -245.4115	   -245.4115	 0.0000	 0.000000	 0.000000	  1.00000000	  1.00000000	 -0.00000000	  1.00000000	  0.00000000	  1.00000000
   -243.4521	   -243.4521	 0.0000	 0.000000	-0.000000	  1.00000000	  1.00000000	 -0.00000000	  1.00000000	  0.00000000	  1.00000000
   -241.5084	   -241.5084	-0.0000	 0.000000	 0.000000	  1.00000000	  1.00000000	 -0.00000000	  1.00000000	  0.00000000	  1.00000000
   -239.5802	   -239.5802	 0.0000	 0.000000	-0.000000	  1.00000000	  1.00000000	  0.00000000	  1.00000000	  0.00000000	  1.00000000
   -237.6674	   -237.6674	 0.0000	-0.000000	 0.000000	  1.00000000	  1.00000000	  0.00000000	  1.00000000	  0.00000000	  1.00000000
   -235.7698	   -235.7698	-0.0000	 0.000000	 0.000000	  1.00000000	  1.00000000	 -0.00000000	  1.00000000	  0.00000000	  1.00000000
   -233.8875	   -233.8875	-0.0000	-0.000000	 0.000000	  1.00000000	  1.00000000	  0.00000000	  1.00000000	  0.00000000	  1.00000000
   -232.0201	   -232.0201	 0.0000	 0.000000	-0.000000	  1.00000000	  1.00000000	 -0.00000000	  1.00000000	  0.00000000	  1.00000000
   -230.1677	   -230.1677	 0.0000	-0.000000	 0.000000	  1.00000000	  1.00000000	  0.00000000	  1.00000000	  0.00000000	  1.00000000
   -228.3300	   -228.3300	-0.0000	 0.000000	 0.000000	  1.00000000	  1.00000000	 -0.00000000	  1.00000000	  0.00000000	  1.00000000
   -226.5070	   -226.5070	 0.0000	 0.000000	 0.000000	  1.00000000	  1.00000000	 -0.00000000	  1.00000000	  0.00000000	  1.00000000
   -224.6986	   -224.6986	-0.0000	 0.000000	-0.000000	  1.00000000	  1.00000000	  0.00000000	  1.00000000	  0.00000000	  1.00000000
   -222.9046	   -222.9046	 0.0000	-0.000000	-0.000000	  1.00000000	  1.00000000	  0.00000000	  1.00000000	  0.00000000	  1.00000000
   -221.1249	   -221.1249	-0.0000	-0.000000	-0.000000	  1.00000000	  1.00000000	 -0.00000000	  1.00000000	  0.00000000	  1.00000000
   -219.3595	   -219.3595	 0.0000	 0.000000	 0.000000	  1.00000000	  1.00000000	 -0.00000000	  1.00000000	  0.00000000	  1.00000000
   -217.6081	   -217.6081	 0.0000	 0.000000	-0.000000	  1.00000000	  1.00000000	 -0.00000000	  1.00000000	  0.00000000	  1.00000000
   -215.8707	   -215.8707	-0.0000	 0.000000	 0.000000	  1.00000000	  1.00000000	 -0.00000000	  1.00000000	  0.00000000	  1.00000000
   -214.1472	   -214.1472	 0.0000	-0.000000	-0.000000	  1.00000000	  1.00000000	 -0.00000000	  1.00000000	  0.00000000	  1.00000000
   -212.4374	   -212.4374	-0.0000	 0.000000	 0.000000	  1.00000000	  1.00000000	  0.00000000	  1.00000000	  0.00000000	  1.00000000
   -210.7413	   -210.7413	-0.0000	 0.000000	-0.000000	  1.00000000	  1.00000000	  0.00000000	  1.00000000	  0.00000000	  1.00000000
   -209.0588	   -209.0588	 0.0000	 0.000000	 0.000000	  1.00000000	  1.00000000	 -0.00000000	  1.00000000	  0.00000000	  1.00000000
   -207.3897	   -207.3897	-0.0000	-0.000000	-0.000000	  1.00000000	  1.00000000	  0.00000000	  1.00000000	  0.00000000	  1.00000000
   -205.7339	   -205.7339	 0.0000	-0.000000	-0.000000	  1.00000000	  1.00000000	 -0.00000000	  1.00000000	  0.00000000	  1.00000000
   -204.0913	   -204.0913	-0.0000	-0.000000	-0.000000	  1.00000000	  1.00000000	 -0.00000000	  1.00000000	  0.00000000	  1.00000000
   -202.4618	   -202.4618	 0.0000	-0.000000	 0.000000	  1.00000000	  1.00000000	  0.00000000	  1.00000000	  0.00000000	  1.00000000
   -200.8454	   -200.8454	-0.0000	-0.000000	 0.000000	  1.00000000	  1.00000000	  0.00000000	  1.00000000	  0.00000000	  1.00000000
   -199.2418	   -199.2418	 0.0000	 0.000000	-0.000000	  1.00000000	  1.00000000	 -0.00000000	  1.00000000	  0.00000000	  1.00000000
   -197.6511	   -197.6511	-0.0000	 0.000000	 0.000000	  1.00000000	  1.00000000	  0.00000000	  1.00000000	  0.00000000	  1.00000000
   -196.0730	   -196.0730	-0.0000	 0.000000	-0.000000	  1.00000000	  1.00000000	 -0.00000000	  1.00000000	  0.00000000	  1.00000000
   -194.5076	   -194.5076	 0.0000	 0.000000	 0.000000	  1.00000000	  1.00000000	  0.00000000	  1.00000000	  0.00000000	  1.00000000
   -192.9546	   -192.9546	 0.0000	-0.000000	-0.000000	  1.00000000	  1.00000000	  0.00000000	  1.00000000	  0.00000000	  1.00000000
   -191.4141	   -191.4141	 0.0000	 0.000000	-0.000000	  1.00000000	  1.00000000	 -0.00000000	  1.00000000	  0.00000000	  1.00000000
   -189.8858	   -189.8858	-0.0000	 0.000000	 0.000000	  1.00000000	  1.00000000	  0.00000000	  1.00000000	  0.00000000	  1.00000000
   -188.3698	   -188.3698	 0.0000	 0.000000	-0.000000	  1.00000000	  1.00000000	  0.00000000	  1.00000000	  0.00000000	  1.00000000
   -186.8658	   -186.8658	 0.0000	-0.000000	-0.000000	  1.00000000	  1.00000000	  0.00000000	  1.00000000	  0.00000000	  1.00000000
   -185.3739	   -185.3739	 0.0000	 0.000000	-0.000000	  1.00000000	  1.00000000	 -0.00000000	  1.00000000	  0.00000000	  1.00000000
   -183.8939	   -183.8939	-0.0000	-0.000000	-0.000000	  1.00000000	  1.00000000	 -0.00000000	  1.00000000	  0.00000000	  1.00000000
   -182.4257	   -182.4257	-0.0000	-0.000000	 0.000000	  1.00000000	  1.00000000	  0.00000000	  1.00000000	  0.00000000	  1.00000000
   -180.9692	   -180.9692	 0.0000	 0.000000	 0.000000	  1.00000000	  1.00000000	 -0.00000000	  1.00000000	  0.00000000	  1.00000000
   -179.5243	   -179.5243	-0.0000	 0.000000	-0.000000	  1.00000000	  1.00000000	 -0.00000000	  1.00000000	  0.00000000	  1.00000000
   -178.0910	   -178.0910	 0.0000	-0.000000	 0.000000	  1.00000000	  1.00000000	 -0.00000000	  1.00000000	  0.00000000	  1.00000000
   -176.6691	   -176.6691	-0.0000	-0.000000	-0.000000	  1.00000000	  1.00000000	  0.00000000	  1.00000000	  0.00000000	  1.00000000
   -175.2586	   -175.2586	-0.0000	 0.000000	 0.000000	  1.00000000	  1.00000000	 -0.00000000	  1.00000000	  0.00000000	  1.00000000
   -173.8593	   -173.8593	 0.0000	 0.000000	-0.000000	  1.00000000	  1.00000000	 -0.00000000	  1.00000000	  0.00000000	  1.00000000
   -172.4712	   -172.4712	-0.0000	-0.000000	-0.000000	  1.00000000	  1.00000000	  0.00000000	  1.00000000	  0.00000000	  1.00000000
   -171.0942	   -171.0942	 0.0000	-0.000000	 0.000000	  1.00000000	  1.00000000	  0.00000000	  1.00000000	  0.00000000	  1.00000000
   -169.7282	   -169.7282	-0.0000	 0.000000	 0.000000	  1.00000000	  1.00000000	 -0.00000000	  1.00000000	  0.00000000	  1.00000000
   -168.3731	   -168.3731	 0.0000	 0.000000	-0.000000	  1.00000000	  1.00000000	 -0.00000000	  1.00000000	  0.00000000	  1.00000000
   -167.0288	   -167.0288	-0.0000	 0.000000	-0.000000	  1.00000000	  1.00000000	 -0.00000000	  1.00000000	  0.00000000	  1.00000000
   -165.6952	   -165.6952	 0.0000	 0.000000	-0.000000	  1.00000000	  1.00000000	 -0.00000000	  1.00000000	  0.00000000	  1.00000000
   -164.3723	   -164.3723	-0.0000	 0.000000	 0.000000	  1.00000000	  1.00000000	  0.00000000	  1.00000000	  0.00000000	  1.00000000
   -163.0600	   -163.0600	 0.0000	 0.000000	 0.000000	  1.00000000	  1.00000000	  0.00000000	  1.00000000	  0.00000000	  1.00000000
   -161.7581	   -161.7581	 0.0000	 0.000000	 0.000000	  1.00000000	  1.00000000	  0.00000000	  1.00000000	  0.00000000	  1.00000000
   -160.4666	   -160.4666	 0.0000	 0.000000	 0.000000	  1.00000000	  1.00000000	  0.00000000	  1.00000000	  0.00000000	  1.00000000
   -159.1855	   -159.1855	 0.0000	 0.000000	 0.000000	  1.00000000	  1.00000000	 -0.00000000	  1.00000000	  0.00000000	  1.00000000
   -157.9145	   -157.9145	 0.0000	 0.000000	 0.000000	  1.00000000	  1.00000000	  0.00000000	  1.00000000	  0.00000000	  1.00000000
   -156.6537	   -156.6537	 0.0000	 0.000000	 0.000000	  1.00000000	  1.00000000	  0.00000000	  1.00000000	  0.00000000	  1.00000000
   -155.4030	   -155.4030	 0.0000	 0.000000	 0.000000	  1.00000000	  1.00000000	  0.00000000	  1.00000000	  0.00000000	  1.00000000
   -154.1623	   -154.1623	 0.0000	 0.000000	 0.000000	  1.00000000	  1.00000000	  0.00000000	  1.00000000	  0.00000000	  1.00000000
   -152.9315	   -152.9315	 0.0000	 0.000000	 0.000000	  1.00000000	  1.00000000	  0.00000000	  1.00000000	  0.00000000	  1.00000000
   -151.7104	   -151.7104	 0.0000	 0.000000	 0.000000	  1.00000000	  1.00000000	  0.00000000	  1.00000000	  0.00000000	  1.00000000
   -150.4992	   -150.4992	 0.0000	 0.000000	 0.000000	  1.00000000	  1.00000000	  0.00000000	  1.00000000	  0.00000000	  1.00000000
   -149.2976	   -149.2976	 0.0000	 0.000000	 0.000000	  1.00000000	  1.00000000	  0.00000000	  1.00000000	  0.00000000	  1.00000000
   -148.1056	   -148.1056	 0.0000	 0.000000	 0.000000	  1.00000000	  1.00000000	  0.00000000	  1.00000000	  0.00000000	  1.00000000
   -146.9231	   -146.9231	 0.0000	 0.000000	 0.000000	  1.00000000	  1.00000000	  0.00000000	  1.00000000	  0.00000000	  1.00000000
   -145.7501	   -145.7501	 0.0000	 0.000000	 0.000000	  1.00000000	  1.00000000	  0.00000000	  1.00000000	  0.00000000	  1.00000000
   -144.5864	   -144.5864	 0.0000	 0.000000	 0.000000	  1.00000000	  1.00000000	  0.00000000	  1.00000000	  0.00000000	  1.00000000
   -143.4321	   -143.4321	 0.0000	 0.000000	 0.000000	  1.00000000	  1.00000000	  0.00000000	  1.00000000	  0.00000000	  1.00000000
   -142.2869	   -142.2869	 0.0000	 0.000000	 0.000000	  1.00000000	  1.00000000	  0.00000000	  1.00000000	  0.00000000	  1.00000000
   -141.1509	   -141.1509	 0.0000	 0.000000	 0.000000	  1.00000000	  1.00000000	  0.00000000	  1.00000000	  0.00000000	  1.00000000
   -140.0239	   -140.0239	 0.0000	 0.000000	 0.000000	  1.00000000	  0.99999999	  0.00000000	  0.99999999	  0.00000000	  1.00000000
   -138.9060	   -138.9060	 0.0000	 0.000000	 0.000000	  0.99999999	  0.99999999	  0.00000000	  0.99999999	  0.00000000	  1.00000000
   -137.7970	   -137.7970	 0.0000	 0.000000	 0.000000	  0.99999999	  0.99999998	  0.00000000	  0.99999998	  0.00000000	  1.00000000
   -136.6968	   -136.6968	 0.0000	 0.000000	 0.000000	  0.99999998	  0.99999997	  0.00000000	  0.99999997	  0.00000000	  1.00000000
   -135.6054	   -135.6054	 0.0000	 0.000000	 0.000000	  0.99999996	  0.99999996	  0.00000001	  0.99999996	  0.00000000	  1.00000000
   -134.5227	   -134.5227	 0.0000	 0.000000	 0.000000	  0.99999994	  0.99999993	  0.00000001	  0.99999993	  0.00000000	  1.00000000
   -133.4487	   -133.4487	 0.0000	 0.000000	 0.000000	  0.99999990	  0.99999988	  0.00000002	  0.99999988	  0.00000000	  1.00000000
   -132.3832	   -132.3832	 0.0000	 0.000000	 0.000000	  0.99999984	  0.99999980	  0.00000003	  0.99999980	  0.00000000	  1.00000000
   -131.3263	   -131.3263	 0.0000	 0.000000	 0.000000	  0.99999973	  0.99999968	  0.00000005	  0.99999968	  0.00000000	  1.00000000
   -130.2778	   -130.2778	 0.0000	 0.000000	 0.000000	  0.99999957	  0.99999949	  0.00000008	  0.99999949	  0.00000000	  1.00000000
   -129.2376	   -129.2376	 0.0000	 0.000001	 0.000000	  0.99999931	  0.99999918	  0.00000013	  0.99999918	  0.00000000	  1.00000000
   -128.2058	   -128.2058	 0.0000	 0.000001	 0.000000	  0.99999891	  0.99999871	  0.00000020	  0.99999871	  0.00000000	  1.00000000
   -127.1822	   -127.1822	 0.0000	 0.000002	 0.000001	  0.99999829	  0.99999799	  0.00000030	  0.99999799	  0.00000000	  1.00000000
   -126.1668	   -126.1668	 0.0000	 0.000003	 0.000001	  0.99999734	  0.99999689	  0.00000045	  0.99999689	  0.00000000	  1.00000000
   -125.1595	   -125.1595	 0.0000	 0.000004	 0.000002	  0.99999590	  0.99999523	  0.00000067	  0.99999523	  0.00000000	  1.00000000
   -124.1602	   -124.1602	 0.0000	 0.000006	 0.000002	  0.99999374	  0.99999275	  0.00000099	  0.99999275	  0.00000000	  1.00000000
   -123.1689	   -123.1689	 0.0000	 0.000009	 0.000004	  0.99999053	  0.99998908	  0.00000145	  0.99998908	  0.00000000	  1.00000000
   -122.1855	   -122.1855	 0.0000	 0.000013	 0.000005	  0.99998580	  0.99998370	  0.00000210	  0.99998370	  0.00000000	  1.00000000
   -121.2100	   -121.2099	 0.0000	 0.000020	 0.000008	  0.99997890	  0.99997590	  0.00000301	  0.99997590	  0.00000000	  1.00000000
   -120.2423	   -120.2422	 0.0000	 0.000029	 0.000011	  0.99996894	  0.99996468	  0.00000426	  0.99996468	  0.00000000	  1.00000000
   -119.2822	   -119.2821	 0.0000	 0.000042	 0.000016	  0.99995467	  0.99994871	  0.00000596	  0.99994871	  0.00000000	  1.00000000
   -118.3299	   -118.3297	 0.0001	 0.000060	 0.000023	  0.99993446	  0.99992619	  0.00000827	  0.99992619	  0.00000000	  1.00000000
   -117.3851	   -117.3849	 0.0001	 0.000086	 0.000032	  0.99990609	  0.99989475	  0.00001133	  0.99989475	  0.00000000	  1.00000000
   -116.4479	   -116.4476	 0.0001	 0.000122	 0.000045	  0.99986666	  0.99985129	  0.00001537	  0.99985129	  0.00000000	  1.00000000
   -115.5182	   -115.5177	 0.0002	 0.000170	 0.000061	  0.99981242	  0.99979182	  0.00002060	  0.99979182	  0.00000000	  1.00000000
   -114.5959	   -114.5952	 0.0002	 0.000236	 0.000083	  0.99973853	  0.99971123	  0.00002730	  0.99971123	  0.00000000	  1.00000000
   -113.6810	   -113.6800	 0.0003	 0.000325	 0.000112	  0.99963890	  0.99960315	  0.00003575	  0.99960315	  0.00000000	  1.00000000
   -112.7734	   -112.7720	 0.0005	 0.000442	 0.000149	  0.99950593	  0.99945967	  0.00004626	  0.99945967	  0.00000000	  1.00000000
   -111.8730	   -111.8711	 0.0006	 0.000597	 0.000196	  0.99933032	  0.99927120	  0.00005912	  0.99927120	  0.00000000	  1.00000000
   -110.9798	   -110.9772	 0.0008	 0.000797	 0.000256	  0.99910081	  0.99902620	  0.00007462	  0.99902620	  0.00000000	  1.00000000
   -110.0937	   -110.0902	 0.0011	 0.001056	 0.000330	  0.99880404	  0.99871109	  0.00009296	  0.99871109	  0.00000000	  1.00000000
   -109.2147	   -109.2100	 0.0015	 0.001384	 0.000421	  0.99842443	  0.99831015	  0.00011429	  0.99831015	  0.00000000	  1.00000000
   -108.3428	   -108.3365	 0.0019	 0.001798	 0.000532	  0.99794414	  0.99780553	  0.00013861	  0.99780553	  0.00000000	  1.00000000
   -107.4778	   -107.4694	 0.0025	 0.002314	 0.000663	  0.99734315	  0.99717736	  0.00016579	  0.99717736	  0.00000000	  1.00000000
   -106.6197	   -106.6088	 0.0032	 0.002949	 0.000819	  0.99659949	  0.99640399	  0.00019551	  0.99640399	  0.00000000	  1.00000000
   -105.7684	   -105.7542	 0.0040	 0.003722	 0.000999	  0.99568963	  0.99546240	  0.00022722	  0.99546240	  0.00000000	  1.00000000
   -104.9239	   -104.9057	 0.0050	 0.004655	 0.001206	  0.99458897	  0.99432876	  0.00026021	  0.99432876	  0.00000000	  1.00000000
   -104.0862	   -104.0629	 0.0063	 0.005767	 0.001439	  0.99327263	  0.99297908	  0.00029355	  0.99297908	  0.00000000	  1.00000000
   -103.2552	   -103.2256	 0.0077	 0.007078	 0.001699	  0.99171617	  0.99139000	  0.00032617	  0.99139000	  0.00000000	  1.00000000
   -102.4308	   -102.3936	 0.0094	 0.008607	 0.001983	  0.98989661	  0.98953971	  0.00035690	  0.98953971	  0.00000000	  1.00000000
   -101.6130	   -101.5666	 0.0113	 0.010371	 0.002290	  0.98779333	  0.98740876	  0.00038457	  0.98740876	  0.00000000	  1.00000000
   -100.8017	   -100.7443	 0.0135	 0.012386	 0.002616	  0.98538899	  0.98498091	  0.00040808	  0.98498091	  0.00000000	  1.00000000
    -99.9969	    -99.9265	 0.0161	 0.014664	 0.002958	  0.98267036	  0.98224388	  0.00042648	  0.98224388	  0.00000000	  1.00000000
    -99.1986	    -99.1128	 0.0189	 0.017213	 0.003310	  0.97962892	  0.97918988	  0.00043905	  0.97918988	  0.00000000	  1.00000000
    -98.4066	    -98.3030	 0.0220	 0.020038	 0.003668	  0.97626127	  0.97581590	  0.00044537	  0.97581590	  0.00000000	  1.00000000
    -97.6209	    -97.4967	 0.0254	 0.023140	 0.004028	  0.97256926	  0.97212392	  0.00044534	  0.97212392	  0.00000000	  1.00000000
    -96.8415	    -96.6937	 0.0292	 0.026518	 0.004383	  0.96855980	  0.96812063	  0.00043917	  0.96812063	  0.00000000	  1.00000000
    -96.0683	    -95.8936	 0.0332	 0.030164	 0.004730	  0.96424454	  0.96381717	  0.00042736	  0.96381717	  0.00000000	  1.00000000
    -95.3013	    -95.0963	 0.0376	 0.034070	 0.005064	  0.95963918	  0.95922853	  0.00041064	  0.95922853	  0.00000000	  1.00000000
    -94.5404	    -94.3014	 0.0422	 0.038224	 0.005383	  0.95476275	  0.95437285	  0.00038990	  0.95437285	  0.00000000	  1.00000000
    -93.7856	    -93.5088	 0.0471	 0.042612	 0.005683	  0.94963678	  0.94927066	  0.00036612	  0.94927066	  0.00000000	  1.00000000
    -93.0368	    -92.7181	 0.0522	 0.047217	 0.005962	  0.94428438	  0.94394409	  0.00034028	  0.94394409	  0.00000000	  1.00000000
    -92.2940	    -91.9291	 0.0576	 0.052025	 0.006220	  0.93872946	  0.93841612	  0.00031334	  0.93841612	  0.00000000	  1.00000000
    -91.5571	    -91.1418	 0.0631	 0.057017	 0.006456	  0.93299600	  0.93270987	  0.00028613	  0.93270987	  0.00000000	  1.00000000
    -90.8261	    -90.3558	 0.0689	 0.062177	 0.006670	  0.92710739	  0.92684802	  0.00025937	  0.92684802	  0.00000000	  0.99873496
    -90.1010	    -89.5711	 0.0748	 0.067489	 0.006863	  0.92108596	  0.92085235	  0.00023361	  0.92085235	  0.00000000	  0.99010977
    -89.3816	    -88.7875	 0.0808	 0.072937	 0.007037	  0.91495264	  0.91474335	  0.00020930	  0.91474335	  0.00000000	  0.98157111
    -88.6680	    -88.0049	 0.0870	 0.078506	 0.007192	  0.90872671	  0.90854002	  0.00018669	  0.90854002	  0.00000000	  0.97311669
    -87.9601	    -87.2232	 0.0934	 0.084184	 0.007330	  0.90242567	  0.90225970	  0.00016597	  0.90225970	  0.00000000	  0.96474444
    -87.2578	    -86.4422	 0.0998	 0.089957	 0.007452	  0.89606525	  0.89591806	  0.00014719	  0.89591806	  0.00000000	  0.95645247
    -86.5611	    -85.6620	 0.1063	 0.095815	 0.007560	  0.88965939	  0.88952906	  0.00013033	  0.88952906	  0.00000000	  0.94823906
    -85.8700	    -84.8823	 0.1129	 0.101747	 0.007656	  0.88322038	  0.88310506	  0.00011531	  0.88310506	  0.00000000	  0.94010263
    -85.1844	    -84.1032	 0.1196	 0.107745	 0.007740	  0.87675894	  0.87665691	  0.00010203	  0.87665691	  0.00000000	  0.93204172
    -84.5043	    -83.3247	 0.1264	 0.113802	 0.007815	  0.87028439	  0.87019406	  0.00009033	  0.87019406	  0.00000000	  0.92405500
    -83.8296	    -82.5465	 0.1332	 0.119909	 0.007881	  0.86380479	  0.86372471	  0.00008008	  0.86372471	  0.00000000	  0.91614124
    -83.1603	    -81.7688	 0.1401	 0.126063	 0.007940	  0.85732706	  0.85725595	  0.00007111	  0.85725595	  0.00000000	  0.90829927
    -82.4964	    -80.9914	 0.1470	 0.132256	 0.007992	  0.85085716	  0.85079389	  0.00006327	  0.85079389	  0.00000000	  0.90052802
    -81.8377	    -80.2143	 0.1539	 0.138485	 0.008039	  0.84440019	  0.84434375	  0.00005644	  0.84434375	  0.00000000	  0.89282647
    -81.1843	    -79.4376	 0.1609	 0.144745	 0.008080	  0.83796050	  0.83791003	  0.00005047	  0.83791003	  0.00000000	  0.88519367
    -80.5362	    -78.6611	 0.1679	 0.151034	 0.008117	  0.83154182	  0.83149657	  0.00004525	  0.83149657	  0.00000000	  0.87762870
    -79.8932	    -77.8848	 0.1750	 0.157348	 0.008151	  0.82514733	  0.82510665	  0.00004069	  0.82510665	  0.00000000	  0.87013071
    -79.2553	    -77.1088	 0.1821	 0.163685	 0.008180	  0.81877977	  0.81874308	  0.00003669	  0.81874308	  0.00000000	  0.86269887
    -78.6225	    -76.3330	 0.1892	 0.170043	 0.008208	  0.81244144	  0.81240827	  0.00003317	  0.81240827	  0.00000000	  0.85533238
    -77.9948	    -75.5573	 0.1963	 0.176419	 0.008232	  0.80613433	  0.80610426	  0.00003007	  0.80610426	  0.00000000	  0.84803050
    -77.3721	    -74.7818	 0.2034	 0.182811	 0.008254	  0.79986014	  0.79983281	  0.00002732	  0.79983281	  0.00000000	  0.84079248
    -76.7544	    -74.0065	 0.2106	 0.189219	 0.008275	  0.79362030	  0.79359541	  0.00002489	  0.79359541	  0.00000000	  0.83361762
    -76.1415	    -73.2313	 0.2178	 0.195641	 0.008293	  0.78741606	  0.78739334	  0.00002273	  0.78739334	  0.00000000	  0.82650523
    -75.5336	    -72.4562	 0.2250	 0.202075	 0.008310	  0.78124847	  0.78122767	  0.00002080	  0.78122767	  0.00000000	  0.81945465
    -74.9306	    -71.6813	 0.2322	 0.208521	 0.008325	  0.77511840	  0.77509933	  0.00001907	  0.77509933	  0.00000000	  0.81246522
    -74.3323	    -70.9064	 0.2394	 0.214978	 0.008339	  0.76902662	  0.76900911	  0.00001751	  0.76900911	  0.00000000	  0.80553632
    -73.7389	    -70.1316	 0.2467	 0.221444	 0.008352	  0.76297377	  0.76295765	  0.00001612	  0.76295765	  0.00000000	  0.79866733
    -73.1501	    -69.3569	 0.2539	 0.227919	 0.008364	  0.75696037	  0.75694551	  0.00001485	  0.75694551	  0.00000000	  0.79185765
    -72.5661	    -68.5823	 0.2612	 0.234403	 0.008376	  0.75098686	  0.75097316	  0.00001371	  0.75097316	  0.00000000	  0.78510669
    -71.9867	    -67.8078	 0.2685	 0.240894	 0.008386	  0.74505362	  0.74504095	  0.00001267	  0.74504095	  0.00000000	  0.77841388
    -71.4120	    -67.0333	 0.2758	 0.247393	 0.008395	  0.73916093	  0.73914921	  0.00001172	  0.73914921	  0.00000000	  0.77177865
    -70.8418	    -66.2589	 0.2831	 0.253897	 0.008404	  0.73330904	  0.73329818	  0.00001086	  0.73329818	  0.00000000	  0.76520045
    -70.2762	    -65.4845	 0.2904	 0.260408	 0.008412	  0.72749811	  0.72748804	  0.00001007	  0.72748804	  0.00000000	  0.75867873
    -69.7151	    -64.7102	 0.2977	 0.266925	 0.008420	  0.72172829	  0.72171895	  0.00000934	  0.72171895	  0.00000000	  0.75221296
    -69.1585	    -63.9359	 0.3050	 0.273447	 0.008426	  0.71599966	  0.71599098	  0.00000868	  0.71599098	  0.00000000	  0.74580261
    -68.6064	    -63.1616	 0.3124	 0.279974	 0.008433	  0.71031227	  0.71030421	  0.00000806	  0.71030421	  0.00000000	  0.73944717
    -68.0586	    -62.3874	 0.3197	 0.286505	 0.008439	  0.70466616	  0.70465866	  0.00000750	  0.70465866	  0.00000000	  0.73314613
    -67.5152	    -61.6132	 0.3271	 0.293041	 0.008445	  0.69906130	  0.69905432	  0.00000698	  0.69905432	  0.00000000	  0.72689898
    -66.9762	    -60.8390	 0.3344	 0.299580	 0.008450	  0.69349766	  0.69349117	  0.00000649	  0.69349117	  0.00000000	  0.72070524
    -66.4415	    -60.0649	 0.3418	 0.306124	 0.008455	  0.68797519	  0.68796914	  0.00000605	  0.68796914	  0.00000000	  0.71456442
    -65.9110	    -59.2907	 0.3492	 0.312671	 0.008459	  0.68249380	  0.68248817	  0.00000563	  0.68248817	  0.00000000	  0.70847603
    -65.3848	    -58.5166	 0.3565	 0.319221	 0.008463	  0.67705339	  0.67704814	  0.00000525	  0.67704814	  0.00000000	  0.70243961
    -64.8627	    -57.7425	 0.3639	 0.325774	 0.008467	  0.67165385	  0.67164896	  0.00000489	  0.67164896	  0.00000000	  0.69645469
    -64.3449	    -56.9683	 0.3713	 0.332330	 0.008471	  0.66629504	  0.66629049	  0.00000455	  0.66629049	  0.00000000	  0.69052080
    -63.8311	    -56.1942	 0.3787	 0.338889	 0.008474	  0.66097682	  0.66097258	  0.00000424	  0.66097258	  0.00000000	  0.68463749
    -63.3215	    -55.4201	 0.3861	 0.345451	 0.008478	  0.65569904	  0.65569509	  0.00000395	  0.65569509	  0.00000000	  0.67880431
    -62.8160	    -54.6460	 0.3935	 0.352014	 0.008480	  0.65046151	  0.65045784	  0.00000368	  0.65045784	  0.00000000	  0.67302081
    -62.3144	    -53.8719	 0.4009	 0.358580	 0.008483	  0.64526408	  0.64526066	  0.00000342	  0.64526066	  0.00000000	  0.66728657
    -61.8169	    -53.0977	 0.4083	 0.365149	 0.008486	  0.64010654	  0.64010336	  0.00000318	  0.64010336	  0.00000000	  0.66160113
    -61.3234	    -52.3236	 0.4158	 0.371719	 0.008488	  0.63498871	  0.63498575	  0.00000296	  0.63498575	  0.00000000	  0.65596409
    -60.8338	    -51.5494	 0.4232	 0.378291	 0.008490	  0.62991038	  0.62990763	  0.00000275	  0.62990763	  0.00000000	  0.65037500
    -60.3481	    -50.7753	 0.4306	 0.384864	 0.008492	  0.62487134	  0.62486879	  0.00000255	  0.62486879	  0.00000000	  0.64483345
    -59.8662	    -50.0011	 0.4380	 0.391440	 0.008494	  0.61987138	  0.61986902	  0.00000236	  0.61986902	  0.00000000	  0.63933902
    -59.3883	    -49.2269	 0.4455	 0.398016	 0.008496	  0.61491028	  0.61490809	  0.00000219	  0.61490809	  0.00000000	  0.63389131
    -58.9141	    -48.4527	 0.4529	 0.404595	 0.008498	  0.60998781	  0.60998579	  0.00000202	  0.60998579	  0.00000000	  0.62848991
    -58.4437	    -47.6785	 0.4604	 0.411174	 0.008499	  0.60510376	  0.60510189	  0.00000187	  0.60510189	  0.00000000	  0.62313442
    -57.9771	    -46.9043	 0.4678	 0.417755	 0.008501	  0.60025788	  0.60025615	  0.00000172	  0.60025615	  0.00000000	  0.61782444
    -57.5142	    -46.1300	 0.4753	 0.424338	 0.008502	  0.59544994	  0.59544835	  0.00000158	  0.59544835	  0.00000000	  0.61255957
    -57.0550	    -45.3557	 0.4827	 0.430921	 0.008503	  0.59067970	  0.59067825	  0.00000145	  0.59067825	  0.00000000	  0.60733943
    -56.5995	    -44.5814	 0.4902	 0.437505	 0.008504	  0.58594693	  0.58594561	  0.00000133	  0.58594561	  0.00000000	  0.60216363
    -56.1476	    -43.8071	 0.4976	 0.444090	 0.008505	  0.58125139	  0.58125018	  0.00000121	  0.58125018	  0.00000000	  0.59703179
    -55.6993	    -43.0328	 0.5051	 0.450677	 0.008506	  0.57659282	  0.57659172	  0.00000110	  0.57659172	  0.00000000	  0.59194353
    -55.2546	    -42.2584	 0.5126	 0.457264	 0.008507	  0.57197099	  0.57197000	  0.00000100	  0.57197000	  0.00000000	  0.58689848
    -54.8135	    -41.4840	 0.5200	 0.463852	 0.008508	  0.56738565	  0.56738475	  0.00000090	  0.56738475	  0.00000000	  0.58189626
    -54.3759	    -40.7096	 0.5275	 0.470440	 0.008508	  0.56283655	  0.56283575	  0.00000080	  0.56283575	  0.00000000	  0.57693651
    -53.9417	    -39.9351	 0.5350	 0.477030	 0.008509	  0.55832345	  0.55832273	  0.00000071	  0.55832273	  0.00000000	  0.57201887
    -53.5110	    -39.1606	 0.5425	 0.483620	 0.008509	  0.55384609	  0.55384546	  0.00000063	  0.55384546	  0.00000000	  0.56714298
    -53.0838	    -38.3861	 0.5500	 0.490210	 0.008510	  0.54940422	  0.54940367	  0.00000055	  0.54940367	  0.00000000	  0.56230847
    -52.6600	    -37.6116	 0.5575	 0.496802	 0.008510	  0.54499760	  0.54499713	  0.00000047	  0.54499713	  0.00000000	  0.55751500
    -52.2396	    -36.8370	 0.5649	 0.503393	 0.008510	  0.54062598	  0.54062558	  0.00000040	  0.54062558	  0.00000000	  0.55276221
    -51.8225	    -36.0625	 0.5724	 0.509986	 0.008511	  0.53628911	  0.53628878	  0.00000033	  0.53628878	  0.00000000	  0.54804977
    -51.4087	    -35.2878	 0.5799	 0.516578	 0.008511	  0.53198673	  0.53198647	  0.00000027	  0.53198647	  0.00000000	  0.54337732
    -50.9983	    -34.5132	 0.5874	 0.523171	 0.008511	  0.52771861	  0.52771840	  0.00000020	  0.52771840	  0.00000000	  0.53874452
    -50.5911	    -33.7385	 0.5949	 0.529765	 0.008511	  0.52348448	  0.52348434	  0.00000015	  0.52348434	  0.00000000	  0.53415105
    -50.1872	    -32.9638	 0.6024	 0.536359	 0.008511	  0.51928411	  0.51928402	  0.00000009	  0.51928402	  0.00000000	  0.52959655
    -49.7865	    -32.1890	 0.6099	 0.542953	 0.008511	  0.51511723	  0.51511720	  0.00000004	  0.51511720	  0.00000000	  0.52508071
    -49.3890	    -31.4143	 0.6175	 0.549547	 0.008511	  0.51098362	  0.51098364	 -0.00000001	  0.51098364	  0.00000000	  0.52060320
    -48.9947	    -30.6395	 0.6250	 0.556142	 0.008511	  0.50688302	  0.50688308	 -0.00000006	  0.50688308	  0.00000000	  0.51616368
    -48.6035	    -29.8646	 0.6325	 0.562737	 0.008511	  0.50281518	  0.50281528	 -0.00000011	  0.50281528	  0.00000000	  0.51176184
    -48.2155	    -29.0898	 0.6400	 0.569332	 0.008511	  0.49877985	  0.49878001	 -0.00000015	  0.49878001	  0.00000000	  0.50739736
    -47.8305	    -28.3149	 0.6475	 0.575928	 0.008511	  0.49477681	  0.49477700	 -0.00000019	  0.49477700	  0.00000000	  0.50306992
    -47.4486	    -27.5399	 0.6550	 0.582523	 0.008511	  0.49080579	  0.49080603	 -0.00000023	  0.49080603	  0.00000000	  0.49877921
    -47.0698	    -26.7649	 0.6626	 0.589119	 0.008511	  0.48686657	  0.48686684	 -0.00000027	  0.48686684	  0.00000000	  0.49452491
    -46.6940	    -25.9899	 0.6701	 0.595715	 0.008511	  0.48295889	  0.48295920	 -0.00000031	  0.48295920	  0.00000000	  0.49030672
    -46.3212	    -25.2149	 0.6776	 0.602310	 0.008510	  0.47908253	  0.47908287	 -0.00000034	  0.47908287	  0.00000000	  0.48612434
    -45.9514	    -24.4398	 0.6852	 0.608906	 0.008510	  0.47523723	  0.47523761	 -0.00000037	  0.47523761	  0.00000000	  0.48197745
    -45.5845	    -23.6647	 0.6927	 0.615502	 0.008510	  0.47142277	  0.47142317	 -0.00000041	  0.47142317	  0.00000000	  0.47786577
    -45.2205	    -22.8896	 0.7002	 0.622098	 0.008509	  0.46763890	  0.46763933	 -0.00000044	  0.46763933	  0.00000000	  0.47378899
    -44.8595	    -22.1144	 0.7078	 0.628694	 0.008509	  0.46388539	  0.46388585	 -0.00000046	  0.46388585	  0.00000000	  0.46974681
    -44.5013	    -21.3392	 0.7153	 0.635291	 0.008509	  0.46016200	  0.46016249	 -0.00000049	  0.46016249	  0.00000000	  0.46573895
    -44.1460	    -20.5640	 0.7228	 0.641887	 0.008508	  0.45646851	  0.45646903	 -0.00000052	  0.45646903	  0.00000000	  0.46176512
    -43.7936	    -19.7887	 0.7304	 0.648483	 0.008508	  0.45280469	  0.45280523	 -0.00000054	  0.45280523	  0.00000000	  0.45782502
    -43.4439	    -19.0134	 0.7379	 0.655079	 0.008507	  0.44917029	  0.44917085	 -0.00000056	  0.44917085	  0.00000000	  0.45391838
    -43.0971	    -18.2381	 0.7455	 0.661675	 0.008507	  0.44556510	  0.44556568	 -0.00000059	  0.44556568	  0.00000000	  0.45004490
    -42.7530	    -17.4627	 0.7530	 0.668270	 0.008507	  0.44198888	  0.44198948	 -0.00000061	  0.44198948	  0.00000000	  0.44620432
    -42.4116	    -16.6873	 0.7606	 0.674866	 0.008506	  0.43844141	  0.43844204	 -0.00000063	  0.43844204	  0.00000000	  0.44239636
    -42.0730	    -15.9119	 0.7681	 0.681462	 0.008506	  0.43492247	  0.43492311	 -0.00000065	  0.43492311	  0.00000000	  0.43862073
    -41.7371	    -15.1364	 0.7757	 0.688057	 0.008505	  0.43143182	  0.43143249	 -0.00000066	  0.43143249	  0.00000000	  0.43487716
    -41.4039	    -14.3609	 0.7833	 0.694653	 0.008505	  0.42796926	  0.42796994	 -0.00000068	  0.42796994	  0.00000000	  0.43116539
    -41.0733	    -13.5854	 0.7908	 0.701248	 0.008504	  0.42453455	  0.42453525	 -0.00000070	  0.42453525	  0.00000000	  0.42748515
    -40.7454	    -12.8098	 0.7984	 0.707843	 0.008503	  0.42112749	  0.42112820	 -0.00000071	  0.42112820	  0.00000000	  0.42383617
    -40.4201	    -12.0343	 0.8059	 0.714438	 0.008503	  0.41774785	  0.41774857	 -0.00000073	  0.41774857	  0.00000000	  0.42021818
    -40.0974	    -11.2586	 0.8135	 0.721033	 0.008502	  0.41439541	  0.41439615	 -0.00000074	  0.41439615	  0.00000000	  0.41663093
    -39.7772	    -10.4830	 0.8211	 0.727628	 0.008502	  0.41106996	  0.41107072	 -0.00000075	  0.41107072	  0.00000000	  0.41307416
    -39.4596	     -9.7073	 0.8286	 0.734222	 0.008501	  0.40777129	  0.40777206	 -0.00000077	  0.40777206	  0.00000000	  0.40954761
    -39.1446	     -8.9316	 0.8362	 0.740817	 0.008501	  0.40449919	  0.40449997	 -0.00000078	  0.40449997	  0.00000000	  0.40605103
    -38.8321	     -8.1558	 0.8438	 0.747411	 0.008500	  0.40125344	  0.40125423	 -0.00000079	  0.40125423	  0.00000000	  0.40258415
    -38.5220	     -7.3800	 0.8514	 0.754005	 0.008499	  0.39803384	  0.39803464	 -0.00000080	  0.39803464	  0.00000000	  0.39914674
    -38.2145	     -6.6042	 0.8589	 0.760598	 0.008499	  0.39484018	  0.39484099	 -0.00000081	  0.39484099	  0.00000000	  0.39573854
    -37.9094	     -5.8283	 0.8665	 0.767192	 0.008498	  0.39167225	  0.39167307	 -0.00000082	  0.39167307	  0.00000000	  0.39235931
    -37.6067	     -5.0525	 0.8741	 0.773785	 0.008497	  0.38852985	  0.38853067	 -0.00000083	  0.38853067	  0.00000000	  0.38900881
    -37.3064	     -4.2766	 0.8817	 0.780378	 0.008497	  0.38541277	  0.38541361	 -0.00000084	  0.38541361	  0.00000000	  0.38568678
    -37.0086	     -3.5006	 0.8893	 0.786971	 0.008496	  0.38232082	  0.38232166	 -0.00000084	  0.38232166	  0.00000000	  0.38239300
    -36.7131	     -2.7247	 0.8968	 0.793563	 0.008495	  0.37925379	  0.37925464	 -0.00000085	  0.37925464	  0.00000000	  0.37912722
    -36.4200	     -1.9487	 0.9044	 0.800155	 0.008495	  0.37621148	  0.37621234	 -0.00000086	  0.37621234	  0.00000000	  0.37588921
    -36.1292	     -1.1726	 0.9120	 0.806747	 0.008494	  0.37319370	  0.37319456	 -0.00000086	  0.37319456	  0.00000000	  0.37267873
    -35.8408	     -0.3966	 0.9196	 0.813339	 0.008493	  0.37020025	  0.37020112	 -0.00000087	  0.37020112	  0.00000000	  0.36949556
    -35.5546	      0.3795	 0.9272	 0.819930	 0.008493	  0.36723094	  0.36723181	 -0.00000088	  0.36723181	  0.00000000	  0.36633945
    -35.2707	      1.1556	 0.9348	 0.826521	 0.008492	  0.36428557	  0.36428645	 -0.00000088	  0.36428645	  0.00000000	  0.36321019
    -34.9891	      1.9318	 0.9424	 0.833112	 0.008491	  0.36136395	  0.36136484	 -0.00000089	  0.36136484	  0.00000000	  0.36010754
    -34.7098	      2.7079	 0.9500	 0.839703	 0.008491	  0.35846589	  0.35846679	 -0.00000089	  0.35846679	  0.00000000	  0.35703129
    -34.4327	      3.4841	 0.9576	 0.846293	 0.008490	  0.35559121	  0.35559211	 -0.00000090	  0.35559211	  0.00000000	  0.35398121
    -34.1578	      4.2604	 0.9652	 0.852883	 0.008489	  0.35273971	  0.35274061	 -0.00000090	  0.35274061	  0.00000000	  0.35095708
    -33.8850	      5.0366	 0.9728	 0.859473	 0.008489	  0.34991121	  0.34991211	 -0.00000090	  0.34991211	  0.00000000	  0.34795868
    -33.6145	      5.8129	 0.9804	 0.866062	 0.008488	  0.34710553	  0.34710643	 -0.00000091	  0.34710643	  0.00000000	  0.34498579
    -33.3461	      6.5892	 0.9880	 0.872651	 0.008487	  0.34432247	  0.34432338	 -0.00000091	  0.34432338	  0.00000000	  0.34203820
    -33.0799	      7.3655	 0.9956	 0.879239	 0.008487	  0.34156187	  0.34156278	 -0.00000091	  0.34156278	  0.00000000	  0.33911570
    -32.8158	      8.1419	 1.0032	 0.885828	 0.008486	  0.33882353	  0.33882444	 -0.00000091	  0.33882444	  0.00000000	  0.33621807
    -32.5538	      8.9183	 1.0108	 0.892416	 0.008485	  0.33610729	  0.33610820	 -0.00000092	  0.33610820	  0.00000000	  0.33334510
    -32.2939	      9.6947	 1.0184	 0.899003	 0.008484	  0.33341295	  0.33341387	 -0.00000092	  0.33341387	  0.00000000	  0.33049659
    -32.0360	     10.4711	 1.0260	 0.905591	 0.008484	  0.33074035	  0.33074127	 -0.00000092	  0.33074127	  0.00000000	  0.32767234
    -31.7803	     11.2476	 1.0336	 0.912178	 0.008483	  0.32808932	  0.32809024	 -0.00000092	  0.32809024	  0.00000000	  0.32487212
    -31.5265	     12.0241	 1.0413	 0.918764	 0.008482	  0.32545967	  0.32546059	 -0.00000092	  0.32546059	  0.00000000	  0.32209576
    -31.2748	     12.8006	 1.0489	 0.925351	 0.008482	  0.32285124	  0.32285216	 -0.00000092	  0.32285216	  0.00000000	  0.31934303
    -31.0251	     13.5771	 1.0565	 0.931937	 0.008481	  0.32026385	  0.32026477	 -0.00000092	  0.32026477	  0.00000000	  0.31661374
    -30.7774	     14.3537	 1.0641	 0.938522	 0.008480	  0.31769733	  0.31769825	 -0.00000092	  0.31769825	  0.00000000	  0.31390770
    -30.5317	     15.1303	 1.0717	 0.945107	 0.008479	  0.31515152	  0.31515244	 -0.00000092	  0.31515244	  0.00000000	  0.31122471
    -30.2879	     15.9069	 1.0793	 0.951692	 0.008479	  0.31262625	  0.31262718	 -0.00000092	  0.31262718	  0.00000000	  0.30856457
    -30.0461	     16.6835	 1.0870	 0.958277	 0.008478	  0.31012136	  0.31012228	 -0.00000092	  0.31012228	  0.00000000	  0.30592709
    -29.8062	     17.4601	 1.0946	 0.964861	 0.008477	  0.30763667	  0.30763759	 -0.00000092	  0.30763759	  0.00000000	  0.30331209
    -29.5682	     18.2368	 1.1022	 0.971444	 0.008477	  0.30517203	  0.30517295	 -0.00000092	  0.30517295	  0.00000000	  0.30071936
    -29.3322	     19.0135	 1.1098	 0.978028	 0.008476	  0.30272727	  0.30272819	 -0.00000092	  0.30272819	  0.00000000	  0.29814873
    -29.0980	     19.7902	 1.1175	 0.984611	 0.008475	  0.30030224	  0.30030316	 -0.00000092	  0.30030316	  0.00000000	  0.29560000
    -28.8657	     20.5669	 1.1251	 0.991193	 0.008474	  0.29789677	  0.29789769	 -0.00000092	  0.29789769	  0.00000000	  0.29307299
    -28.6352	     21.3437	 1.1327	 0.997776	 0.008474	  0.29551071	  0.29551162	 -0.00000092	  0.29551162	  0.00000000	  0.29056752
    -28.4066	     22.1205	 1.1404	 1.004357	 0.008473	  0.29314389	  0.29314481	 -0.00000092	  0.29314481	  0.00000000	  0.28808341
    -28.1798	     22.8973	 1.1480	 1.010939	 0.008472	  0.29079617	  0.29079709	 -0.00000091	  0.29079709	  0.00000000	  0.28562047
    -27.9548	     23.6741	 1.1556	 1.017520	 0.008472	  0.28846739	  0.28846831	 -0.00000091	  0.28846831	  0.00000000	  0.28317852
    -27.7316	     24.4509	 1.1633	 1.024101	 0.008471	  0.28615740	  0.28615831	 -0.00000091	  0.28615831	  0.00000000	  0.28075740
    -27.5102	     25.2278	 1.1709	 1.030681	 0.008470	  0.28386604	  0.28386695	 -0.00000091	  0.28386695	  0.00000000	  0.27835692
    -27.2906	     26.0046	 1.1785	 1.037261	 0.008469	  0.28159316	  0.28159407	 -0.00000091	  0.28159407	  0.00000000	  0.27597691
    -27.0727	     26.7815	 1.1862	 1.043840	 0.008469	  0.27933862	  0.27933953	 -0.00000090	  0.27933953	  0.00000000	  0.27361720
    -26.8565	     27.5584	 1.1938	 1.050419	 0.008468	  0.27710227	  0.27710317	 -0.00000090	  0.27710317	  0.00000000	  0.27127761
    -26.6421	     28.3353	 1.2014	 1.056998	 0.008467	  0.27488395	  0.27488485	 -0.00000090	  0.27488485	  0.00000000	  0.26895797
    -26.4294	     29.1123	 1.2091	 1.063576	 0.008467	  0.27268353	  0.27268442	 -0.00000090	  0.27268442	  0.00000000	  0.26665812
    -26.2184	     29.8892	 1.2167	 1.070154	 0.008466	  0.27050085	  0.27050175	 -0.00000089	  0.27050175	  0.00000000	  0.26437789
    -26.0090	     30.6662	 1.2244	 1.076732	 0.008465	  0.26833578	  0.26833667	 -0.00000089	  0.26833667	  0.00000000	  0.26211711
    -25.8014	     31.4432	 1.2320	 1.083309	 0.008465	  0.26618817	  0.26618906	 -0.00000089	  0.26618906	  0.00000000	  0.25987562
    -25.5954	     32.2202	 1.2397	 1.089885	 0.008464	  0.26405788	  0.26405877	 -0.00000089	  0.26405877	  0.00000000	  0.25765325
    -25.3910	     32.9972	 1.2473	 1.096462	 0.008463	  0.26194477	  0.26194565	 -0.00000088	  0.26194565	  0.00000000	  0.25544985
    -25.1883	     33.7742	 1.2550	 1.103037	 0.008462	  0.25984870	  0.25984958	 -0.00000088	  0.25984958	  0.00000000	  0.25326525
    -24.9872	     34.5512	 1.2626	 1.109613	 0.008462	  0.25776954	  0.25777041	 -0.00000088	  0.25777041	  0.00000000	  0.25109930
    -24.7877	     35.3283	 1.2703	 1.116188	 0.008461	  0.25570714	  0.25570801	 -0.00000087	  0.25570801	  0.00000000	  0.24895183
    -24.5898	     36.1054	 1.2779	 1.122763	 0.008460	  0.25366137	  0.25366224	 -0.00000087	  0.25366224	  0.00000000	  0.24682269
    -24.3935	     36.8824	 1.2856	 1.129337	 0.008460	  0.25163210	  0.25163296	 -0.00000087	  0.25163296	  0.00000000	  0.24471173
    -24.1987	     37.6595	 1.2932	 1.135910	 0.008459	  0.24961919	  0.24962005	 -0.00000086	  0.24962005	  0.00000000	  0.24261879
    -24.0055	     38.4366	 1.3009	 1.142484	 0.008458	  0.24762251	  0.24762337	 -0.00000086	  0.24762337	  0.00000000	  0.24054372
    -23.8139	     39.2137	 1.3085	 1.149057	 0.008458	  0.24564192	  0.24564278	 -0.00000086	  0.24564278	  0.00000000	  0.23848636
    -23.6237	     39.9909	 1.3162	 1.155629	 0.008457	  0.24367731	  0.24367816	 -0.00000085	  0.24367816	  0.00000000	  0.23644657
    -23.4351	     40.7680	 1.3239	 1.162201	 0.008456	  0.24172853	  0.24172938	 -0.00000085	  0.24172938	  0.00000000	  0.23442420
    -23.2480	     41.5452	 1.3315	 1.168773	 0.008456	  0.23979546	  0.23979631	 -0.00000085	  0.23979631	  0.00000000	  0.23241911
    -23.0624	     42.3223	 1.3392	 1.175344	 0.008455	  0.23787798	  0.23787882	 -0.00000084	  0.23787882	  0.00000000	  0.23043113
    -22.8783	     43.0995	 1.3468	 1.181915	 0.008454	  0.23597595	  0.23597679	 -0.00000084	  0.23597679	  0.00000000	  0.22846014
    -22.6956	     43.8767	 1.3545	 1.188485	 0.008454	  0.23408925	  0.23409009	 -0.00000083	  0.23409009	  0.00000000	  0.22650598
    -22.5144	     44.6538	 1.3622	 1.195055	 0.008453	  0.23221776	  0.23221859	 -0.00000083	  0.23221859	  0.00000000	  0.22456852
    -22.3347	     45.4310	 1.3698	 1.201625	 0.008453	  0.23036135	  0.23036218	 -0.00000083	  0.23036218	  0.00000000	  0.22264761
    -22.1563	     46.2082	 1.3775	 1.208194	 0.008452	  0.22851991	  0.22852073	 -0.00000082	  0.22852073	  0.00000000	  0.22074311
    -21.9794	     46.9854	 1.3852	 1.214762	 0.008451	  0.22669330	  0.22669412	 -0.00000082	  0.22669412	  0.00000000	  0.21885488
    -21.8040	     47.7627	 1.3928	 1.221330	 0.008451	  0.22488142	  0.22488223	 -0.00000081	  0.22488223	  0.00000000	  0.21698279
    -21.6299	     48.5399	 1.4005	 1.227898	 0.008450	  0.22308413	  0.22308494	 -0.00000081	  0.22308494	  0.00000000	  0.21512670
    -21.4572	     49.3171	 1.4082	 1.234465	 0.008449	  0.22130133	  0.22130213	 -0.00000080	  0.22130213	  0.00000000	  0.21328647
    -21.2859	     50.0943	 1.4159	 1.241032	 0.008449	  0.21953289	  0.21953369	 -0.00000080	  0.21953369	  0.00000000	  0.21146197
    -21.1159	     50.8716	 1.4235	 1.247599	 0.008448	  0.21777870	  0.21777950	 -0.00000080	  0.21777950	  0.00000000	  0.20965306
    -20.9473	     51.6488	 1.4312	 1.254165	 0.008447	  0.21603864	  0.21603943	 -0.00000079	  0.21603943	  0.00000000	  0.20785962
    -20.7801	     52.4261	 1.4389	 1.260730	 0.008447	  0.21431260	  0.21431339	 -0.00000079	  0.21431339	  0.00000000	  0.20608150
    -20.6142	     53.2033	 1.4465	 1.267295	 0.008446	  0.21260047	  0.21260125	 -0.00000078	  0.21260125	  0.00000000	  0.20431859
    -20.4496	     53.9806	 1.4542	 1.273860	 0.008446	  0.21090213	  0.21090291	 -0.00000078	  0.21090291	  0.00000000	  0.20257075
    -20.2863	     54.7578	 1.4619	 1.280424	 0.008445	  0.20921747	  0.20921824	 -0.00000077	  0.20921824	  0.00000000	  0.20083786
    -20.1244	     55.5351	 1.4696	 1.286988	 0.008444	  0.20754637	  0.20754714	 -0.00000077	  0.20754714	  0.00000000	  0.19911978
    -19.9637	     56.3124	 1.4773	 1.293552	 0.008444	  0.20588874	  0.20588950	 -0.00000076	  0.20588950	  0.00000000	  0.19741640
    -19.8043	     57.0896	 1.4849	 1.300114	 0.008443	  0.20424446	  0.20424521	 -0.00000076	  0.20424521	  0.00000000	  0.19572758
    -19.6462	     57.8669	 1.4926	 1.306677	 0.008443	  0.20261341	  0.20261417	 -0.00000075	  0.20261417	  0.00000000	  0.19405321
    -19.4893	     58.6442	 1.5003	 1.313239	 0.008442	  0.20099551	  0.20099626	 -0.00000075	  0.20099626	  0.00000000	  0.19239316
    -19.3337	     59.4214	 1.5080	 1.319800	 0.008442	  0.19939063	  0.19939137	 -0.00000074	  0.19939137	  0.00000000	  0.19074730
    -19.1794	     60.1987	 1.5157	 1.326362	 0.008441	  0.19779867	  0.19779941	 -0.00000074	  0.19779941	  0.00000000	  0.18911553
    -19.0262	     60.9760	 1.5234	 1.332922	 0.008440	  0.19621954	  0.19622027	 -0.00000074	  0.19622027	  0.00000000	  0.18749772
    -18.8743	     61.7532	 1.5310	 1.339482	 0.008440	  0.19465311	  0.19465384	 -0.00000073	  0.19465384	  0.00000000	  0.18589374
    -18.7236	     62.5305	 1.5387	 1.346042	 0.008439	  0.19309930	  0.19310002	 -0.00000073	  0.19310002	  0.00000000	  0.18430349
    -18.5741	     63.3078	 1.5464	 1.352602	 0.008439	  0.19155799	  0.19155871	 -0.00000072	  0.19155871	  0.00000000	  0.18272685
    -18.4258	     64.0850	 1.5541	 1.359160	 0.008438	  0.19002910	  0.19002981	 -0.00000072	  0.19002981	  0.00000000	  0.18116370
    -18.2787	     64.8623	 1.5618	 1.365719	 0.008438	  0.18851251	  0.18851322	 -0.00000071	  0.18851322	  0.00000000	  0.17961392
    -18.1328	     65.6396	 1.5695	 1.372277	 0.008437	  0.18700812	  0.18700883	 -0.00000071	  0.18700883	  0.00000000	  0.17807741
    -17.9880	     66.4168	 1.5772	 1.378834	 0.008436	  0.18551585	  0.18551655	 -0.00000070	  0.18551655	  0.00000000	  0.17655405
    -17.8444	     67.1941	 1.5849	 1.385391	 0.008436	  0.18403558	  0.18403628	 -0.00000070	  0.18403628	  0.00000000	  0.17504373
    -17.7019	     67.9713	 1.5926	 1.391948	 0.008435	  0.18256723	  0.18256792	 -0.00000069	  0.18256792	  0.00000000	  0.17354633
    -17.5606	     68.7486	 1.6002	 1.398504	 0.008435	  0.18111069	  0.18111138	 -0.00000069	  0.18111138	  0.00000000	  0.17206175
    -17.4204	     69.5258	 1.6079	 1.405060	 0.008434	  0.17966588	  0.17966656	 -0.00000068	  0.17966656	  0.00000000	  0.17058988
    -17.2813	     70.3030	 1.6156	 1.411615	 0.008434	  0.17823269	  0.17823336	 -0.00000068	  0.17823336	  0.00000000	  0.16913062
    -17.1433	     71.0803	 1.6233	 1.418170	 0.008433	  0.17681103	  0.17681170	 -0.00000067	  0.17681170	  0.00000000	  0.16768384
    -17.0065	     71.8575	 1.6310	 1.424724	 0.008433	  0.17540081	  0.17540147	 -0.00000067	  0.17540147	  0.00000000	  0.16624945
    -16.8707	     72.6347	 1.6387	 1.431278	 0.008432	  0.17400193	  0.17400259	 -0.00000066	  0.17400259	  0.00000000	  0.16482735
    -16.7360	     73.4119	 1.6464	 1.437831	 0.008432	  0.17261431	  0.17261497	 -0.00000066	  0.17261497	  0.00000000	  0.16341742
    -16.6024	     74.1891	 1.6541	 1.444384	 0.008431	  0.17123785	  0.17123850	 -0.00000065	  0.17123850	  0.00000000	  0.16201956
    -16.4698	     74.9663	 1.6618	 1.450937	 0.008431	  0.16987246	  0.16987311	 -0.00000065	  0.16987311	  0.00000000	  0.16063368
    -16.3383	     75.7435	 1.6695	 1.457489	 0.008430	  0.16851805	  0.16851869	 -0.00000064	  0.16851869	  0.00000000	  0.15925967
    -16.2079	     76.5207	 1.6772	 1.464040	 0.008430	  0.16717454	  0.16717517	 -0.00000064	  0.16717517	  0.00000000	  0.15789742
    -16.0785	     77.2979	 1.6849	 1.470592	 0.008429	  0.16584183	  0.16584246	 -0.00000063	  0.16584246	  0.00000000	  0.15654684
    -15.9501	     78.0750	 1.6926	 1.477142	 0.008429	  0.16451984	  0.16452046	 -0.00000063	  0.16452046	  0.00000000	  0.15520783
    -15.8228	     78.8522	 1.7003	 1.483692	 0.008428	  0.16320848	  0.16320910	 -0.00000062	  0.16320910	  0.00000000	  0.15388030
    -15.6964	     79.6293	 1.7080	 1.490242	 0.008428	  0.16190766	  0.16190828	 -0.00000062	  0.16190828	  0.00000000	  0.15256413
    -15.5711	     80.4064	 1.7157	 1.496791	 0.008427	  0.16061730	  0.16061791	 -0.00000061	  0.16061791	  0.00000000	  0.15125924
    -15.4468	     81.1835	 1.7234	 1.503340	 0.008427	  0.15933732	  0.15933792	 -0.00000061	  0.15933792	  0.00000000	  0.14996553
    -15.3235	     81.9606	 1.7311	 1.509888	 0.008426	  0.15806763	  0.15806823	 -0.00000060	  0.15806823	  0.00000000	  0.14868290
    -15.2011	     82.7377	 1.7388	 1.516436	 0.008426	  0.15680814	  0.15680873	 -0.00000059	  0.15680873	  0.00000000	  0.14741127
    -15.0798	     83.5148	 1.7466	 1.522984	 0.008425	  0.15555878	  0.15555937	 -0.00000059	  0.15555937	  0.00000000	  0.14615053
    -14.9594	     84.2919	 1.7543	 1.529531	 0.008425	  0.15431946	  0.15432004	 -0.00000058	  0.15432004	  0.00000000	  0.14490059
    -14.8399	     85.0689	 1.7620	 1.536077	 0.008425	  0.15309010	  0.15309068	 -0.00000058	  0.15309068	  0.00000000	  0.14366137
    -14.7214	     85.8460	 1.7697	 1.542623	 0.008424	  0.15187062	  0.15187119	 -0.00000057	  0.15187119	  0.00000000	  0.14243276
    -14.6039	     86.6230	 1.7774	 1.549169	 0.008424	  0.15066094	  0.15066151	 -0.00000057	  0.15066151	  0.00000000	  0.14121469
    -14.4873	     87.4000	 1.7851	 1.555714	 0.008423	  0.14946099	  0.14946155	 -0.00000056	  0.14946155	  0.00000000	  0.14000705
    -14.3716	     88.1770	 1.7928	 1.562258	 0.008423	  0.14827067	  0.14827123	 -0.00000056	  0.14827123	  0.00000000	  0.13880977
    -14.2569	     88.9540	 1.8005	 1.568802	 0.008422	  0.14708992	  0.14709048	 -0.00000055	  0.14709048	  0.00000000	  0.13762275
    -14.1431	     89.7309	 1.8082	 1.575346	 0.008422	  0.14591866	  0.14591921	 -0.00000055	  0.14591921	  0.00000000	  0.13644590
    -14.0302	     90.5079	 1.8160	 1.581889	 0.008421	  0.14475681	  0.14475735	 -0.00000054	  0.14475735	  0.00000000	  0.13527915
    -13.9181	     91.2848	 1.8237	 1.588432	 0.008421	  0.14360429	  0.14360483	 -0.00000054	  0.14360483	  0.00000000	  0.13412239
    -13.8070	     92.0617	 1.8314	 1.594974	 0.008421	  0.14246103	  0.14246156	 -0.00000053	  0.14246156	  0.00000000	  0.13297556
    -13.6968	     92.8386	 1.8391	 1.601516	 0.008420	  0.14132695	  0.14132748	 -0.00000053	  0.14132748	  0.00000000	  0.13183855
    -13.5874	     93.6155	 1.8468	 1.608057	 0.008420	  0.14020198	  0.14020250	 -0.00000052	  0.14020250	  0.00000000	  0.13071130
    -13.4789	     94.3923	 1.8545	 1.614598	 0.008419	  0.13908605	  0.13908657	 -0.00000052	  0.13908657	  0.00000000	  0.12959371
    -13.3713	     95.1692	 1.8622	 1.621138	 0.008419	  0.13797908	  0.13797959	 -0.00000051	  0.13797959	  0.00000000	  0.12848570
    -13.2646	     95.9460	 1.8700	 1.627678	 0.008419	  0.13688100	  0.13688151	 -0.00000051	  0.13688151	  0.00000000	  0.12738719
    -13.1587	     96.7228	 1.8777	 1.634217	 0.008418	  0.13579174	  0.13579224	 -0.00000050	  0.13579224	  0.00000000	  0.12629811
    -13.0536	     97.4995	 1.8854	 1.640756	 0.008418	  0.13471123	  0.13471172	 -0.00000050	  0.13471172	  0.00000000	  0.12521836
    -12.9494	     98.2763	 1.8931	 1.647295	 0.008417	  0.13363939	  0.13363988	 -0.00000049	  0.13363988	  0.00000000	  0.12414788
    -12.8460	     99.0530	 1.9008	 1.653833	 0.008417	  0.13257615	  0.13257664	 -0.00000049	  0.13257664	  0.00000000	  0.12308657
    -12.7434	     99.8297	 1.9086	 1.660370	 0.008417	  0.13152146	  0.13152194	 -0.00000048	  0.13152194	  0.00000000	  0.12203437
    -12.6417	    100.6064	 1.9163	 1.666907	 0.008416	  0.13047523	  0.13047570	 -0.00000047	  0.13047570	  0.00000000	  0.12099119
    -12.5408	    101.3831	 1.9240	 1.673444	 0.008416	  0.12943739	  0.12943786	 -0.00000047	  0.12943786	  0.00000000	  0.11995696
    -12.4406	    102.1597	 1.9317	 1.679980	 0.008416	  0.12840789	  0.12840836	 -0.00000046	  0.12840836	  0.00000000	  0.11893161
    -12.3413	    102.9363	 1.9394	 1.686515	 0.008415	  0.12738666	  0.12738711	 -0.00000046	  0.12738711	  0.00000000	  0.11791504
    -12.2428	    103.7129	 1.9472	 1.693050	 0.008415	  0.12637361	  0.12637407	 -0.00000045	  0.12637407	  0.00000000	  0.11690720
    -12.1450	    104.4895	 1.9549	 1.699585	 0.008415	  0.12536870	  0.12536915	 -0.00000045	  0.12536915	  0.00000000	  0.11590801
    -12.0481	    105.2660	 1.9626	 1.706119	 0.008414	  0.12437186	  0.12437230	 -0.00000044	  0.12437230	  0.00000000	  0.11491739
    -11.9519	    106.0425	 1.9703	 1.712652	 0.008414	  0.12338301	  0.12338345	 -0.00000044	  0.12338345	  0.00000000	  0.11393526
    -11.8564	    106.8190	 1.9781	 1.719185	 0.008414	  0.12240210	  0.12240253	 -0.00000043	  0.12240253	  0.00000000	  0.11296156
    -11.7618	    107.5955	 1.9858	 1.725718	 0.008413	  0.12142906	  0.12142948	 -0.00000043	  0.12142948	  0.00000000	  0.11199622
    -11.6679	    108.3719	 1.9935	 1.732250	 0.008413	  0.12046382	  0.12046424	 -0.00000042	  0.12046424	  0.00000000	  0.11103916
    -11.5747	    109.1483	 2.0012	 1.738782	 0.008413	  0.11950633	  0.11950675	 -0.00000042	  0.11950675	  0.00000000	  0.11009031
    -11.4823	    109.9247	 2.0090	 1.745313	 0.008412	  0.11855652	  0.11855693	 -0.00000041	  0.11855693	  0.00000000	  0.10914961
    -11.3906	    110.7010	 2.0167	 1.751844	 0.008412	  0.11761433	  0.11761473	 -0.00000041	  0.11761473	  0.00000000	  0.10821697
    -11.2997	    111.4774	 2.0244	 1.758374	 0.008412	  0.11667970	  0.11668010	 -0.00000040	  0.11668010	  0.00000000	  0.10729234
    -11.2095	    112.2537	 2.0322	 1.764904	 0.008411	  0.11575256	  0.11575295	 -0.00000040	  0.11575295	  0.00000000	  0.10637565
    -11.1200	    113.0299	 2.0399	 1.771433	 0.008411	  0.11483286	  0.11483325	 -0.00000039	  0.11483325	  0.00000000	  0.10546682
    -11.0312	    113.8061	 2.0476	 1.777962	 0.008411	  0.11392053	  0.11392092	 -0.00000038	  0.11392092	  0.00000000	  0.10456579
    -10.9431	    114.5823	 2.0554	 1.784490	 0.008410	  0.11301552	  0.11301590	 -0.00000038	  0.11301590	  0.00000000	  0.10367250
    -10.8558	    115.3585	 2.0631	 1.791018	 0.008410	  0.11211777	  0.11211815	 -0.00000037	  0.11211815	  0.00000000	  0.10278687
    -10.7691	    116.1347	 2.0708	 1.797545	 0.008410	  0.11122722	  0.11122759	 -0.00000037	  0.11122759	  0.00000000	  0.10190884
    -10.6831	    116.9108	 2.0785	 1.804072	 0.008409	  0.11034380	  0.11034417	 -0.00000036	  0.11034417	  0.00000000	  0.10103835
    -10.5978	    117.6868	 2.0863	 1.810598	 0.008409	  0.10946747	  0.10946783	 -0.00000036	  0.10946783	  0.00000000	  0.10017533
    -10.5132	    118.4629	 2.0940	 1.817124	 0.008409	  0.10859817	  0.10859852	 -0.00000035	  0.10859852	  0.00000000	  0.09931972
    -10.4293	    119.2389	 2.1017	 1.823649	 0.008409	  0.10773583	  0.10773618	 -0.00000035	  0.10773618	  0.00000000	  0.09847145
    -10.3460	    120.0148	 2.1095	 1.830174	 0.008408	  0.10688041	  0.10688075	 -0.00000034	  0.10688075	  0.00000000	  0.09763047
    -10.2634	    120.7908	 2.1172	 1.836698	 0.008408	  0.10603184	  0.10603218	 -0.00000034	  0.10603218	  0.00000000	  0.09679670
    -10.1814	    121.5667	 2.1249	 1.843222	 0.008408	  0.10519008	  0.10519041	 -0.00000033	  0.10519041	  0.00000000	  0.09597010
    -10.1002	    122.3425	 2.1327	 1.849745	 0.008408	  0.10435506	  0.10435538	 -0.00000033	  0.10435538	  0.00000000	  0.09515059
    -10.0195	    123.1184	 2.1404	 1.856268	 0.008407	  0.10352673	  0.10352705	 -0.00000032	  0.10352705	  0.00000000	  0.09433811
     -9.9395	    123.8942	 2.1482	 1.862790	 0.008407	  0.10270504	  0.10270535	 -0.00000032	  0.10270535	  0.00000000	  0.09353261
     -9.8602	    124.6699	 2.1559	 1.869312	 0.008407	  0.10188993	  0.10189024	 -0.00000031	  0.10189024	  0.00000000	  0.09273403
     -9.7814	    125.4456	 2.1636	 1.875833	 0.008407	  0.10108136	  0.10108166	 -0.00000031	  0.10108166	  0.00000000	  0.09194230
     -9.7033	    126.2213	 2.1714	 1.882354	 0.008406	  0.10027926	  0.10027956	 -0.00000030	  0.10027956	  0.00000000	  0.09115737
     -9.6259	    126.9970	 2.1791	 1.888874	 0.008406	  0.09948359	  0.09948388	 -0.00000029	  0.09948388	  0.00000000	  0.09037918
     -9.5490	    127.7726	 2.1868	 1.895394	 0.008406	  0.09869429	  0.09869458	 -0.00000029	  0.09869458	  0.00000000	  0.08960767
     -9.4728	    128.5481	 2.1946	 1.901913	 0.008406	  0.09791132	  0.09791160	 -0.00000028	  0.09791160	  0.00000000	  0.08884278
     -9.3972	    129.3236	 2.2023	 1.908432	 0.008405	  0.09713462	  0.09713490	 -0.00000028	  0.09713490	  0.00000000	  0.08808447
     -9.3221	    130.0991	 2.2101	 1.914950	 0.008405	  0.09636414	  0.09636441	 -0.00000027	  0.09636441	  0.00000000	  0.08733266
     -9.2477	    130.8746	 2.2178	 1.921468	 0.008405	  0.09559983	  0.09560010	 -0.00000027	  0.09560010	  0.00000000	  0.08658731
     -9.1739	    131.6500	 2.2255	 1.927985	 0.008405	  0.09484164	  0.09484190	 -0.00000026	  0.09484190	  0.00000000	  0.08584836
     -9.1006	    132.4253	 2.2333	 1.934502	 0.008405	  0.09408952	  0.09408978	 -0.00000026	  0.09408978	  0.00000000	  0.08511576
     -9.0280	    133.2006	 2.2410	 1.941018	 0.008404	  0.09334343	  0.09334368	 -0.00000025	  0.09334368	  0.00000000	  0.08438945
     -8.9559	    133.9759	 2.2488	 1.947533	 0.008404	  0.09260331	  0.09260355	 -0.00000025	  0.09260355	  0.00000000	  0.08366937
     -8.8844	    134.7511	 2.2565	 1.954049	 0.008404	  0.09186911	  0.09186935	 -0.00000024	  0.09186935	  0.00000000	  0.08295548
     -8.8134	    135.5263	 2.2642	 1.960563	 0.008404	  0.09114080	  0.09114103	 -0.00000024	  0.09114103	  0.00000000	  0.08224772
     -8.7431	    136.3015	 2.2720	 1.967077	 0.008404	  0.09041831	  0.09041854	 -0.00000023	  0.09041854	  0.00000000	  0.08154604
     -8.6733	    137.0766	 2.2797	 1.973591	 0.008404	  0.08970161	  0.08970184	 -0.00000023	  0.08970184	  0.00000000	  0.08085038
     -8.6040	    137.8516	 2.2875	 1.980104	 0.008403	  0.08899064	  0.08899087	 -0.00000022	  0.08899087	  0.00000000	  0.08016070
     -8.5353	    138.6266	 2.2952	 1.986617	 0.008403	  0.08828537	  0.08828559	 -0.00000022	  0.08828559	  0.00000000	  0.07947694
     -8.4672	    139.4016	 2.3029	 1.993129	 0.008403	  0.08758574	  0.08758595	 -0.00000021	  0.08758595	  0.00000000	  0.07879906
     -8.3996	    140.1765	 2.3107	 1.999640	 0.008403	  0.08689171	  0.08689192	 -0.00000021	  0.08689192	  0.00000000	  0.07812700
     -8.3325	    140.9514	 2.3184	 2.006152	 0.008403	  0.08620324	  0.08620344	 -0.00000020	  0.08620344	  0.00000000	  0.07746071
     -8.2660	    141.7262	 2.3262	 2.012662	 0.008403	  0.08552027	  0.08552047	 -0.00000019	  0.08552047	  0.00000000	  0.07680014
     -8.2000	    142.5010	 2.3339	 2.019172	 0.008402	  0.08484277	  0.08484296	 -0.00000019	  0.08484296	  0.00000000	  0.07614524
     -8.1345	    143.2757	 2.3417	 2.025682	 0.008402	  0.08417069	  0.08417087	 -0.00000018	  0.08417087	  0.00000000	  0.07549597
     -8.0696	    144.0504	 2.3494	 2.032191	 0.008402	  0.08350399	  0.08350417	 -0.00000018	  0.08350417	  0.00000000	  0.07485228
     -8.0052	    144.8250	 2.3572	 2.038699	 0.008402	  0.08284262	  0.08284279	 -0.00000017	  0.08284279	  0.00000000	  0.07421412
     -7.9412	    145.5996	 2.3649	 2.045207	 0.008402	  0.08218654	  0.08218671	 -0.00000017	  0.08218671	  0.00000000	  0.07358143
     -7.8778	    146.3741	 2.3726	 2.051714	 0.008402	  0.08153571	  0.08153587	 -0.00000016	  0.08153587	  0.00000000	  0.07295419
     -7.8149	    147.1486	 2.3804	 2.058221	 0.008402	  0.08089009	  0.08089025	 -0.00000016	  0.08089025	  0.00000000	  0.07233233
     -7.7525	    147.9230	 2.3881	 2.064727	 0.008401	  0.08024963	  0.08024978	 -0.00000015	  0.08024978	  0.00000000	  0.07171581
     -7.6907	    148.6974	 2.3959	 2.071233	 0.008401	  0.07961429	  0.07961444	 -0.00000015	  0.07961444	  0.00000000	  0.07110459
     -7.6293	    149.4717	 2.4036	 2.077739	 0.008401	  0.07898404	  0.07898418	 -0.00000014	  0.07898418	  0.00000000	  0.07049861
     -7.5683	    150.2459	 2.4114	 2.084243	 0.008401	  0.07835882	  0.07835896	 -0.00000014	  0.07835896	  0.00000000	  0.06989785
     -7.5079	    151.0201	 2.4191	 2.090748	 0.008401	  0.07773860	  0.07773873	 -0.00000013	  0.07773873	  0.00000000	  0.06930224
     -7.4480	    151.7943	 2.4269	 2.097251	 0.008401	  0.07712335	  0.07712347	 -0.00000013	  0.07712347	  0.00000000	  0.06871175
     -7.3885	    152.5684	 2.4346	 2.103754	 0.008401	  0.07651301	  0.07651313	 -0.00000012	  0.07651313	  0.00000000	  0.06812633
     -7.3295	    153.3425	 2.4424	 2.110257	 0.008401	  0.07590755	  0.07590767	 -0.00000011	  0.07590767	  0.00000000	  0.06754594
     -7.2710	    154.1164	 2.4501	 2.116759	 0.008401	  0.07530693	  0.07530704	 -0.00000011	  0.07530704	  0.00000000	  0.06697054
     -7.2129	    154.8904	 2.4579	 2.123261	 0.008401	  0.07471112	  0.07471122	 -0.00000010	  0.07471122	  0.00000000	  0.06640008
     -7.1554	    155.6643	 2.4656	 2.129762	 0.008401	  0.07412006	  0.07412016	 -0.00000010	  0.07412016	  0.00000000	  0.06583452
     -7.0982	    156.4381	 2.4734	 2.136262	 0.008400	  0.07353373	  0.07353383	 -0.00000009	  0.07353383	  0.00000000	  0.06527381
     -7.0416	    157.2118	 2.4811	 2.142762	 0.008400	  0.07295209	  0.07295218	 -0.00000009	  0.07295218	  0.00000000	  0.06471793
     -6.9853	    157.9855	 2.4889	 2.149261	 0.008400	  0.07237510	  0.07237518	 -0.00000008	  0.07237518	  0.00000000	  0.06416682
     -6.9296	    158.7592	 2.4966	 2.155760	 0.008400	  0.07180272	  0.07180279	 -0.00000008	  0.07180279	  0.00000000	  0.06362044
     -6.8742	    159.5328	 2.5044	 2.162259	 0.008400	  0.07123491	  0.07123498	 -0.00000007	  0.07123498	  0.00000000	  0.06307876
     -6.8194	    160.3063	 2.5121	 2.168756	 0.008400	  0.07067164	  0.07067170	 -0.00000007	  0.07067170	  0.00000000	  0.06254173
     -6.7649	    161.0798	 2.5199	 2.175254	 0.008400	  0.07011286	  0.07011293	 -0.00000006	  0.07011293	  0.00000000	  0.06200931
     -6.7109	    161.8532	 2.5276	 2.181750	 0.008400	  0.06955856	  0.06955861	 -0.00000006	  0.06955861	  0.00000000	  0.06148147
     -6.6573	    162.6265	 2.5354	 2.188246	 0.008400	  0.06900868	  0.06900873	 -0.00000005	  0.06900873	  0.00000000	  0.06095816
     -6.6042	    163.3998	 2.5431	 2.194742	 0.008400	  0.06846320	  0.06846324	 -0.00000005	  0.06846324	  0.00000000	  0.06043935
     -6.5514	    164.1730	 2.5509	 2.201237	 0.008400	  0.06792207	  0.06792211	 -0.00000004	  0.06792211	  0.00000000	  0.05992500
     -6.4991	    164.9462	 2.5586	 2.207731	 0.008400	  0.06738526	  0.06738530	 -0.00000004	  0.06738530	  0.00000000	  0.05941506
     -6.4472	    165.7193	 2.5664	 2.214225	 0.008400	  0.06685275	  0.06685278	 -0.00000003	  0.06685278	  0.00000000	  0.05890950
     -6.3958	    166.4923	 2.5741	 2.220719	 0.008400	  0.06632448	  0.06632451	 -0.00000002	  0.06632451	  0.00000000	  0.05840829
     -6.3447	    167.2653	 2.5819	 2.227211	 0.008400	  0.06580044	  0.06580046	 -0.00000002	  0.06580046	  0.00000000	  0.05791138
     -6.2940	    168.0382	 2.5896	 2.233704	 0.008400	  0.06528058	  0.06528059	 -0.00000001	  0.06528059	  0.00000000	  0.05741874
     -6.2438	    168.8110	 2.5974	 2.240195	 0.008400	  0.06476487	  0.06476488	 -0.00000001	  0.06476488	  0.00000000	  0.05693033
     -6.1939	    169.5838	 2.6051	 2.246687	 0.008400	  0.06425328	  0.06425328	 -0.00000000	  0.06425328	  0.00000000	  0.05644612
     -6.1445	    170.3565	 2.6129	 2.253177	 0.008400	  0.06374577	  0.06374577	  0.00000000	  0.06374577	  0.00000000	  0.05596607
     -6.0954	    171.1292	 2.6206	 2.259667	 0.008400	  0.06324232	  0.06324231	  0.00000001	  0.06324231	  0.00000000	  0.05549014
     -6.0468	    171.9017	 2.6284	 2.266157	 0.008400	  0.06274288	  0.06274287	  0.00000001	  0.06274287	  0.00000000	  0.05501829
     -5.9985	    172.6742	 2.6361	 2.272646	 0.008400	  0.06224743	  0.06224741	  0.00000002	  0.06224741	  0.00000000	  0.05455051
     -5.9506	    173.4467	 2.6439	 2.279134	 0.008400	  0.06175594	  0.06175592	  0.00000002	  0.06175592	  0.00000000	  0.05408674
     -5.9031	    174.2190	 2.6516	 2.285622	 0.008400	  0.06126837	  0.06126834	  0.00000003	  0.06126834	  0.00000000	  0.05362695
     -5.8560	    174.9913	 2.6594	 2.292109	 0.008400	  0.06078469	  0.06078466	  0.00000003	  0.06078466	  0.00000000	  0.05317111
     -5.8092	    175.7636	 2.6671	 2.298596	 0.008400	  0.06030487	  0.06030483	  0.00000004	  0.06030483	  0.00000000	  0.05271919
     -5.7628	    176.5357	 2.6749	 2.305082	 0.008400	  0.05982888	  0.05982884	  0.00000004	  0.05982884	  0.00000000	  0.05227115
     -5.7168	    177.3078	 2.6826	 2.311567	 0.008400	  0.05935669	  0.05935664	  0.00000005	  0.05935664	  0.00000000	  0.05182696
     -5.6712	    178.0798	 2.6904	 2.318052	 0.008400	  0.05888827	  0.05888822	  0.00000006	  0.05888822	  0.00000000	  0.05138659
     -5.6259	    178.8518	 2.6981	 2.324536	 0.008400	  0.05842359	  0.05842353	  0.00000006	  0.05842353	  0.00000000	  0.05094999
     -5.5810	    179.6236	 2.7059	 2.331020	 0.008400	  0.05796261	  0.05796254	  0.00000007	  0.05796254	  0.00000000	  0.05051715
     -5.5364	    180.3954	 2.7136	 2.337503	 0.008400	  0.05750531	  0.05750524	  0.00000007	  0.05750524	  0.00000000	  0.05008802
     -5.4922	    181.1672	 2.7214	 2.343986	 0.008400	  0.05705166	  0.05705158	  0.00000008	  0.05705158	  0.00000000	  0.04966258
     -5.4484	    181.9388	 2.7292	 2.350468	 0.008400	  0.05660163	  0.05660154	  0.00000008	  0.05660154	  0.00000000	  0.04924080
     -5.4049	    182.7104	 2.7369	 2.356950	 0.008400	  0.05615518	  0.05615509	  0.00000009	  0.05615509	  0.00000000	  0.04882263
     -5.3617	    183.4819	 2.7447	 2.363430	 0.008400	  0.05571230	  0.05571221	  0.00000009	  0.05571221	  0.00000000	  0.04840806
     -5.3189	    184.2533	 2.7524	 2.369911	 0.008401	  0.05527295	  0.05527285	  0.00000010	  0.05527285	  0.00000000	  0.04799705
     -5.2764	    185.0247	 2.7602	 2.376390	 0.008401	  0.05483710	  0.05483700	  0.00000010	  0.05483700	  0.00000000	  0.04758957
     -5.2343	    185.7959	 2.7679	 2.382870	 0.008401	  0.05440474	  0.05440463	  0.00000011	  0.05440463	  0.00000000	  0.04718559
     -5.1925	    186.5671	 2.7757	 2.389348	 0.008401	  0.05397581	  0.05397570	  0.00000011	  0.05397570	  0.00000000	  0.04678508
     -5.1511	    187.3382	 2.7834	 2.395826	 0.008401	  0.05355031	  0.05355019	  0.00000012	  0.05355019	  0.00000000	  0.04638800
     -5.1099	    188.1093	 2.7912	 2.402303	 0.008401	  0.05312820	  0.05312808	  0.00000013	  0.05312808	  0.00000000	  0.04599434
     -5.0691	    188.8802	 2.7989	 2.408780	 0.008401	  0.05270946	  0.05270933	  0.00000013	  0.05270933	  0.00000000	  0.04560406
     -5.0287	    189.6511	 2.8067	 2.415256	 0.008401	  0.05229405	  0.05229392	  0.00000014	  0.05229392	  0.00000000	  0.04521713
     -4.9885	    190.4219	 2.8144	 2.421732	 0.008401	  0.05188196	  0.05188182	  0.00000014	  0.05188182	  0.00000000	  0.04483352
     -4.9487	    191.1926	 2.8222	 2.428207	 0.008401	  0.05147315	  0.05147300	  0.00000015	  0.05147300	  0.00000000	  0.04445321
     -4.9092	    191.9632	 2.8299	 2.434682	 0.008401	  0.05106760	  0.05106745	  0.00000015	  0.05106745	  0.00000000	  0.04407616
     -4.8700	    192.7338	 2.8377	 2.441155	 0.008402	  0.05066528	  0.05066512	  0.00000016	  0.05066512	  0.00000000	  0.04370235
     -4.8311	    193.5043	 2.8454	 2.447629	 0.008402	  0.05026617	  0.05026600	  0.00000016	  0.05026600	  0.00000000	  0.04333175
     -4.7925	    194.2746	 2.8532	 2.454101	 0.008402	  0.04987024	  0.04987007	  0.00000017	  0.04987007	  0.00000000	  0.04296433
     -4.7543	    195.0450	 2.8609	 2.460573	 0.008402	  0.04947746	  0.04947729	  0.00000017	  0.04947729	  0.00000000	  0.04260007
     -4.7163	    195.8152	 2.8687	 2.467045	 0.008402	  0.04908781	  0.04908763	  0.00000018	  0.04908763	  0.00000000	  0.04223893
     -4.6787	    196.5853	 2.8765	 2.473515	 0.008402	  0.04870127	  0.04870109	  0.00000019	  0.04870109	  0.00000000	  0.04188089
     -4.6413	    197.3554	 2.8842	 2.479986	 0.008402	  0.04831781	  0.04831762	  0.00000019	  0.04831762	  0.00000000	  0.04152593
     -4.6042	    198.1253	 2.8920	 2.486455	 0.008403	  0.04793740	  0.04793721	  0.00000020	  0.04793721	  0.00000000	  0.04117402
     -4.5675	    198.8952	 2.8997	 2.492924	 0.008403	  0.04756003	  0.04755983	  0.00000020	  0.04755983	  0.00000000	  0.04082513
     -4.5310	    199.6650	 2.9075	 2.499393	 0.008403	  0.04718566	  0.04718545	  0.00000021	  0.04718545	  0.00000000	  0.04047923
     -4.4948	    200.4347	 2.9152	 2.505860	 0.008403	  0.04681427	  0.04681406	  0.00000021	  0.04681406	  0.00000000	  0.04013630
     -4.4590	    201.2043	 2.9230	 2.512327	 0.008403	  0.04644584	  0.04644562	  0.00000022	  0.04644562	  0.00000000	  0.03979632
     -4.4234	    201.9738	 2.9307	 2.518794	 0.008403	  0.04608034	  0.04608012	  0.00000022	  0.04608012	  0.00000000	  0.03945925
     -4.3880	    202.7433	 2.9385	 2.525260	 0.008404	  0.04571776	  0.04571753	  0.00000023	  0.04571753	  0.00000000	  0.03912508
     -4.3530	    203.5126	 2.9462	 2.531725	 0.008404	  0.04535806	  0.04535783	  0.00000023	  0.04535783	  0.00000000	  0.03879378
     -4.3183	    204.2819	 2.9540	 2.538190	 0.008404	  0.04500123	  0.04500099	  0.00000024	  0.04500099	  0.00000000	  0.03846532
     -4.2838	    205.0510	 2.9617	 2.544654	 0.008404	  0.04464724	  0.04464699	  0.00000025	  0.04464699	  0.00000000	  0.03813968
     -4.2496	    205.8201	 2.9695	 2.551117	 0.008404	  0.04429606	  0.04429581	  0.00000025	  0.04429581	  0.00000000	  0.03781684
     -4.2156	    206.5891	 2.9772	 2.557580	 0.008404	  0.04394769	  0.04394743	  0.00000026	  0.04394743	  0.00000000	  0.03749676
     -4.1820	    207.3580	 2.9850	 2.564042	 0.008405	  0.04360208	  0.04360182	  0.00000026	  0.04360182	  0.00000000	  0.03717944
     -4.1486	    208.1268	 2.9927	 2.570504	 0.008405	  0.04325923	  0.04325896	  0.00000027	  0.04325896	  0.00000000	  0.03686483
     -4.1155	    208.8955	 3.0005	 2.576965	 0.008405	  0.04291910	  0.04291883	  0.00000027	  0.04291883	  0.00000000	  0.03655293
     -4.0826	    209.6641	 3.0082	 2.583425	 0.008405	  0.04258169	  0.04258141	  0.00000028	  0.04258141	  0.00000000	  0.03624370
     -4.0500	    210.4326	 3.0160	 2.589885	 0.008406	  0.04224696	  0.04224667	  0.00000028	  0.04224667	  0.00000000	  0.03593713
     -4.0177	    211.2010	 3.0237	 2.596344	 0.008406	  0.04191489	  0.04191460	  0.00000029	  0.04191460	  0.00000000	  0.03563319
     -3.9856	    211.9693	 3.0315	 2.602802	 0.008406	  0.04158546	  0.04158517	  0.00000030	  0.04158517	  0.00000000	  0.03533186
     -3.9538	    212.7375	 3.0392	 2.609260	 0.008406	  0.04125866	  0.04125836	  0.00000030	  0.04125836	  0.00000000	  0.03503311
     -3.9222	    213.5057	 3.0470	 2.615717	 0.008406	  0.04093446	  0.04093415	  0.00000031	  0.04093415	  0.00000000	  0.03473692
     -3.8909	    214.2737	 3.0547	 2.622173	 0.008407	  0.04061284	  0.04061252	  0.00000031	  0.04061252	  0.00000000	  0.03444328
     -3.8598	    215.0416	 3.0625	 2.628629	 0.008407	  0.04029377	  0.04029345	  0.00000032	  0.04029345	  0.00000000	  0.03415216
     -3.8290	    215.8094	 3.0702	 2.635084	 0.008407	  0.03997724	  0.03997692	  0.00000032	  0.03997692	  0.00000000	  0.03386353
     -3.7985	    216.5772	 3.0780	 2.641539	 0.008407	  0.03966324	  0.03966291	  0.00000033	  0.03966291	  0.00000000	  0.03357738
     -3.7681	    217.3448	 3.0857	 2.647993	 0.008408	  0.03935173	  0.03935139	  0.00000033	  0.03935139	  0.00000000	  0.03329369
     -3.7380	    218.1123	 3.0935	 2.654446	 0.008408	  0.03904269	  0.03904235	  0.00000034	  0.03904235	  0.00000000	  0.03301243
     -3.7082	    218.8798	 3.1012	 2.660898	 0.008408	  0.03873612	  0.03873577	  0.00000034	  0.03873577	  0.00000000	  0.03273358
     -3.6786	    219.6471	 3.1090	 2.667350	 0.008408	  0.03843198	  0.03843163	  0.00000035	  0.03843163	  0.00000000	  0.03245712
     -3.6492	    220.4143	 3.1167	 2.673801	 0.008409	  0.03813026	  0.03812991	  0.00000036	  0.03812991	  0.00000000	  0.03218304
     -3.6201	    221.1814	 3.1245	 2.680252	 0.008409	  0.03783095	  0.03783058	  0.00000036	  0.03783058	  0.00000000	  0.03191131
     -3.5912	    221.9484	 3.1322	 2.686702	 0.008409	  0.03753401	  0.03753364	  0.00000037	  0.03753364	  0.00000000	  0.03164190
     -3.5625	    222.7153	 3.1400	 2.693151	 0.008410	  0.03723943	  0.03723906	  0.00000037	  0.03723906	  0.00000000	  0.03137481
     -3.5341	    223.4821	 3.1477	 2.699600	 0.008410	  0.03694720	  0.03694682	  0.00000038	  0.03694682	  0.00000000	  0.03111001
     -3.5059	    224.2488	 3.1555	 2.706048	 0.008410	  0.03665728	  0.03665690	  0.00000038	  0.03665690	  0.00000000	  0.03084748
     -3.4779	    225.0154	 3.1632	 2.712495	 0.008410	  0.03636968	  0.03636929	  0.00000039	  0.03636929	  0.00000000	  0.03058720
     -3.4501	    225.7819	 3.1710	 2.718941	 0.008411	  0.03608436	  0.03608396	  0.00000039	  0.03608396	  0.00000000	  0.03032915
     -3.4225	    226.5483	 3.1787	 2.725387	 0.008411	  0.03580130	  0.03580090	  0.00000040	  0.03580090	  0.00000000	  0.03007332
     -3.3952	    227.3146	 3.1865	 2.731833	 0.008411	  0.03552050	  0.03552009	  0.00000041	  0.03552009	  0.00000000	  0.02981968
     -3.3681	    228.0807	 3.1942	 2.738277	 0.008412	  0.03524193	  0.03524152	  0.00000041	  0.03524152	  0.00000000	  0.02956821
     -3.3412	    228.8468	 3.2020	 2.744721	 0.008412	  0.03496557	  0.03496515	  0.00000042	  0.03496515	  0.00000000	  0.02931890
     -3.3145	    229.6127	 3.2097	 2.751164	 0.008412	  0.03469141	  0.03469099	  0.00000042	  0.03469099	  0.00000000	  0.02907173
     -3.2881	    230.3785	 3.2175	 2.757607	 0.008413	  0.03441943	  0.03441900	  0.00000043	  0.03441900	  0.00000000	  0.02882668
     -3.2618	    231.1443	 3.2252	 2.764048	 0.008413	  0.03414961	  0.03414917	  0.00000044	  0.03414917	  0.00000000	  0.02858373
     -3.2358	    231.9099	 3.2330	 2.770490	 0.008413	  0.03388193	  0.03388149	  0.00000044	  0.03388149	  0.00000000	  0.02834286
     -3.2100	    232.6754	 3.2407	 2.776930	 0.008414	  0.03361638	  0.03361593	  0.00000045	  0.03361593	  0.00000000	  0.02810405
     -3.1843	    233.4407	 3.2484	 2.783370	 0.008414	  0.03335294	  0.03335248	  0.00000045	  0.03335248	  0.00000000	  0.02786729
     -3.1589	    234.2060	 3.2562	 2.789809	 0.008414	  0.03309159	  0.03309113	  0.00000046	  0.03309113	  0.00000000	  0.02763257
     -3.1337	    234.9712	 3.2639	 2.796247	 0.008415	  0.03283232	  0.03283185	  0.00000047	  0.03283185	  0.00000000	  0.02739985
     -3.1087	    235.7362	 3.2717	 2.802685	 0.008415	  0.03257510	  0.03257463	  0.00000047	  0.03257463	  0.00000000	  0.02716913
     -3.0838	    236.5011	 3.2794	 2.809122	 0.008415	  0.03231993	  0.03231945	  0.00000048	  0.03231945	  0.00000000	  0.02694038
     -3.0592	    237.2659	 3.2872	 2.815558	 0.008416	  0.03206679	  0.03206630	  0.00000049	  0.03206630	  0.00000000	  0.02671360
     -3.0348	    238.0306	 3.2949	 2.821994	 0.008416	  0.03181565	  0.03181516	  0.00000049	  0.03181516	  0.00000000	  0.02648876
     -3.0106	    238.7952	 3.3027	 2.828428	 0.008417	  0.03156651	  0.03156601	  0.00000050	  0.03156601	  0.00000000	  0.02626584
     -2.9865	    239.5596	 3.3104	 2.834863	 0.008417	  0.03131935	  0.03131885	  0.00000051	  0.03131885	  0.00000000	  0.02604484
     -2.9627	    240.3240	 3.3181	 2.841296	 0.008417	  0.03107415	  0.03107364	  0.00000051	  0.03107364	  0.00000000	  0.02582573
     -2.9390	    241.0882	 3.3259	 2.847729	 0.008418	  0.03083090	  0.03083038	  0.00000052	  0.03083038	  0.00000000	  0.02560849
     -2.9156	    241.8523	 3.3336	 2.854161	 0.008418	  0.03058958	  0.03058905	  0.00000053	  0.03058905	  0.00000000	  0.02539312
     -2.8923	    242.6162	 3.3414	 2.860592	 0.008418	  0.03035017	  0.03034964	  0.00000053	  0.03034964	  0.00000000	  0.02517959
     -2.8692	    243.3801	 3.3491	 2.867023	 0.008419	  0.03011266	  0.03011212	  0.00000054	  0.03011212	  0.00000000	  0.02496790
     -2.8463	    244.1438	 3.3568	 2.873453	 0.008419	  0.02987704	  0.02987650	  0.00000054	  0.02987650	  0.00000000	  0.02475801
     -2.8236	    244.9074	 3.3646	 2.879882	 0.008420	  0.02964329	  0.02964274	  0.00000055	  0.02964274	  0.00000000	  0.02454992
     -2.8010	    245.6709	 3.3723	 2.886310	 0.008420	  0.02941139	  0.02941083	  0.00000056	  0.02941083	  0.00000000	  0.02434362
     -2.7787	    246.4342	 3.3801	 2.892738	 0.008421	  0.02918133	  0.02918077	  0.00000056	  0.02918077	  0.00000000	  0.02413908
     -2.7565	    247.1975	 3.3878	 2.899165	 0.008421	  0.02895310	  0.02895253	  0.00000057	  0.02895253	  0.00000000	  0.02393629
     -2.7345	    247.9606	 3.3955	 2.905591	 0.008421	  0.02872668	  0.02872610	  0.00000057	  0.02872610	  0.00000000	  0.02373524
     -2.7126	    248.7236	 3.4033	 2.912017	 0.008422	  0.02850205	  0.02850147	  0.00000058	  0.02850147	  0.00000000	  0.02353591
     -2.6910	    249.4864	 3.4110	 2.918442	 0.008422	  0.02827920	  0.02827862	  0.00000058	  0.02827862	  0.00000000	  0.02333829
     -2.6695	    250.2491	 3.4188	 2.924866	 0.008423	  0.02805813	  0.02805754	  0.00000059	  0.02805754	  0.00000000	  0.02314236
     -2.6482	    251.0117	 3.4265	 2.931289	 0.008423	  0.02783880	  0.02783821	  0.00000059	  0.02783821	  0.00000000	  0.02294811
     -2.6270	    251.7742	 3.4342	 2.937712	 0.008424	  0.02762122	  0.02762062	  0.00000059	  0.02762062	  0.00000000	  0.02275552
     -2.6061	    252.5365	 3.4420	 2.944133	 0.008424	  0.02740536	  0.02740476	  0.00000060	  0.02740476	  0.00000000	  0.02256458
     -2.5853	    253.2987	 3.4497	 2.950555	 0.008425	  0.02719121	  0.02719061	  0.00000060	  0.02719061	  0.00000000	  0.02237527
     -2.5646	    254.0608	 3.4575	 2.956975	 0.008425	  0.02697876	  0.02697816	  0.00000061	  0.02697816	  0.00000000	  0.02218758
     -2.5441	    254.8228	 3.4652	 2.963395	 0.008425	  0.02676800	  0.02676739	  0.00000061	  0.02676739	  0.00000000	  0.02200150
     -2.5238	    255.5846	 3.4729	 2.969813	 0.008426	  0.02655891	  0.02655829	  0.00000061	  0.02655829	  0.00000000	  0.02181702
     -2.5037	    256.3463	 3.4807	 2.976231	 0.008426	  0.02635147	  0.02635085	  0.00000062	  0.02635085	  0.00000000	  0.02163411
     -2.4837	    257.1078	 3.4884	 2.982649	 0.008427	  0.02614568	  0.02614506	  0.00000062	  0.02614506	  0.00000000	  0.02145276
     -2.4639	    257.8692	 3.4961	 2.989065	 0.008427	  0.02594152	  0.02594090	  0.00000062	  0.02594090	  0.00000000	  0.02127297
     -2.4442	    258.6305	 3.5039	 2.995481	 0.008428	  0.02573898	  0.02573835	  0.00000063	  0.02573835	  0.00000000	  0.02109472
     -2.4247	    259.3916	 3.5116	 3.001896	 0.008428	  0.02553805	  0.02553741	  0.00000063	  0.02553741	  0.00000000	  0.02091799
     -2.4053	    260.1526	 3.5193	 3.008310	 0.008429	  0.02533870	  0.02533807	  0.00000063	  0.02533807	  0.00000000	  0.02074277
     -2.3861	    260.9135	 3.5271	 3.014724	 0.008429	  0.02514094	  0.02514030	  0.00000064	  0.02514030	  0.00000000	  0.02056906
     -2.3671	    261.6742	 3.5348	 3.021136	 0.008430	  0.02494475	  0.02494411	  0.00000064	  0.02494411	  0.00000000	  0.02039682
     -2.3482	    262.4348	 3.5425	 3.027548	 0.008430	  0.02475011	  0.02474947	  0.00000065	  0.02474947	  0.00000000	  0.02022606
     -2.3294	    263.1953	 3.5503	 3.033959	 0.008431	  0.02455702	  0.02455637	  0.00000065	  0.02455637	  0.00000000	  0.02005677
     -2.3108	    263.9556	 3.5580	 3.040369	 0.008431	  0.02436545	  0.02436480	  0.00000066	  0.02436480	  0.00000000	  0.01988892
     -2.2924	    264.7158	 3.5657	 3.046779	 0.008432	  0.02417541	  0.02417475	  0.00000066	  0.02417475	  0.00000000	  0.01972250
     -2.2741	    265.4758	 3.5734	 3.053187	 0.008432	  0.02398687	  0.02398620	  0.00000067	  0.02398620	  0.00000000	  0.01955751
     -2.2559	    266.2357	 3.5812	 3.059595	 0.008433	  0.02379983	  0.02379916	  0.00000067	  0.02379916	  0.00000000	  0.01939393
     -2.2379	    266.9954	 3.5889	 3.066002	 0.008433	  0.02361427	  0.02361359	  0.00000068	  0.02361359	  0.00000000	  0.01923174
     -2.2200	    267.7550	 3.5966	 3.072408	 0.008434	  0.02343018	  0.02342949	  0.00000069	  0.02342949	  0.00000000	  0.01907095
     -2.2023	    268.5145	 3.6044	 3.078813	 0.008434	  0.02324755	  0.02324685	  0.00000069	  0.02324685	  0.00000000	  0.01891153
     -2.1847	    269.2738	 3.6121	 3.085218	 0.008435	  0.02306636	  0.02306566	  0.00000070	  0.02306566	  0.00000000	  0.01875347
     -2.1673	    270.0330	 3.6198	 3.091621	 0.008435	  0.02288662	  0.02288591	  0.00000071	  0.02288591	  0.00000000	  0.01859676
     -2.1500	    270.7920	 3.6275	 3.098024	 0.008436	  0.02270829	  0.02270757	  0.00000072	  0.02270757	  0.00000000	  0.01844139
     -2.1328	    271.5508	 3.6353	 3.104426	 0.008436	  0.02253138	  0.02253065	  0.00000073	  0.02253065	  0.00000000	  0.01828735
     -2.1158	    272.3096	 3.6430	 3.110827	 0.008437	  0.02235588	  0.02235513	  0.00000074	  0.02235513	  0.00000000	  0.01813463
     -2.0989	    273.0681	 3.6507	 3.117228	 0.008438	  0.02218176	  0.02218101	  0.00000075	  0.02218101	  0.00000000	  0.01798321
     -2.0821	    273.8266	 3.6585	 3.123627	 0.008438	  0.02200902	  0.02200826	  0.00000077	  0.02200826	  0.00000000	  0.01783308
     -2.0655	    274.5848	 3.6662	 3.130026	 0.008439	  0.02183765	  0.02183687	  0.00000078	  0.02183687	  0.00000000	  0.01768424
     -2.0490	    275.3430	 3.6739	 3.136424	 0.008439	  0.02166764	  0.02166685	  0.00000079	  0.02166685	  0.00000000	  0.01753667
     -2.0327	    276.1009	 3.6816	 3.142821	 0.008440	  0.02149897	  0.02149817	  0.00000081	  0.02149817	  0.00000000	  0.01739036
     -2.0164	    276.8587	 3.6893	 3.149217	 0.008441	  0.02133164	  0.02133082	  0.00000082	  0.02133082	  0.00000000	  0.01724530
     -2.0003	    277.6164	 3.6971	 3.155612	 0.008441	  0.02116564	  0.02116480	  0.00000084	  0.02116480	  0.00000000	  0.01710148
     -1.9844	    278.3739	 3.7048	 3.162007	 0.008442	  0.02100094	  0.02100009	  0.00000085	  0.02100009	  0.00000000	  0.01695889
     -1.9685	    279.1313	 3.7125	 3.168400	 0.008443	  0.02083755	  0.02083669	  0.00000087	  0.02083669	  0.00000000	  0.01681751
     -1.9528	    279.8884	 3.7202	 3.174793	 0.008443	  0.02067546	  0.02067457	  0.00000088	  0.02067457	  0.00000000	  0.01667734
     -1.9372	    280.6455	 3.7280	 3.181185	 0.008444	  0.02051464	  0.02051374	  0.00000090	  0.02051374	  0.00000000	  0.01653837
     -1.9217	    281.4024	 3.7357	 3.187577	 0.008445	  0.02035510	  0.02035418	  0.00000091	  0.02035418	  0.00000000	  0.01640059
     -1.9064	    282.1591	 3.7434	 3.193967	 0.008445	  0.02019681	  0.02019588	  0.00000093	  0.02019588	  0.00000000	  0.01626398
     -1.8912	    282.9157	 3.7511	 3.200357	 0.008446	  0.02003978	  0.02003884	  0.00000095	  0.02003884	  0.00000000	  0.01612854
     -1.8761	    283.6721	 3.7588	 3.206746	 0.008447	  0.01988399	  0.01988303	  0.00000096	  0.01988303	  0.00000000	  0.01599426
     -1.8611	    284.4283	 3.7665	 3.213134	 0.008447	  0.01972943	  0.01972845	  0.00000098	  0.01972845	  0.00000000	  0.01586112
     -1.8462	    285.1844	 3.7743	 3.219521	 0.008448	  0.01957609	  0.01957510	  0.00000099	  0.01957510	  0.00000000	  0.01572911
     -1.8315	    285.9403	 3.7820	 3.225907	 0.008449	  0.01942396	  0.01942295	  0.00000100	  0.01942295	  0.00000000	  0.01559824
     -1.8169	    286.6961	 3.7897	 3.232293	 0.008450	  0.01927303	  0.01927201	  0.00000102	  0.01927201	  0.00000000	  0.01546848
     -1.8024	    287.4517	 3.7974	 3.238678	 0.008450	  0.01912329	  0.01912226	  0.00000103	  0.01912226	  0.00000000	  0.01533982
     -1.7880	    288.2071	 3.8051	 3.245062	 0.008451	  0.01897473	  0.01897369	  0.00000104	  0.01897369	  0.00000000	  0.01521227
     -1.7737	    288.9624	 3.8128	 3.251445	 0.008452	  0.01882735	  0.01882630	  0.00000105	  0.01882630	  0.00000000	  0.01508580
     -1.7595	    289.7175	 3.8205	 3.257827	 0.008453	  0.01868112	  0.01868006	  0.00000106	  0.01868006	  0.00000000	  0.01496041
     -1.7455	    290.4724	 3.8283	 3.264209	 0.008454	  0.01853605	  0.01853498	  0.00000107	  0.01853498	  0.00000000	  0.01483610
     -1.7316	    291.2272	 3.8360	 3.270590	 0.008454	  0.01839212	  0.01839105	  0.00000107	  0.01839105	  0.00000000	  0.01471284
     -1.7177	    291.9818	 3.8437	 3.276970	 0.008455	  0.01824933	  0.01824825	  0.00000108	  0.01824825	  0.00000000	  0.01459063
     -1.7040	    292.7362	 3.8514	 3.283349	 0.008456	  0.01810766	  0.01810658	  0.00000108	  0.01810658	  0.00000000	  0.01446946
     -1.6904	    293.4905	 3.8591	 3.289727	 0.008457	  0.01796711	  0.01796602	  0.00000108	  0.01796602	  0.00000000	  0.01434933
     -1.6769	    294.2446	 3.8668	 3.296105	 0.008458	  0.01782766	  0.01782658	  0.00000108	  0.01782658	  0.00000000	  0.01423022
     -1.6635	    294.9985	 3.8745	 3.302482	 0.008458	  0.01768931	  0.01768823	  0.00000108	  0.01768823	  0.00000000	  0.01411213
     -1.6502	    295.7523	 3.8822	 3.308858	 0.008459	  0.01755205	  0.01755098	  0.00000108	  0.01755098	  0.00000000	  0.01399504
     -1.6371	    296.5058	 3.8899	 3.315233	 0.008460	  0.01741588	  0.01741480	  0.00000107	  0.01741480	  0.00000000	  0.01387895
     -1.6240	    297.2593	 3.8976	 3.321607	 0.008461	  0.01728077	  0.01727971	  0.00000107	  0.01727971	  0.00000000	  0.01376385
     -1.6110	    298.0125	 3.9053	 3.327981	 0.008462	  0.01714673	  0.01714567	  0.00000106	  0.01714567	  0.00000000	  0.01364973
     -1.5982	    298.7656	 3.9130	 3.334353	 0.008463	  0.01701375	  0.01701270	  0.00000105	  0.01701270	  0.00000000	  0.01353658
     -1.5854	    299.5185	 3.9207	 3.340725	 0.008463	  0.01688181	  0.01688078	  0.00000103	  0.01688078	  0.00000000	  0.01342440
     -1.5728	    300.2712	 3.9284	 3.347096	 0.008464	  0.01675091	  0.01674989	  0.00000102	  0.01674989	  0.00000000	  0.01331317
     -1.5602	    301.0237	 3.9361	 3.353465	 0.008465	  0.01662105	  0.01662004	  0.00000101	  0.01662004	  0.00000000	  0.01320289
     -1.5477	    301.7761	 3.9438	 3.359834	 0.008466	  0.01649221	  0.01649122	  0.00000099	  0.01649122	  0.00000000	  0.01309354
     -1.5354	    302.5283	 3.9515	 3.366202	 0.008466	  0.01636438	  0.01636341	  0.00000097	  0.01636341	  0.00000000	  0.01298513
     -1.5231	    303.2803	 3.9592	 3.372570	 0.008467	  0.01623756	  0.01623661	  0.00000095	  0.01623661	  0.00000000	  0.01287764
     -1.5110	    304.0322	 3.9669	 3.378936	 0.008468	  0.01611175	  0.01611081	  0.00000093	  0.01611081	  0.00000000	  0.01277107
     -1.4989	    304.7838	 3.9746	 3.385301	 0.008468	  0.01598692	  0.01598601	  0.00000091	  0.01598601	  0.00000000	  0.01266540
     -1.4869	    305.5353	 3.9823	 3.391665	 0.008469	  0.01586308	  0.01586219	  0.00000089	  0.01586219	  0.00000000	  0.01256063
     -1.4751	    306.2866	 3.9900	 3.398028	 0.008470	  0.01574022	  0.01573936	  0.00000087	  0.01573936	  0.00000000	  0.01245676
     -1.4633	    307.0377	 3.9977	 3.404390	 0.008470	  0.01561834	  0.01561749	  0.00000085	  0.01561749	  0.00000000	  0.01235377
     -1.4516	    307.7887	 4.0054	 3.410751	 0.008471	  0.01549741	  0.01549659	  0.00000082	  0.01549659	  0.00000000	  0.01225165
     -1.4400	    308.5394	 4.0131	 3.417111	 0.008472	  0.01537744	  0.01537664	  0.00000080	  0.01537664	  0.00000000	  0.01215040
     -1.4285	    309.2900	 4.0208	 3.423470	 0.008472	  0.01525842	  0.01525764	  0.00000078	  0.01525764	  0.00000000	  0.01205002
     -1.4171	    310.0404	 4.0285	 3.429827	 0.008473	  0.01514035	  0.01513959	  0.00000076	  0.01513959	  0.00000000	  0.01195048
     -1.4058	    310.7906	 4.0362	 3.436184	 0.008473	  0.01502320	  0.01502247	  0.00000074	  0.01502247	  0.00000000	  0.01185180
     -1.3946	    311.5406	 4.0439	 3.442539	 0.008474	  0.01490699	  0.01490627	  0.00000072	  0.01490627	  0.00000000	  0.01175395
     -1.3834	    312.2904	 4.0516	 3.448893	 0.008474	  0.01479170	  0.01479100	  0.00000070	  0.01479100	  0.00000000	  0.01165694
     -1.3724	    313.0400	 4.0593	 3.455246	 0.008475	  0.01467732	  0.01467664	  0.00000068	  0.01467664	  0.00000000	  0.01156075
     -1.3614	    313.7895	 4.0670	 3.461598	 0.008475	  0.01456386	  0.01456319	  0.00000067	  0.01456319	  0.00000000	  0.01146537
     -1.3506	    314.5387	 4.0747	 3.467948	 0.008476	  0.01445129	  0.01445063	  0.00000066	  0.01445063	  0.00000000	  0.01137081
     -1.3398	    315.2878	 4.0823	 3.474298	 0.008476	  0.01433962	  0.01433897	  0.00000065	  0.01433897	  0.00000000	  0.01127706
     -1.3291	    316.0366	 4.0900	 3.480646	 0.008477	  0.01422883	  0.01422819	  0.00000064	  0.01422819	  0.00000000	  0.01118410
     -1.3185	    316.7853	 4.0977	 3.486992	 0.008477	  0.01411893	  0.01411829	  0.00000064	  0.01411829	  0.00000000	  0.01109193
     -1.3079	    317.5338	 4.1054	 3.493337	 0.008478	  0.01400990	  0.01400926	  0.00000063	  0.01400926	  0.00000000	  0.01100054
     -1.2975	    318.2820	 4.1131	 3.499681	 0.008478	  0.01390173	  0.01390110	  0.00000064	  0.01390110	  0.00000000	  0.01090993
     -1.2871	    319.0301	 4.1208	 3.506024	 0.008479	  0.01379443	  0.01379379	  0.00000064	  0.01379379	  0.00000000	  0.01082009
     -1.2769	    319.7780	 4.1285	 3.512365	 0.008479	  0.01368799	  0.01368734	  0.00000065	  0.01368734	  0.00000000	  0.01073102
     -1.2667	    320.5257	 4.1362	 3.518705	 0.008480	  0.01358239	  0.01358173	  0.00000066	  0.01358173	  0.00000000	  0.01064270
     -1.2566	    321.2731	 4.1438	 3.525044	 0.008480	  0.01347763	  0.01347695	  0.00000068	  0.01347695	  0.00000000	  0.01055513
     -1.2465	    322.0204	 4.1515	 3.531381	 0.008481	  0.01337371	  0.01337301	  0.00000070	  0.01337301	  0.00000000	  0.01046831
     -1.2366	    322.7674	 4.1592	 3.537717	 0.008481	  0.01327061	  0.01326989	  0.00000072	  0.01326989	  0.00000000	  0.01038222
     -1.2267	    323.5143	 4.1669	 3.544051	 0.008482	  0.01316833	  0.01316759	  0.00000075	  0.01316759	  0.00000000	  0.01029687
     -1.2169	    324.2609	 4.1746	 3.550385	 0.008483	  0.01306687	  0.01306609	  0.00000078	  0.01306609	  0.00000000	  0.01021224
     -1.2072	    325.0073	 4.1823	 3.556716	 0.008483	  0.01296622	  0.01296540	  0.00000082	  0.01296540	  0.00000000	  0.01012833
     -1.1976	    325.7536	 4.1900	 3.563047	 0.008484	  0.01286637	  0.01286551	  0.00000086	  0.01286551	  0.00000000	  0.01004513
     -1.1880	    326.4996	 4.1976	 3.569376	 0.008484	  0.01276731	  0.01276641	  0.00000090	  0.01276641	  0.00000000	  0.00996264
     -1.1785	    327.2453	 4.2053	 3.575704	 0.008485	  0.01266905	  0.01266809	  0.00000095	  0.01266809	  0.00000000	  0.00988085
     -1.1691	    327.9909	 4.2130	 3.582030	 0.008486	  0.01257156	  0.01257055	  0.00000100	  0.01257055	  0.00000000	  0.00979976
     -1.1598	    328.7363	 4.2207	 3.588355	 0.008487	  0.01247485	  0.01247378	  0.00000106	  0.01247378	  0.00000000	  0.00971936
     -1.1505	    329.4814	 4.2284	 3.594679	 0.008487	  0.01237890	  0.01237778	  0.00000112	  0.01237778	  0.00000000	  0.00963963
     -1.1413	    330.2263	 4.2361	 3.601002	 0.008488	  0.01228372	  0.01228253	  0.00000119	  0.01228253	  0.00000000	  0.00956059
     -1.1322	    330.9710	 4.2437	 3.607323	 0.008489	  0.01218929	  0.01218803	  0.00000125	  0.01218803	  0.00000000	  0.00948222
     -1.1232	    331.7155	 4.2514	 3.613644	 0.008490	  0.01209561	  0.01209428	  0.00000132	  0.01209428	  0.00000000	  0.00940451
     -1.1142	    332.4597	 4.2591	 3.619963	 0.008491	  0.01200267	  0.01200127	  0.00000140	  0.01200127	  0.00000000	  0.00932746
     -1.1053	    333.2037	 4.2668	 3.626281	 0.008492	  0.01191046	  0.01190899	  0.00000147	  0.01190899	  0.00000000	  0.00925107
     -1.0965	    333.9475	 4.2744	 3.632597	 0.008493	  0.01181898	  0.01181743	  0.00000155	  0.01181743	  0.00000000	  0.00917532
     -1.0877	    334.6911	 4.2821	 3.638913	 0.008495	  0.01172823	  0.01172660	  0.00000163	  0.01172660	  0.00000000	  0.00910022
     -1.0790	    335.4344	 4.2898	 3.645228	 0.008496	  0.01163819	  0.01163647	  0.00000172	  0.01163647	  0.00000000	  0.00902576
     -1.0704	    336.1775	 4.2975	 3.651541	 0.008497	  0.01154886	  0.01154706	  0.00000180	  0.01154706	  0.00000000	  0.00895193
     -1.0619	    336.9204	 4.3051	 3.657854	 0.008498	  0.01146023	  0.01145834	  0.00000189	  0.01145834	  0.00000000	  0.00887872
     -1.0534	    337.6630	 4.3128	 3.664166	 0.008500	  0.01137229	  0.01137032	  0.00000197	  0.01137032	  0.00000000	  0.00880614
     -1.0450	    338.4054	 4.3205	 3.670477	 0.008501	  0.01128505	  0.01128299	  0.00000206	  0.01128299	  0.00000000	  0.00873417
     -1.0366	    339.1476	 4.3281	 3.676787	 0.008503	  0.01119848	  0.01119634	  0.00000215	  0.01119634	  0.00000000	  0.00866281
     -1.0284	    339.8895	 4.3358	 3.683096	 0.008505	  0.01111259	  0.01111036	  0.00000223	  0.01111036	  0.00000000	  0.00859206
     -1.0202	    340.6312	 4.3435	 3.689404	 0.008506	  0.01102738	  0.01102506	  0.00000232	  0.01102506	  0.00000000	  0.00852191
     -1.0120	    341.3727	 4.3511	 3.695712	 0.008508	  0.01094282	  0.01094042	  0.00000240	  0.01094042	  0.00000000	  0.00845235
     -1.0039	    342.1139	 4.3588	 3.702019	 0.008510	  0.01085893	  0.01085644	  0.00000248	  0.01085644	  0.00000000	  0.00838338
     -0.9959	    342.8549	 4.3665	 3.708326	 0.008512	  0.01077568	  0.01077312	  0.00000257	  0.01077312	  0.00000000	  0.00831500
     -0.9880	    343.5956	 4.3741	 3.714631	 0.008514	  0.01069308	  0.01069044	  0.00000264	  0.01069044	  0.00000000	  0.00824720
     -0.9801	    344.3362	 4.3818	 3.720936	 0.008516	  0.01061112	  0.01060840	  0.00000272	  0.01060840	  0.00000000	  0.00817997
     -0.9723	    345.0764	 4.3894	 3.727241	 0.008518	  0.01052979	  0.01052700	  0.00000279	  0.01052700	  0.00000000	  0.00811331
     -0.9645	    345.8165	 4.3971	 3.733545	 0.008520	  0.01044909	  0.01044623	  0.00000286	  0.01044623	  0.00000000	  0.00804721
     -0.9568	    346.5563	 4.4047	 3.739849	 0.008522	  0.01036902	  0.01036609	  0.00000293	  0.01036609	  0.00000000	  0.00798168
     -0.9492	    347.2958	 4.4124	 3.746152	 0.008524	  0.01028955	  0.01028657	  0.00000299	  0.01028657	  0.00000000	  0.00791670
     -0.9416	    348.0351	 4.4200	 3.752455	 0.008526	  0.01021070	  0.01020766	  0.00000304	  0.01020766	  0.00000000	  0.00785227
     -0.9341	    348.7742	 4.4277	 3.758757	 0.008529	  0.01013245	  0.01012936	  0.00000309	  0.01012936	  0.00000000	  0.00778838
     -0.9266	    349.5131	 4.4353	 3.765059	 0.008531	  0.01005480	  0.01005167	  0.00000314	  0.01005167	  0.00000000	  0.00772503
     -0.9192	    350.2517	 4.4430	 3.771361	 0.008533	  0.00997775	  0.00997457	  0.00000318	  0.00997457	  0.00000000	  0.00766222
     -0.9119	    350.9900	 4.4506	 3.777662	 0.008536	  0.00990129	  0.00989808	  0.00000321	  0.00989808	  0.00000000	  0.00759994
     -0.9046	    351.7282	 4.4582	 3.783964	 0.008538	  0.00982540	  0.00982217	  0.00000324	  0.00982217	  0.00000000	  0.00753819
     -0.8974	    352.4660	 4.4659	 3.790265	 0.008540	  0.00975010	  0.00974684	  0.00000326	  0.00974684	  0.00000000	  0.00747696
     -0.8902	    353.2037	 4.4735	 3.796565	 0.008543	  0.00967537	  0.00967210	  0.00000327	  0.00967210	  0.00000000	  0.00741624
     -0.8831	    353.9411	 4.4811	 3.802866	 0.008545	  0.00960121	  0.00959794	  0.00000328	  0.00959794	  0.00000000	  0.00735604
     -0.8760	    354.6783	 4.4888	 3.809166	 0.008548	  0.00952762	  0.00952434	  0.00000327	  0.00952434	  0.00000000	  0.00729634
     -0.8690	    355.4152	 4.4964	 3.815466	 0.008550	  0.00945458	  0.00945131	  0.00000327	  0.00945131	  0.00000000	  0.00723715
     -0.8621	    356.1519	 4.5040	 3.821765	 0.008552	  0.00938210	  0.00937885	  0.00000325	  0.00937885	  0.00000000	  0.00717846
     -0.8552	    356.8884	 4.5116	 3.828065	 0.008555	  0.00931017	  0.00930694	  0.00000322	  0.00930694	  0.00000000	  0.00712026
     -0.8484	    357.6246	 4.5192	 3.834364	 0.008557	  0.00923878	  0.00923559	  0.00000319	  0.00923559	  0.00000000	  0.00706255
     -0.8416	    358.3606	 4.5269	 3.840663	 0.008559	  0.00916794	  0.00916479	  0.00000315	  0.00916479	  0.00000000	  0.00700533
     -0.8349	    359.0964	 4.5345	 3.846961	 0.008562	  0.00909764	  0.00909453	  0.00000311	  0.00909453	  0.00000000	  0.00694859
     -0.8282	    359.8319	 4.5421	 3.853259	 0.008564	  0.00902787	  0.00902482	  0.00000305	  0.00902482	  0.00000000	  0.00689232
     -0.8216	    360.5672	 4.5497	 3.859557	 0.008566	  0.00895863	  0.00895565	  0.00000299	  0.00895565	  0.00000000	  0.00683653
     -0.8151	    361.3023	 4.5573	 3.865855	 0.008568	  0.00888992	  0.00888700	  0.00000292	  0.00888700	  0.00000000	  0.00678121
     -0.8086	    362.0371	 4.5649	 3.872152	 0.008570	  0.00882173	  0.00881889	  0.00000284	  0.00881889	  0.00000000	  0.00672636
     -0.8021	    362.7717	 4.5725	 3.878449	 0.008573	  0.00875406	  0.00875131	  0.00000275	  0.00875131	  0.00000000	  0.00667196
     -0.7957	    363.5061	 4.5801	 3.884745	 0.008575	  0.00868691	  0.00868425	  0.00000266	  0.00868425	  0.00000000	  0.00661802
     -0.7893	    364.2402	 4.5877	 3.891040	 0.008576	  0.00862027	  0.00861771	  0.00000256	  0.00861771	  0.00000000	  0.00656454
     -0.7830	    364.9741	 4.5953	 3.897335	 0.008578	  0.00855414	  0.00855169	  0.00000245	  0.00855169	  0.00000000	  0.00651150
     -0.7768	    365.7078	 4.6029	 3.903630	 0.008580	  0.00848851	  0.00848617	  0.00000234	  0.00848617	  0.00000000	  0.00645891
     -0.7706	    366.4412	 4.6105	 3.909923	 0.008582	  0.00842339	  0.00842117	  0.00000222	  0.00842117	  0.00000000	  0.00640676
     -0.7644	    367.1744	 4.6180	 3.916216	 0.008583	  0.00835877	  0.00835667	  0.00000210	  0.00835667	  0.00000000	  0.00635504
     -0.7583	    367.9074	 4.6256	 3.922508	 0.008585	  0.00829465	  0.00829268	  0.00000197	  0.00829268	  0.00000000	  0.00630376
     -0.7523	    368.6402	 4.6332	 3.928799	 0.008586	  0.00823102	  0.00822919	  0.00000183	  0.00822919	  0.00000000	  0.00625291
     -0.7463	    369.3727	 4.6408	 3.935089	 0.008587	  0.00816788	  0.00816619	  0.00000169	  0.00816619	  0.00000000	  0.00620249
     -0.7403	    370.1050	 4.6484	 3.941378	 0.008589	  0.00810523	  0.00810368	  0.00000154	  0.00810368	  0.00000000	  0.00615249
     -0.7344	    370.8370	 4.6560	 3.947666	 0.008590	  0.00804306	  0.00804167	  0.00000139	  0.00804167	  0.00000000	  0.00610290
     -0.7285	    371.5689	 4.6635	 3.953952	 0.008591	  0.00798138	  0.00798014	  0.00000124	  0.00798014	  0.00000000	  0.00605374
     -0.7227	    372.3005	 4.6711	 3.960237	 0.008592	  0.00792018	  0.00791909	  0.00000108	  0.00791909	  0.00000000	  0.00600498
     -0.7170	    373.0318	 4.6787	 3.966521	 0.008592	  0.00785945	  0.00785853	  0.00000093	  0.00785853	  0.00000000	  0.00595663
     -0.7112	    373.7629	 4.6863	 3.972803	 0.008593	  0.00779921	  0.00779844	  0.00000076	  0.00779844	  0.00000000	  0.00590869
     -0.7056	    374.4938	 4.6939	 3.979084	 0.008593	  0.00773943	  0.00773883	  0.00000060	  0.00773883	  0.00000000	  0.00586115
     -0.6999	    375.2245	 4.7014	 3.985363	 0.008594	  0.00768013	  0.00767969	  0.00000044	  0.00767969	  0.00000000	  0.00581400
     -0.6943	    375.9549	 4.7090	 3.991640	 0.008594	  0.00762129	  0.00762102	  0.00000027	  0.00762102	  0.00000000	  0.00576725
     -0.6888	    376.6851	 4.7166	 3.997915	 0.008594	  0.00756292	  0.00756281	  0.00000011	  0.00756281	  0.00000000	  0.00572089
     -0.6833	    377.4150	 4.7242	 4.004189	 0.008594	  0.00750501	  0.00750507	 -0.00000006	  0.00750507	  0.00000000	  0.00567492
     -0.6778	    378.1447	 4.7317	 4.010460	 0.008594	  0.00744757	  0.00744779	 -0.00000022	  0.00744779	  0.00000000	  0.00562933
     -0.6724	    378.8742	 4.7393	 4.016729	 0.008594	  0.00739058	  0.00739096	 -0.00000038	  0.00739096	  0.00000000	  0.00558413
     -0.6671	    379.6034	 4.7469	 4.022995	 0.008594	  0.00733405	  0.00733459	 -0.00000054	  0.00733459	  0.00000000	  0.00553930
     -0.6617	    380.3323	 4.7544	 4.029259	 0.008593	  0.00727797	  0.00727867	 -0.00000070	  0.00727867	  0.00000000	  0.00549484
     -0.6564	    381.0610	 4.7620	 4.035521	 0.008593	  0.00722235	  0.00722320	 -0.00000085	  0.00722320	  0.00000000	  0.00545076
     -0.6512	    381.7895	 4.7696	 4.041780	 0.008592	  0.00716717	  0.00716817	 -0.00000100	  0.00716817	  0.00000000	  0.00540705
     -0.6460	    382.5177	 4.7772	 4.048037	 0.008591	  0.00711244	  0.00711359	 -0.00000115	  0.00711359	  0.00000000	  0.00536370
     -0.6408	    383.2456	 4.7847	 4.054290	 0.008590	  0.00705815	  0.00705945	 -0.00000129	  0.00705945	  0.00000000	  0.00532072
     -0.6357	    383.9733	 4.7923	 4.060541	 0.008589	  0.00700431	  0.00700574	 -0.00000143	  0.00700574	  0.00000000	  0.00527809
     -0.6307	    384.7008	 4.7999	 4.066788	 0.008588	  0.00695091	  0.00695247	 -0.00000156	  0.00695247	  0.00000000	  0.00523582
     -0.6256	    385.4279	 4.8075	 4.073033	 0.008587	  0.00689794	  0.00689963	 -0.00000168	  0.00689963	  0.00000000	  0.00519391
     -0.6206	    386.1548	 4.8151	 4.079274	 0.008586	  0.00684541	  0.00684721	 -0.00000180	  0.00684721	  0.00000000	  0.00515235
     -0.6157	    386.8814	 4.8226	 4.085512	 0.008584	  0.00679331	  0.00679523	 -0.00000191	  0.00679523	  0.00000000	  0.00511113
     -0.6108	    387.6078	 4.8302	 4.091747	 0.008583	  0.00674164	  0.00674366	 -0.00000202	  0.00674366	  0.00000000	  0.00507026
     -0.6059	    388.3338	 4.8378	 4.097978	 0.008581	  0.00669040	  0.00669252	 -0.00000211	  0.00669252	  0.00000000	  0.00502973
     -0.6010	    389.0596	 4.8454	 4.104206	 0.008580	  0.00663959	  0.00664179	 -0.00000220	  0.00664179	  0.00000000	  0.00498954
     -0.5962	    389.7851	 4.8530	 4.110430	 0.008578	  0.00658919	  0.00659147	 -0.00000228	  0.00659147	  0.00000000	  0.00494969
     -0.5915	    390.5103	 4.8606	 4.116650	 0.008577	  0.00653922	  0.00654157	 -0.00000235	  0.00654157	  0.00000000	  0.00491017
     -0.5868	    391.2353	 4.8682	 4.122867	 0.008575	  0.00648966	  0.00649207	 -0.00000241	  0.00649207	  0.00000000	  0.00487099
     -0.5821	    391.9599	 4.8758	 4.129080	 0.008573	  0.00644051	  0.00644298	 -0.00000247	  0.00644298	  0.00000000	  0.00483213
     -0.5774	    392.6842	 4.8834	 4.135289	 0.008571	  0.00639178	  0.00639429	 -0.00000251	  0.00639429	  0.00000000	  0.00479360
     -0.5728	    393.4082	 4.8909	 4.141493	 0.008569	  0.00634346	  0.00634600	 -0.00000254	  0.00634600	  0.00000000	  0.00475539
     -0.5682	    394.1319	 4.8985	 4.147694	 0.008568	  0.00629554	  0.00629810	 -0.00000256	  0.00629810	  0.00000000	  0.00471750
     -0.5637	    394.8553	 4.9061	 4.153891	 0.008566	  0.00624803	  0.00625060	 -0.00000257	  0.00625060	  0.00000000	  0.00467993
     -0.5592	    395.5783	 4.9137	 4.160084	 0.008564	  0.00620091	  0.00620348	 -0.00000257	  0.00620348	  0.00000000	  0.00464268
     -0.5547	    396.3011	 4.9213	 4.166273	 0.008562	  0.00615420	  0.00615676	 -0.00000256	  0.00615676	  0.00000000	  0.00460573
     -0.5503	    397.0235	 4.9290	 4.172457	 0.008560	  0.00610787	  0.00611041	 -0.00000254	  0.00611041	  0.00000000	  0.00456910
     -0.5459	    397.7455	 4.9366	 4.178638	 0.008558	  0.00606194	  0.00606445	 -0.00000250	  0.00606445	  0.00000000	  0.00453278
     -0.5416	    398.4673	 4.9442	 4.184814	 0.008557	  0.00601640	  0.00601886	 -0.00000246	  0.00601886	  0.00000000	  0.00449677
     -0.5372	    399.1886	 4.9518	 4.190986	 0.008555	  0.00597124	  0.00597364	 -0.00000240	  0.00597364	  0.00000000	  0.00446105
     -0.5329	    399.9097	 4.9594	 4.197153	 0.008553	  0.00592646	  0.00592880	 -0.00000233	  0.00592880	  0.00000000	  0.00442564
     -0.5287	    400.6303	 4.9670	 4.203317	 0.008551	  0.00588207	  0.00588432	 -0.00000225	  0.00588432	  0.00000000	  0.00439053
     -0.5245	    401.3507	 4.9746	 4.209476	 0.008550	  0.00583805	  0.00584021	 -0.00000216	  0.00584021	  0.00000000	  0.00435571
     -0.5203	    402.0706	 4.9822	 4.215631	 0.008548	  0.00579440	  0.00579645	 -0.00000206	  0.00579645	  0.00000000	  0.00432118
     -0.5161	    402.7902	 4.9899	 4.221781	 0.008547	  0.00575112	  0.00575306	 -0.00000194	  0.00575306	  0.00000000	  0.00428695
     -0.5120	    403.5094	 4.9975	 4.227928	 0.008545	  0.00570820	  0.00571002	 -0.00000182	  0.00571002	  0.00000000	  0.00425301
     -0.5079	    404.2282	 5.0051	 4.234070	 0.008544	  0.00566565	  0.00566733	 -0.00000168	  0.00566733	  0.00000000	  0.00421935
     -0.5039	    404.9467	 5.0127	 4.240208	 0.008543	  0.00562346	  0.00562499	 -0.00000153	  0.00562499	  0.00000000	  0.00418597
     -0.4998	    405.6647	 5.0204	 4.246342	 0.008542	  0.00558162	  0.00558299	 -0.00000137	  0.00558299	  0.00000000	  0.00415288
     -0.4958	    406.3824	 5.0280	 4.252472	 0.008541	  0.00554013	  0.00554133	 -0.00000120	  0.00554133	  0.00000000	  0.00412007
     -0.4919	    407.0996	 5.0356	 4.258598	 0.008540	  0.00549899	  0.00550001	 -0.00000102	  0.00550001	  0.00000000	  0.00408754
     -0.4880	    407.8165	 5.0433	 4.264720	 0.008540	  0.00545820	  0.00545903	 -0.00000083	  0.00545903	  0.00000000	  0.00405528
     -0.4841	    408.5329	 5.0509	 4.270837	 0.008539	  0.00541775	  0.00541838	 -0.00000063	  0.00541838	  0.00000000	  0.00402329
     -0.4802	    409.2489	 5.0585	 4.276951	 0.008539	  0.00537764	  0.00537805	 -0.00000041	  0.00537805	  0.00000000	  0.00399157
     -0.4764	    409.9645	 5.0662	 4.283062	 0.008539	  0.00533786	  0.00533806	 -0.00000019	  0.00533806	  0.00000000	  0.00396012
     -0.4726	    410.6797	 5.0738	 4.289168	 0.008538	  0.00529842	  0.00529838	  0.00000004	  0.00529838	  0.00000000	  0.00392894
     -0.4688	    411.3944	 5.0814	 4.295271	 0.008539	  0.00525930	  0.00525902	  0.00000028	  0.00525902	  0.00000000	  0.00389803
     -0.4650	    412.1087	 5.0891	 4.301370	 0.008539	  0.00522050	  0.00521998	  0.00000053	  0.00521998	  0.00000000	  0.00386737
     -0.4613	    412.8226	 5.0967	 4.307466	 0.008539	  0.00518203	  0.00518124	  0.00000078	  0.00518124	  0.00000000	  0.00383697
     -0.4577	    413.5360	 5.1043	 4.313558	 0.008540	  0.00514387	  0.00514282	  0.00000105	  0.00514282	  0.00000000	  0.00380684
     -0.4540	    414.2490	 5.1120	 4.319647	 0.008541	  0.00510602	  0.00510470	  0.00000132	  0.00510470	  0.00000000	  0.00377695
     -0.4504	    414.9615	 5.1196	 4.325733	 0.008542	  0.00506849	  0.00506689	  0.00000160	  0.00506689	  0.00000000	  0.00374732
     -0.4468	    415.6735	 5.1272	 4.331816	 0.008543	  0.00503126	  0.00502937	  0.00000189	  0.00502937	  0.00000000	  0.00371795
     -0.4432	    416.3851	 5.1349	 4.337896	 0.008545	  0.00499433	  0.00499215	  0.00000218	  0.00499215	  0.00000000	  0.00368882
     -0.4397	    417.0963	 5.1425	 4.343973	 0.008546	  0.00495770	  0.00495522	  0.00000248	  0.00495522	  0.00000000	  0.00365994
     -0.4362	    417.8069	 5.1501	 4.350047	 0.008548	  0.00492137	  0.00491859	  0.00000278	  0.00491859	  0.00000000	  0.00363130
     -0.4327	    418.5171	 5.1577	 4.356119	 0.008550	  0.00488533	  0.00488224	  0.00000309	  0.00488224	  0.00000000	  0.00360290
     -0.4292	    419.2269	 5.1654	 4.362188	 0.008553	  0.00484957	  0.00484617	  0.00000340	  0.00484617	  0.00000000	  0.00357475
     -0.4258	    419.9361	 5.1730	 4.368254	 0.008555	  0.00481410	  0.00481038	  0.00000372	  0.00481038	  0.00000000	  0.00354684
     -0.4224	    420.6449	 5.1806	 4.374319	 0.008558	  0.00477891	  0.00477487	  0.00000404	  0.00477487	  0.00000000	  0.00351916
     -0.4190	    421.3532	 5.1882	 4.380381	 0.008561	  0.00474400	  0.00473963	  0.00000437	  0.00473963	  0.00000000	  0.00349171
     -0.4157	    422.0610	 5.1959	 4.386442	 0.008564	  0.00470936	  0.00470467	  0.00000469	  0.00470467	  0.00000000	  0.00346450
     -0.4124	    422.7683	 5.2035	 4.392500	 0.008567	  0.00467499	  0.00466997	  0.00000502	  0.00466997	  0.00000000	  0.00343752
     -0.4091	    423.4751	 5.2111	 4.398557	 0.008571	  0.00464089	  0.00463554	  0.00000535	  0.00463554	  0.00000000	  0.00341077
     -0.4058	    424.1814	 5.2187	 4.404613	 0.008575	  0.00460706	  0.00460137	  0.00000568	  0.00460137	  0.00000000	  0.00338424
     -0.4026	    424.8873	 5.2263	 4.410666	 0.008579	  0.00457348	  0.00456747	  0.00000601	  0.00456747	  0.00000000	  0.00335794
     -0.3993	    425.5926	 5.2339	 4.416719	 0.008583	  0.00454016	  0.00453381	  0.00000634	  0.00453381	  0.00000000	  0.00333187
     -0.3962	    426.2975	 5.2415	 4.422771	 0.008588	  0.00450709	  0.00450042	  0.00000667	  0.00450042	  0.00000000	  0.00330601
     -0.3930	    427.0018	 5.2491	 4.428821	 0.008593	  0.00447427	  0.00446727	  0.00000700	  0.00446727	  0.00000000	  0.00328037
     -0.3899	    427.7056	 5.2567	 4.434871	 0.008598	  0.00444170	  0.00443437	  0.00000733	  0.00443437	  0.00000000	  0.00325495
     -0.3867	    428.4090	 5.2643	 4.440920	 0.008603	  0.00440937	  0.00440172	  0.00000765	  0.00440172	  0.00000000	  0.00322974
     -0.3837	    429.1118	 5.2719	 4.446969	 0.008609	  0.00437729	  0.00436931	  0.00000798	  0.00436931	  0.00000000	  0.00320475
     -0.3806	    429.8142	 5.2794	 4.453017	 0.008614	  0.00434544	  0.00433714	  0.00000829	  0.00433714	  0.00000000	  0.00317996
     -0.3776	    430.5160	 5.2870	 4.459065	 0.008620	  0.00431382	  0.00430521	  0.00000861	  0.00430521	  0.00000000	  0.00315539
     -0.3745	    431.2174	 5.2946	 4.465113	 0.008626	  0.00428244	  0.00427352	  0.00000892	  0.00427352	  0.00000000	  0.00313102
     -0.3716	    431.9182	 5.3021	 4.471161	 0.008633	  0.00425128	  0.00424206	  0.00000922	  0.00424206	  0.00000000	  0.00310686
     -0.3686	    432.6185	 5.3097	 4.477209	 0.008639	  0.00422035	  0.00421083	  0.00000953	  0.00421083	  0.00000000	  0.00308291
     -0.3656	    433.3184	 5.3172	 4.483258	 0.008646	  0.00418964	  0.00417982	  0.00000982	  0.00417982	  0.00000000	  0.00305915
     -0.3627	    434.0177	 5.3248	 4.489307	 0.008653	  0.00415915	  0.00414905	  0.00001011	  0.00414905	  0.00000000	  0.00303559
     -0.3598	    434.7166	 5.3323	 4.495356	 0.008660	  0.00412888	  0.00411849	  0.00001039	  0.00411849	  0.00000000	  0.00301223
     -0.3570	    435.4149	 5.3399	 4.501407	 0.008668	  0.00409882	  0.00408816	  0.00001066	  0.00408816	  0.00000000	  0.00298907
     -0.3541	    436.1128	 5.3474	 4.507458	 0.008675	  0.00406898	  0.00405805	  0.00001093	  0.00405805	  0.00000000	  0.00296610
     -0.3513	    436.8101	 5.3549	 4.513511	 0.008683	  0.00403934	  0.00402815	  0.00001119	  0.00402815	  0.00000000	  0.00294333
     -0.3485	    437.5070	 5.3624	 4.519564	 0.008691	  0.00400991	  0.00399847	  0.00001144	  0.00399847	  0.00000000	  0.00292074
     -0.3457	    438.2034	 5.3699	 4.525619	 0.008699	  0.00398068	  0.00396900	  0.00001168	  0.00396900	  0.00000000	  0.00289835
     -0.3429	    438.8993	 5.3774	 4.531675	 0.008707	  0.00395165	  0.00393974	  0.00001191	  0.00393974	  0.00000000	  0.00287614
     -0.3402	    439.5947	 5.3849	 4.537733	 0.008715	  0.00392282	  0.00391069	  0.00001213	  0.00391069	  0.00000000	  0.00285412
     -0.3375	    440.2896	 5.3924	 4.543793	 0.008724	  0.00389419	  0.00388184	  0.00001235	  0.00388184	  0.00000000	  0.00283228
     -0.3348	    440.9841	 5.3998	 4.549854	 0.008733	  0.00386575	  0.00385320	  0.00001255	  0.00385320	  0.00000000	  0.00281062
     -0.3321	    441.6781	 5.4073	 4.555917	 0.008741	  0.00383750	  0.00382476	  0.00001274	  0.00382476	  0.00000000	  0.00278914
     -0.3295	    442.3716	 5.4147	 4.561982	 0.008750	  0.00380944	  0.00379652	  0.00001292	  0.00379652	  0.00000000	  0.00276784
     -0.3268	    443.0646	 5.4222	 4.568050	 0.008759	  0.00378157	  0.00376849	  0.00001309	  0.00376849	  0.00000000	  0.00274672
     -0.3242	    443.7572	 5.4296	 4.574119	 0.008768	  0.00375389	  0.00374064	  0.00001325	  0.00374064	  0.00000000	  0.00272578
     -0.3216	    444.4493	 5.4371	 4.580191	 0.008778	  0.00372639	  0.00371300	  0.00001339	  0.00371300	  0.00000000	  0.00270500
     -0.3191	    445.1409	 5.4445	 4.586265	 0.008787	  0.00369907	  0.00368554	  0.00001353	  0.00368554	  0.00000000	  0.00268440
     -0.3165	    445.8321	 5.4519	 4.592342	 0.008796	  0.00367193	  0.00365828	  0.00001365	  0.00365828	  0.00000000	  0.00266397
     -0.3140	    446.5229	 5.4593	 4.598421	 0.008806	  0.00364497	  0.00363121	  0.00001376	  0.00363121	  0.00000000	  0.00264371
     -0.3115	    447.2132	 5.4667	 4.604503	 0.008815	  0.00361818	  0.00360433	  0.00001386	  0.00360433	  0.00000000	  0.00262361
     -0.3090	    447.9031	 5.4741	 4.610588	 0.008825	  0.00359157	  0.00357763	  0.00001394	  0.00357763	  0.00000000	  0.00260368
     -0.3065	    448.5925	 5.4815	 4.616675	 0.008834	  0.00356514	  0.00355112	  0.00001401	  0.00355112	  0.00000000	  0.00258392
     -0.3041	    449.2815	 5.4888	 4.622766	 0.008844	  0.00353887	  0.00352480	  0.00001407	  0.00352480	  0.00000000	  0.00256431
     -0.3017	    449.9701	 5.4962	 4.628859	 0.008854	  0.00351277	  0.00349865	  0.00001412	  0.00349865	  0.00000000	  0.00254487
     -0.2992	    450.6582	 5.5035	 4.634955	 0.008864	  0.00348684	  0.00347269	  0.00001415	  0.00347269	  0.00000000	  0.00252559
     -0.2969	    451.3460	 5.5109	 4.641054	 0.008873	  0.00346108	  0.00344691	  0.00001417	  0.00344691	  0.00000000	  0.00250646
     -0.2945	    452.0333	 5.5182	 4.647157	 0.008883	  0.00343549	  0.00342131	  0.00001418	  0.00342131	  0.00000000	  0.00248749
     -0.2921	    452.7202	 5.5255	 4.653262	 0.008893	  0.00341005	  0.00339588	  0.00001417	  0.00339588	  0.00000000	  0.00246867
     -0.2898	    453.4068	 5.5328	 4.659371	 0.008903	  0.00338478	  0.00337063	  0.00001415	  0.00337063	  0.00000000	  0.00245001
     -0.2875	    454.0929	 5.5401	 4.665482	 0.008912	  0.00335968	  0.00334556	  0.00001412	  0.00334556	  0.00000000	  0.00243150
     -0.2852	    454.7786	 5.5474	 4.671597	 0.008922	  0.00333473	  0.00332066	  0.00001407	  0.00332066	  0.00000000	  0.00241314
     -0.2829	    455.4640	 5.5547	 4.677715	 0.008932	  0.00330994	  0.00329593	  0.00001401	  0.00329593	  0.00000000	  0.00239493
     -0.2807	    456.1490	 5.5620	 4.683836	 0.008941	  0.00328531	  0.00327137	  0.00001394	  0.00327137	  0.00000000	  0.00237686
     -0.2784	    456.8336	 5.5692	 4.689961	 0.008951	  0.00326084	  0.00324698	  0.00001386	  0.00324698	  0.00000000	  0.00235895
     -0.2762	    457.5178	 5.5765	 4.696088	 0.008960	  0.00323653	  0.00322277	  0.00001376	  0.00322277	  0.00000000	  0.00234117
     -0.2740	    458.2017	 5.5837	 4.702219	 0.008969	  0.00321237	  0.00319872	  0.00001365	  0.00319872	  0.00000000	  0.00232354
     -0.2718	    458.8853	 5.5910	 4.708353	 0.008979	  0.00318836	  0.00317483	  0.00001353	  0.00317483	  0.00000000	  0.00230605
     -0.2696	    459.5684	 5.5982	 4.714490	 0.008988	  0.00316451	  0.00315112	  0.00001339	  0.00315112	  0.00000000	  0.00228870
     -0.2675	    460.2513	 5.6054	 4.720631	 0.008997	  0.00314081	  0.00312757	  0.00001325	  0.00312757	  0.00000000	  0.00227150
     -0.2653	    460.9338	 5.6126	 4.726774	 0.009006	  0.00311727	  0.00310418	  0.00001309	  0.00310418	  0.00000000	  0.00225442
     -0.2632	    461.6159	 5.6198	 4.732921	 0.009015	  0.00309387	  0.00308095	  0.00001292	  0.00308095	  0.00000000	  0.00223749
     -0.2611	    462.2978	 5.6270	 4.739071	 0.009024	  0.00307063	  0.00305789	  0.00001274	  0.00305789	  0.00000000	  0.00222069
     -0.2590	    462.9793	 5.6342	 4.745223	 0.009032	  0.00304754	  0.00303499	  0.00001254	  0.00303499	  0.00000000	  0.00220402
     -0.2570	    463.6605	 5.6414	 4.751379	 0.009041	  0.00302459	  0.00301225	  0.00001234	  0.00301225	  0.00000000	  0.00218749
     -0.2549	    464.3414	 5.6486	 4.757538	 0.009049	  0.00300180	  0.00298967	  0.00001213	  0.00298967	  0.00000000	  0.00217109
     -0.2529	    465.0220	 5.6557	 4.763699	 0.009057	  0.00297915	  0.00296725	  0.00001190	  0.00296725	  0.00000000	  0.00215482
     -0.2509	    465.7023	 5.6629	 4.769863	 0.009065	  0.00295665	  0.00294499	  0.00001166	  0.00294499	  0.00000000	  0.00213868
     -0.2489	    466.3822	 5.6700	 4.776030	 0.009073	  0.00293430	  0.00292288	  0.00001142	  0.00292288	  0.00000000	  0.00212266
     -0.2469	    467.0620	 5.6771	 4.782200	 0.009081	  0.00291210	  0.00290093	  0.00001116	  0.00290093	  0.00000000	  0.00210677
     -0.2449	    467.7414	 5.6843	 4.788372	 0.009088	  0.00289004	  0.00287914	  0.00001090	  0.00287914	  0.00000000	  0.00209101
     -0.2429	    468.4205	 5.6914	 4.794547	 0.009096	  0.00286813	  0.00285750	  0.00001063	  0.00285750	  0.00000000	  0.00207537
     -0.2410	    469.0994	 5.6985	 4.800724	 0.009103	  0.00284636	  0.00283601	  0.00001035	  0.00283601	  0.00000000	  0.00205986
     -0.2391	    469.7780	 5.7056	 4.806904	 0.009110	  0.00282474	  0.00281468	  0.00001005	  0.00281468	  0.00000000	  0.00204446
     -0.2372	    470.4564	 5.7127	 4.813086	 0.009116	  0.00280326	  0.00279350	  0.00000976	  0.00279350	  0.00000000	  0.00202919
     -0.2353	    471.1344	 5.7198	 4.819269	 0.009123	  0.00278193	  0.00277248	  0.00000945	  0.00277248	  0.00000000	  0.00201404
     -0.2334	    471.8123	 5.7269	 4.825455	 0.009129	  0.00276074	  0.00275160	  0.00000914	  0.00275160	  0.00000000	  0.00199901
     -0.2315	    472.4899	 5.7340	 4.831643	 0.009135	  0.00273970	  0.00273088	  0.00000882	  0.00273088	  0.00000000	  0.00198409
     -0.2297	    473.1672	 5.7411	 4.837833	 0.009141	  0.00271880	  0.00271031	  0.00000849	  0.00271031	  0.00000000	  0.00196929
     -0.2279	    473.8443	 5.7481	 4.844024	 0.009147	  0.00269804	  0.00268988	  0.00000816	  0.00268988	  0.00000000	  0.00195461
     -0.2260	    474.5211	 5.7552	 4.850217	 0.009152	  0.00267742	  0.00266961	  0.00000782	  0.00266961	  0.00000000	  0.00194004
     -0.2242	    475.1978	 5.7622	 4.856411	 0.009157	  0.00265695	  0.00264948	  0.00000747	  0.00264948	  0.00000000	  0.00192558
     -0.2224	    475.8742	 5.7693	 4.862607	 0.009162	  0.00263662	  0.00262950	  0.00000712	  0.00262950	  0.00000000	  0.00191124
     -0.2207	    476.5504	 5.7763	 4.868804	 0.009167	  0.00261643	  0.00260967	  0.00000677	  0.00260967	  0.00000000	  0.00189701
     -0.2189	    477.2263	 5.7834	 4.875002	 0.009171	  0.00259639	  0.00258998	  0.00000641	  0.00258998	  0.00000000	  0.00188289
     -0.2172	    477.9020	 5.7904	 4.881201	 0.009176	  0.00257648	  0.00257044	  0.00000605	  0.00257044	  0.00000000	  0.00186888
     -0.2154	    478.5776	 5.7974	 4.887401	 0.009180	  0.00255672	  0.00255104	  0.00000568	  0.00255104	  0.00000000	  0.00185498
     -0.2137	    479.2529	 5.8045	 4.893601	 0.009183	  0.00253710	  0.00253179	  0.00000531	  0.00253179	  0.00000000	  0.00184118
     -0.2120	    479.9280	 5.8115	 4.899802	 0.009187	  0.00251762	  0.00251268	  0.00000494	  0.00251268	  0.00000000	  0.00182749
     -0.2103	    480.6029	 5.8185	 4.906003	 0.009190	  0.00249828	  0.00249372	  0.00000456	  0.00249372	  0.00000000	  0.00181391
     -0.2086	    481.2776	 5.8255	 4.912204	 0.009193	  0.00247907	  0.00247489	  0.00000418	  0.00247489	  0.00000000	  0.00180043
     -0.2070	    481.9521	 5.8326	 4.918406	 0.009196	  0.00246001	  0.00245621	  0.00000380	  0.00245621	  0.00000000	  0.00178706
     -0.2053	    482.6263	 5.8396	 4.924607	 0.009198	  0.00244109	  0.00243767	  0.00000342	  0.00243767	  0.00000000	  0.00177379
     -0.2037	    483.3004	 5.8466	 4.930808	 0.009200	  0.00242231	  0.00241927	  0.00000304	  0.00241927	  0.00000000	  0.00176062
     -0.2020	    483.9743	 5.8536	 4.937009	 0.009202	  0.00240367	  0.00240102	  0.00000265	  0.00240102	  0.00000000	  0.00174756
     -0.2004	    484.6480	 5.8606	 4.943209	 0.009204	  0.00238516	  0.00238290	  0.00000227	  0.00238290	  0.00000000	  0.00173459
     -0.1988	    485.3215	 5.8676	 4.949408	 0.009205	  0.00236680	  0.00236492	  0.00000188	  0.00236492	  0.00000000	  0.00172173
     -0.1972	    485.9949	 5.8746	 4.955606	 0.009206	  0.00234857	  0.00234708	  0.00000149	  0.00234708	  0.00000000	  0.00170896
     -0.1957	    486.6680	 5.8816	 4.961804	 0.009207	  0.00233048	  0.00232937	  0.00000111	  0.00232937	  0.00000000	  0.00169629
     -0.1941	    487.3409	 5.8886	 4.968000	 0.009208	  0.00231253	  0.00231180	  0.00000072	  0.00231180	  0.00000000	  0.00168372
     -0.1926	    488.0136	 5.8956	 4.974194	 0.009208	  0.00229471	  0.00229437	  0.00000034	  0.00229437	  0.00000000	  0.00167125
     -0.1910	    488.6862	 5.9026	 4.980387	 0.009208	  0.00227704	  0.00227708	 -0.00000004	  0.00227708	  0.00000000	  0.00165887
     -0.1895	    489.3586	 5.9096	 4.986579	 0.009208	  0.00225950	  0.00225992	 -0.00000042	  0.00225992	  0.00000000	  0.00164659
     -0.1880	    490.0307	 5.9165	 4.992768	 0.009208	  0.00224209	  0.00224289	 -0.00000080	  0.00224289	  0.00000000	  0.00163440
     -0.1865	    490.7027	 5.9235	 4.998955	 0.009207	  0.00222483	  0.00222600	 -0.00000118	  0.00222600	  0.00000000	  0.00162231
     -0.1850	    491.3745	 5.9305	 5.005140	 0.009206	  0.00220769	  0.00220925	 -0.00000155	  0.00220925	  0.00000000	  0.00161030
     -0.1835	    492.0461	 5.9375	 5.011322	 0.009205	  0.00219070	  0.00219262	 -0.00000193	  0.00219262	  0.00000000	  0.00159839
     -0.1820	    492.7175	 5.9445	 5.017502	 0.009204	  0.00217383	  0.00217613	 -0.00000230	  0.00217613	  0.00000000	  0.00158658
     -0.1806	    493.3887	 5.9515	 5.023679	 0.009202	  0.00215711	  0.00215977	 -0.00000266	  0.00215977	  0.00000000	  0.00157485
     -0.1792	    494.0597	 5.9585	 5.029853	 0.009200	  0.00214051	  0.00214354	 -0.00000303	  0.00214354	  0.00000000	  0.00156321
     -0.1777	    494.7305	 5.9655	 5.036024	 0.009198	  0.00212405	  0.00212744	 -0.00000338	  0.00212744	  0.00000000	  0.00155166
     -0.1763	    495.4011	 5.9725	 5.042191	 0.009195	  0.00210773	  0.00211147	 -0.00000374	  0.00211147	  0.00000000	  0.00154020
     -0.1749	    496.0716	 5.9795	 5.048355	 0.009193	  0.00209154	  0.00209563	 -0.00000409	  0.00209563	  0.00000000	  0.00152883
     -0.1735	    496.7418	 5.9865	 5.054515	 0.009190	  0.00207547	  0.00207991	 -0.00000444	  0.00207991	  0.00000000	  0.00151755
     -0.1721	    497.4118	 5.9935	 5.060671	 0.009187	  0.00205955	  0.00206433	 -0.00000478	  0.00206433	  0.00000000	  0.00150635
     -0.1707	    498.0816	 6.0005	 5.066823	 0.009184	  0.00204375	  0.00204887	 -0.00000512	  0.00204887	  0.00000000	  0.00149524
     -0.1694	    498.7511	 6.0075	 5.072971	 0.009180	  0.00202808	  0.00203354	 -0.00000546	  0.00203354	  0.00000000	  0.00148422
     -0.1680	    499.4205	 6.0145	 5.079115	 0.009176	  0.00201255	  0.00201833	 -0.00000579	  0.00201833	  0.00000000	  0.00147327
     -0.1667	    500.0896	 6.0216	 5.085254	 0.009172	  0.00199714	  0.00200325	 -0.00000611	  0.00200325	  0.00000000	  0.00146242
     -0.1654	    500.7585	 6.0286	 5.091388	 0.009168	  0.00198187	  0.00198829	 -0.00000643	  0.00198829	  0.00000000	  0.00145165
     -0.1640	    501.4272	 6.0356	 5.097517	 0.009164	  0.00196672	  0.00197346	 -0.00000674	  0.00197346	  0.00000000	  0.00144096
     -0.1627	    502.0957	 6.0426	 5.103641	 0.009159	  0.00195170	  0.00195875	 -0.00000705	  0.00195875	  0.00000000	  0.00143035
     -0.1614	    502.7639	 6.0497	 5.109759	 0.009154	  0.00193681	  0.00194416	 -0.00000735	  0.00194416	  0.00000000	  0.00141982
     -0.1601	    503.4319	 6.0567	 5.115872	 0.009149	  0.00192205	  0.00192970	 -0.00000765	  0.00192970	  0.00000000	  0.00140938
     -0.1589	    504.0996	 6.0637	 5.121980	 0.009144	  0.00190742	  0.00191535	 -0.00000794	  0.00191535	  0.00000000	  0.00139901
     -0.1576	    504.7671	 6.0708	 5.128081	 0.009139	  0.00189291	  0.00190113	 -0.00000822	  0.00190113	  0.00000000	  0.00138873
     -0.1563	    505.4343	 6.0778	 5.134177	 0.009133	  0.00187852	  0.00188702	 -0.00000850	  0.00188702	  0.00000000	  0.00137853
     -0.1551	    506.1012	 6.0849	 5.140266	 0.009127	  0.00186427	  0.00187303	 -0.00000877	  0.00187303	  0.00000000	  0.00136840
     -0.1538	    506.7679	 6.0919	 5.146350	 0.009121	  0.00185013	  0.00185916	 -0.00000903	  0.00185916	  0.00000000	  0.00135835
     -0.1526	    507.4344	 6.0990	 5.152426	 0.009115	  0.00183612	  0.00184541	 -0.00000929	  0.00184541	  0.00000000	  0.00134838
     -0.1514	    508.1005	 6.1060	 5.158496	 0.009109	  0.00182224	  0.00183178	 -0.00000954	  0.00183178	  0.00000000	  0.00133849
     -0.1502	    508.7663	 6.1131	 5.164559	 0.009103	  0.00180847	  0.00181826	 -0.00000979	  0.00181826	  0.00000000	  0.00132868
     -0.1490	    509.4319	 6.1202	 5.170615	 0.009096	  0.00179483	  0.00180485	 -0.00001002	  0.00180485	  0.00000000	  0.00131894
     -0.1478	    510.0972	 6.1273	 5.176664	 0.009089	  0.00178131	  0.00179156	 -0.00001025	  0.00179156	  0.00000000	  0.00130928
     -0.1466	    510.7621	 6.1344	 5.182706	 0.009082	  0.00176791	  0.00177839	 -0.00001048	  0.00177839	  0.00000000	  0.00129969
     -0.1454	    511.4268	 6.1414	 5.188740	 0.009075	  0.00175463	  0.00176533	 -0.00001070	  0.00176533	  0.00000000	  0.00129017
     -0.1443	    512.0911	 6.1485	 5.194766	 0.009068	  0.00174147	  0.00175238	 -0.00001091	  0.00175238	  0.00000000	  0.00128074
     -0.1431	    512.7551	 6.1557	 5.200785	 0.009061	  0.00172843	  0.00173954	 -0.00001111	  0.00173954	  0.00000000	  0.00127137
     -0.1420	    513.4187	 6.1628	 5.206796	 0.009053	  0.00171551	  0.00172681	 -0.00001130	  0.00172681	  0.00000000	  0.00126208
     -0.1409	    514.0821	 6.1699	 5.212799	 0.009046	  0.00170270	  0.00171419	 -0.00001149	  0.00171419	  0.00000000	  0.00125286
     -0.1397	    514.7450	 6.1770	 5.218793	 0.009038	  0.00169001	  0.00170168	 -0.00001167	  0.00170168	  0.00000000	  0.00124371
     -0.1386	    515.4076	 6.1841	 5.224779	 0.009030	  0.00167744	  0.00168928	 -0.00001185	  0.00168928	  0.00000000	  0.00123464
     -0.1375	    516.0699	 6.1913	 5.230757	 0.009022	  0.00166498	  0.00167699	 -0.00001201	  0.00167699	  0.00000000	  0.00122563
     -0.1364	    516.7317	 6.1984	 5.236726	 0.009014	  0.00165263	  0.00166481	 -0.00001217	  0.00166481	  0.00000000	  0.00121670
     -0.1353	    517.3932	 6.2056	 5.242686	 0.009006	  0.00164040	  0.00165273	 -0.00001232	  0.00165273	  0.00000000	  0.00120783
     -0.1342	    518.0543	 6.2127	 5.248637	 0.008998	  0.00162829	  0.00164075	 -0.00001247	  0.00164075	  0.00000000	  0.00119904
     -0.1332	    518.7150	 6.2199	 5.254579	 0.008990	  0.00161628	  0.00162888	 -0.00001260	  0.00162888	  0.00000000	  0.00119032
     -0.1321	    519.3752	 6.2271	 5.260512	 0.008981	  0.00160439	  0.00161712	 -0.00001273	  0.00161712	  0.00000000	  0.00118166
     -0.1311	    520.0351	 6.2342	 5.266436	 0.008973	  0.00159261	  0.00160546	 -0.00001285	  0.00160546	  0.00000000	  0.00117307
     -0.1300	    520.6945	 6.2414	 5.272350	 0.008965	  0.00158093	  0.00159390	 -0.00001297	  0.00159390	  0.00000000	  0.00116455
     -0.1290	    521.3535	 6.2486	 5.278255	 0.008956	  0.00156937	  0.00158244	 -0.00001307	  0.00158244	  0.00000000	  0.00115610
     -0.1279	    522.0120	 6.2558	 5.284150	 0.008947	  0.00155792	  0.00157109	 -0.00001317	  0.00157109	  0.00000000	  0.00114772
     -0.1269	    522.6701	 6.2630	 5.290035	 0.008939	  0.00154657	  0.00155983	 -0.00001326	  0.00155983	  0.00000000	  0.00113940
     -0.1259	    523.3277	 6.2703	 5.295910	 0.008930	  0.00153533	  0.00154867	 -0.00001335	  0.00154867	  0.00000000	  0.00113115
     -0.1249	    523.9848	 6.2775	 5.301775	 0.008921	  0.00152419	  0.00153762	 -0.00001342	  0.00153762	  0.00000000	  0.00112296
     -0.1239	    524.6414	 6.2847	 5.307630	 0.008912	  0.00151317	  0.00152666	 -0.00001349	  0.00152666	  0.00000000	  0.00111484
     -0.1229	    525.2976	 6.2920	 5.313475	 0.008903	  0.00150224	  0.00151579	 -0.00001355	  0.00151579	  0.00000000	  0.00110678
     -0.1219	    525.9532	 6.2992	 5.319309	 0.008894	  0.00149142	  0.00150503	 -0.00001361	  0.00150503	  0.00000000	  0.00109879
     -0.1210	    526.6083	 6.3065	 5.325133	 0.008886	  0.00148070	  0.00149436	 -0.00001365	  0.00149436	  0.00000000	  0.00109087
     -0.1200	    527.2629	 6.3137	 5.330946	 0.008877	  0.00147009	  0.00148378	 -0.00001369	  0.00148378	  0.00000000	  0.00108300
     -0.1190	    527.9169	 6.3210	 5.336748	 0.008868	  0.00145958	  0.00147330	 -0.00001372	  0.00147330	  0.00000000	  0.00107520
     -0.1181	    528.5703	 6.3283	 5.342540	 0.008859	  0.00144916	  0.00146291	 -0.00001375	  0.00146291	  0.00000000	  0.00106746
     -0.1171	    529.2232	 6.3356	 5.348321	 0.008850	  0.00143885	  0.00145261	 -0.00001376	  0.00145261	  0.00000000	  0.00105979
     -0.1162	    529.8756	 6.3428	 5.354091	 0.008841	  0.00142864	  0.00144241	 -0.00001377	  0.00144241	  0.00000000	  0.00105217
     -0.1153	    530.5273	 6.3501	 5.359850	 0.008832	  0.00141852	  0.00143230	 -0.00001377	  0.00143230	  0.00000000	  0.00104462
     -0.1144	    531.1785	 6.3575	 5.365598	 0.008823	  0.00140851	  0.00142227	 -0.00001377	  0.00142227	  0.00000000	  0.00103713
     -0.1134	    531.8290	 6.3648	 5.371334	 0.008814	  0.00139859	  0.00141234	 -0.00001375	  0.00141234	  0.00000000	  0.00102970
     -0.1125	    532.4789	 6.3721	 5.377059	 0.008805	  0.00138876	  0.00140250	 -0.00001373	  0.00140250	  0.00000000	  0.00102233
     -0.1116	    533.1282	 6.3794	 5.382773	 0.008796	  0.00137903	  0.00139274	 -0.00001371	  0.00139274	  0.00000000	  0.00101502
     -0.1107	    533.7768	 6.3868	 5.388476	 0.008787	  0.00136940	  0.00138307	 -0.00001367	  0.00138307	  0.00000000	  0.00100777
     -0.1099	    534.4247	 6.3941	 5.394166	 0.008778	  0.00135986	  0.00137349	 -0.00001363	  0.00137349	  0.00000000	  0.00100057
     -0.1090	    535.0720	 6.4015	 5.399846	 0.008769	  0.00135041	  0.00136399	 -0.00001358	  0.00136399	  0.00000000	  0.00099344
     -0.1081	    535.7187	 6.4088	 5.405513	 0.008761	  0.00134106	  0.00135458	 -0.00001352	  0.00135458	  0.00000000	  0.00098636
     -0.1073	    536.3646	 6.4162	 5.411169	 0.008752	  0.00133179	  0.00134525	 -0.00001346	  0.00134525	  0.00000000	  0.00097935
     -0.1064	    537.0098	 6.4236	 5.416813	 0.008743	  0.00132262	  0.00133601	 -0.00001339	  0.00133601	  0.00000000	  0.00097239
     -0.1055	    537.6543	 6.4310	 5.422445	 0.008735	  0.00131353	  0.00132684	 -0.00001331	  0.00132684	  0.00000000	  0.00096549
     -0.1047	    538.2981	 6.4384	 5.428066	 0.008726	  0.00130454	  0.00131776	 -0.00001322	  0.00131776	  0.00000000	  0.00095864
     -0.1039	    538.9411	 6.4458	 5.433674	 0.008718	  0.00129563	  0.00130876	 -0.00001313	  0.00130876	  0.00000000	  0.00095185
     -0.1030	    539.5834	 6.4532	 5.439270	 0.008709	  0.00128681	  0.00129985	 -0.00001303	  0.00129985	  0.00000000	  0.00094512
     -0.1022	    540.2248	 6.4606	 5.444855	 0.008701	  0.00127808	  0.00129101	 -0.00001293	  0.00129101	  0.00000000	  0.00093844
     -0.1014	    540.8656	 6.4680	 5.450427	 0.008693	  0.00126944	  0.00128225	 -0.00001281	  0.00128225	  0.00000000	  0.00093182
     -0.1006	    541.5055	 6.4754	 5.455987	 0.008684	  0.00126088	  0.00127357	 -0.00001269	  0.00127357	  0.00000000	  0.00092525
     -0.0998	    542.1446	 6.4829	 5.461535	 0.008676	  0.00125240	  0.00126497	 -0.00001257	  0.00126497	  0.00000000	  0.00091874
     -0.0990	    542.7829	 6.4903	 5.467070	 0.008668	  0.00124401	  0.00125644	 -0.00001243	  0.00125644	  0.00000000	  0.00091228
     -0.0982	    543.4204	 6.4978	 5.472594	 0.008661	  0.00123570	  0.00124799	 -0.00001229	  0.00124799	  0.00000000	  0.00090587
     -0.0974	    544.0570	 6.5052	 5.478105	 0.008653	  0.00122747	  0.00123961	 -0.00001214	  0.00123961	  0.00000000	  0.00089952
     -0.0966	    544.6928	 6.5127	 5.483603	 0.008645	  0.00121932	  0.00123131	 -0.00001199	  0.00123131	  0.00000000	  0.00089322
     -0.0959	    545.3277	 6.5202	 5.489090	 0.008638	  0.00121126	  0.00122309	 -0.00001183	  0.00122309	  0.00000000	  0.00088697
     -0.0951	    545.9617	 6.5276	 5.494564	 0.008630	  0.00120327	  0.00121494	 -0.00001166	  0.00121494	  0.00000000	  0.00088078
     -0.0943	    546.5948	 6.5351	 5.500025	 0.008623	  0.00119537	  0.00120686	 -0.00001149	  0.00120686	  0.00000000	  0.00087464
     -0.0936	    547.2270	 6.5426	 5.505474	 0.008616	  0.00118754	  0.00119885	 -0.00001130	  0.00119885	  0.00000000	  0.00086855
     -0.0928	    547.8583	 6.5501	 5.510911	 0.008608	  0.00117979	  0.00119091	 -0.00001112	  0.00119091	  0.00000000	  0.00086251
     -0.0921	    548.4887	 6.5576	 5.516335	 0.008602	  0.00117212	  0.00118304	 -0.00001092	  0.00118304	  0.00000000	  0.00085652
     -0.0914	    549.1181	 6.5651	 5.521747	 0.008595	  0.00116453	  0.00117525	 -0.00001072	  0.00117525	  0.00000000	  0.00085058
     -0.0906	    549.7465	 6.5726	 5.527146	 0.008588	  0.00115701	  0.00116752	 -0.00001051	  0.00116752	  0.00000000	  0.00084469
     -0.0899	    550.3740	 6.5802	 5.532533	 0.008582	  0.00114956	  0.00115986	 -0.00001030	  0.00115986	  0.00000000	  0.00083885
     -0.0892	    551.0005	 6.5877	 5.537907	 0.008575	  0.00114219	  0.00115227	 -0.00001008	  0.00115227	  0.00000000	  0.00083306
     -0.0885	    551.6260	 6.5952	 5.543269	 0.008569	  0.00113490	  0.00114475	 -0.00000985	  0.00114475	  0.00000000	  0.00082732
     -0.0878	    552.2505	 6.6028	 5.548618	 0.008563	  0.00112767	  0.00113729	 -0.00000962	  0.00113729	  0.00000000	  0.00082163
     -0.0871	    552.8739	 6.6103	 5.553955	 0.008557	  0.00112052	  0.00112990	 -0.00000938	  0.00112990	  0.00000000	  0.00081599
     -0.0864	    553.4963	 6.6178	 5.559279	 0.008551	  0.00111344	  0.00112257	 -0.00000913	  0.00112257	  0.00000000	  0.00081040
     -0.0857	    554.1177	 6.6254	 5.564591	 0.008546	  0.00110643	  0.00111531	 -0.00000888	  0.00111531	  0.00000000	  0.00080485
     -0.0850	    554.7380	 6.6330	 5.569890	 0.008540	  0.00109949	  0.00110811	 -0.00000862	  0.00110811	  0.00000000	  0.00079935
     -0.0843	    555.3572	 6.6405	 5.575176	 0.008535	  0.00109262	  0.00110098	 -0.00000836	  0.00110098	  0.00000000	  0.00079390
     -0.0837	    555.9754	 6.6481	 5.580451	 0.008530	  0.00108582	  0.00109391	 -0.00000808	  0.00109391	  0.00000000	  0.00078849
     -0.0830	    556.5924	 6.6557	 5.585712	 0.008525	  0.00107909	  0.00108690	 -0.00000781	  0.00108690	  0.00000000	  0.00078313
     -0.0823	    557.2083	 6.6632	 5.590961	 0.008520	  0.00107243	  0.00107995	 -0.00000752	  0.00107995	  0.00000000	  0.00077782
     -0.0817	    557.8231	 6.6708	 5.596198	 0.008516	  0.00106583	  0.00107306	 -0.00000723	  0.00107306	  0.00000000	  0.00077255
     -0.0810	    558.4368	 6.6784	 5.601422	 0.008511	  0.00105930	  0.00106624	 -0.00000694	  0.00106624	  0.00000000	  0.00076733
     -0.0804	    559.0493	 6.6860	 5.606634	 0.008507	  0.00105283	  0.00105947	 -0.00000663	  0.00105947	  0.00000000	  0.00076215
     -0.0797	    559.6606	 6.6936	 5.611834	 0.008503	  0.00104643	  0.00105276	 -0.00000633	  0.00105276	  0.00000000	  0.00075702
     -0.0791	    560.2708	 6.7012	 5.617021	 0.008499	  0.00104010	  0.00104611	 -0.00000601	  0.00104611	  0.00000000	  0.00075193
     -0.0785	    560.8797	 6.7088	 5.622195	 0.008496	  0.00103382	  0.00103952	 -0.00000569	  0.00103952	  0.00000000	  0.00074689
     -0.0778	    561.4875	 6.7164	 5.627358	 0.008492	  0.00102762	  0.00103298	 -0.00000536	  0.00103298	  0.00000000	  0.00074189
     -0.0772	    562.0940	 6.7240	 5.632508	 0.008489	  0.00102147	  0.00102650	 -0.00000503	  0.00102650	  0.00000000	  0.00073693
     -0.0766	    562.6993	 6.7316	 5.637646	 0.008486	  0.00101538	  0.00102008	 -0.00000469	  0.00102008	  0.00000000	  0.00073201
     -0.0760	    563.3034	 6.7392	 5.642771	 0.008484	  0.00100936	  0.00101371	 -0.00000435	  0.00101371	  0.00000000	  0.00072714
     -0.0754	    563.9062	 6.7468	 5.647884	 0.008481	  0.00100340	  0.00100740	 -0.00000400	  0.00100740	  0.00000000	  0.00072231
     -0.0748	    564.5078	 6.7544	 5.652986	 0.008479	  0.00099749	  0.00100114	 -0.00000364	  0.00100114	  0.00000000	  0.00071753
     -0.0742	    565.1080	 6.7620	 5.658074	 0.008477	  0.00099165	  0.00099493	 -0.00000328	  0.00099493	  0.00000000	  0.00071278
     -0.0736	    565.7070	 6.7696	 5.663151	 0.008475	  0.00098587	  0.00098878	 -0.00000291	  0.00098878	  0.00000000	  0.00070808
     -0.0730	    566.3047	 6.7772	 5.668216	 0.008473	  0.00098014	  0.00098268	 -0.00000254	  0.00098268	  0.00000000	  0.00070342
     -0.0724	    566.9010	 6.7849	 5.673269	 0.008472	  0.00097447	  0.00097663	 -0.00000216	  0.00097663	  0.00000000	  0.00069879
     -0.0718	    567.4961	 6.7925	 5.678309	 0.008471	  0.00096886	  0.00097064	 -0.00000178	  0.00097064	  0.00000000	  0.00069421
     -0.0713	    568.0898	 6.8001	 5.683338	 0.008470	  0.00096331	  0.00096469	 -0.00000139	  0.00096469	  0.00000000	  0.00068967
     -0.0707	    568.6821	 6.8077	 5.688355	 0.008469	  0.00095781	  0.00095880	 -0.00000099	  0.00095880	  0.00000000	  0.00068517
     -0.0701	    569.2731	 6.8153	 5.693360	 0.008469	  0.00095236	  0.00095295	 -0.00000059	  0.00095295	  0.00000000	  0.00068071
     -0.0696	    569.8627	 6.8230	 5.698353	 0.008468	  0.00094698	  0.00094716	 -0.00000018	  0.00094716	  0.00000000	  0.00067629
     -0.0690	    570.4509	 6.8306	 5.703334	 0.008468	  0.00094164	  0.00094141	  0.00000023	  0.00094141	  0.00000000	  0.00067191
     -0.0685	    571.0377	 6.8382	 5.708303	 0.008469	  0.00093636	  0.00093571	  0.00000065	  0.00093571	  0.00000000	  0.00066756
     -0.0679	    571.6231	 6.8458	 5.713261	 0.008469	  0.00093113	  0.00093006	  0.00000107	  0.00093006	  0.00000000	  0.00066326
     -0.0674	    572.2071	 6.8535	 5.718207	 0.008470	  0.00092596	  0.00092446	  0.00000150	  0.00092446	  0.00000000	  0.00065899
     -0.0668	    572.7897	 6.8611	 5.723141	 0.008471	  0.00092084	  0.00091890	  0.00000194	  0.00091890	  0.00000000	  0.00065476
     -0.0663	    573.3708	 6.8687	 5.728064	 0.008472	  0.00091577	  0.00091339	  0.00000238	  0.00091339	  0.00000000	  0.00065057
     -0.0658	    573.9504	 6.8763	 5.732976	 0.008474	  0.00091075	  0.00090793	  0.00000282	  0.00090793	  0.00000000	  0.00064641
     -0.0652	    574.5286	 6.8839	 5.737875	 0.008475	  0.00090578	  0.00090251	  0.00000327	  0.00090251	  0.00000000	  0.00064229
     -0.0647	    575.1053	 6.8916	 5.742764	 0.008477	  0.00090086	  0.00089713	  0.00000373	  0.00089713	  0.00000000	  0.00063821
     -0.0642	    575.6805	 6.8992	 5.747641	 0.008480	  0.00089600	  0.00089180	  0.00000419	  0.00089180	  0.00000000	  0.00063417
     -0.0637	    576.2542	 6.9068	 5.752507	 0.008482	  0.00089118	  0.00088652	  0.00000466	  0.00088652	  0.00000000	  0.00063016
     -0.0632	    576.8265	 6.9144	 5.757361	 0.008485	  0.00088641	  0.00088128	  0.00000513	  0.00088128	  0.00000000	  0.00062619
     -0.0627	    577.3971	 6.9220	 5.762204	 0.008488	  0.00088168	  0.00087608	  0.00000561	  0.00087608	  0.00000000	  0.00062225
     -0.0622	    577.9663	 6.9296	 5.767036	 0.008491	  0.00087701	  0.00087092	  0.00000609	  0.00087092	  0.00000000	  0.00061835
     -0.0617	    578.5339	 6.9372	 5.771857	 0.008495	  0.00087238	  0.00086580	  0.00000658	  0.00086580	  0.00000000	  0.00061448
     -0.0612	    579.1000	 6.9448	 5.776667	 0.008499	  0.00086780	  0.00086073	  0.00000707	  0.00086073	  0.00000000	  0.00061065
     -0.0607	    579.6645	 6.9524	 5.781466	 0.008503	  0.00086327	  0.00085570	  0.00000757	  0.00085570	  0.00000000	  0.00060685
     -0.0602	    580.2274	 6.9600	 5.786253	 0.008507	  0.00085878	  0.00085071	  0.00000807	  0.00085071	  0.00000000	  0.00060308
     -0.0597	    580.7888	 6.9676	 5.791030	 0.008512	  0.00085433	  0.00084576	  0.00000858	  0.00084576	  0.00000000	  0.00059935
     -0.0593	    581.3485	 6.9752	 5.795796	 0.008517	  0.00084994	  0.00084085	  0.00000909	  0.00084085	  0.00000000	  0.00059566
     -0.0588	    581.9067	 6.9828	 5.800552	 0.008522	  0.00084558	  0.00083598	  0.00000961	  0.00083598	  0.00000000	  0.00059199
     -0.0583	    582.4632	 6.9904	 5.805296	 0.008528	  0.00084127	  0.00083115	  0.00001013	  0.00083115	  0.00000000	  0.00058836
     -0.0579	    583.0181	 6.9979	 5.810030	 0.008534	  0.00083701	  0.00082635	  0.00001065	  0.00082635	  0.00000000	  0.00058476
     -0.0574	    583.5714	 7.0055	 5.814753	 0.008540	  0.00083278	  0.00082160	  0.00001119	  0.00082160	  0.00000000	  0.00058120
     -0.0569	    584.1230	 7.0131	 5.819466	 0.008546	  0.00082860	  0.00081688	  0.00001172	  0.00081688	  0.00000000	  0.00057767
     -0.0565	    584.6730	 7.0206	 5.824167	 0.008552	  0.00082446	  0.00081220	  0.00001226	  0.00081220	  0.00000000	  0.00057416
     -0.0560	    585.2214	 7.0282	 5.828859	 0.008559	  0.00082037	  0.00080756	  0.00001281	  0.00080756	  0.00000000	  0.00057070
     -0.0556	    585.7680	 7.0357	 5.833540	 0.008566	  0.00081631	  0.00080295	  0.00001336	  0.00080295	  0.00000000	  0.00056726
     -0.0551	    586.3130	 7.0433	 5.838211	 0.008574	  0.00081230	  0.00079838	  0.00001391	  0.00079838	  0.00000000	  0.00056385
     -0.0547	    586.8563	 7.0508	 5.842871	 0.008582	  0.00080832	  0.00079385	  0.00001447	  0.00079385	  0.00000000	  0.00056047
     -0.0543	    587.3979	 7.0583	 5.847521	 0.008590	  0.00080439	  0.00078935	  0.00001503	  0.00078935	  0.00000000	  0.00055713
     -0.0538	    587.9378	 7.0659	 5.852161	 0.008598	  0.00080049	  0.00078489	  0.00001560	  0.00078489	  0.00000000	  0.00055381
     -0.0534	    588.4760	 7.0734	 5.856790	 0.008606	  0.00079664	  0.00078047	  0.00001617	  0.00078047	  0.00000000	  0.00055053
     -0.0530	    589.0125	 7.0809	 5.861410	 0.008615	  0.00079282	  0.00077607	  0.00001675	  0.00077607	  0.00000000	  0.00054727
     -0.0525	    589.5472	 7.0884	 5.866019	 0.008624	  0.00078904	  0.00077171	  0.00001733	  0.00077171	  0.00000000	  0.00054405
     -0.0521	    590.0802	 7.0959	 5.870618	 0.008634	  0.00078530	  0.00076739	  0.00001791	  0.00076739	  0.00000000	  0.00054085
     -0.0517	    590.6115	 7.1034	 5.875208	 0.008643	  0.00078160	  0.00076310	  0.00001850	  0.00076310	  0.00000000	  0.00053769
     -0.0513	    591.1410	 7.1108	 5.879787	 0.008653	  0.00077794	  0.00075884	  0.00001910	  0.00075884	  0.00000000	  0.00053455
     -0.0509	    591.6688	 7.1183	 5.884357	 0.008664	  0.00077431	  0.00075462	  0.00001969	  0.00075462	  0.00000000	  0.00053144
     -0.0505	    592.1948	 7.1258	 5.888916	 0.008674	  0.00077072	  0.00075043	  0.00002029	  0.00075043	  0.00000000	  0.00052836
     -0.0501	    592.7190	 7.1332	 5.893466	 0.008685	  0.00076716	  0.00074627	  0.00002090	  0.00074627	  0.00000000	  0.00052531
     -0.0497	    593.2414	 7.1407	 5.898006	 0.008696	  0.00076364	  0.00074214	  0.00002151	  0.00074214	  0.00000000	  0.00052228
     -0.0493	    593.7620	 7.1481	 5.902537	 0.008707	  0.00076016	  0.00073804	  0.00002212	  0.00073804	  0.00000000	  0.00051929
     -0.0489	    594.2809	 7.1555	 5.907058	 0.008719	  0.00075671	  0.00073398	  0.00002274	  0.00073398	  0.00000000	  0.00051632
     -0.0485	    594.7979	 7.1629	 5.911569	 0.008731	  0.00075330	  0.00072994	  0.00002336	  0.00072994	  0.00000000	  0.00051337
     -0.0481	    595.3131	 7.1703	 5.916070	 0.008743	  0.00074992	  0.00072594	  0.00002398	  0.00072594	  0.00000000	  0.00051046
     -0.0477	    595.8265	 7.1777	 5.920562	 0.008756	  0.00074657	  0.00072196	  0.00002461	  0.00072196	  0.00000000	  0.00050757
     -0.0473	    596.3381	 7.1851	 5.925045	 0.008768	  0.00074326	  0.00071802	  0.00002524	  0.00071802	  0.00000000	  0.00050471
     -0.0470	    596.8479	 7.1925	 5.929518	 0.008781	  0.00073998	  0.00071411	  0.00002587	  0.00071411	  0.00000000	  0.00050187
     -0.0466	    597.3558	 7.1999	 5.933981	 0.008795	  0.00073674	  0.00071022	  0.00002651	  0.00071022	  0.00000000	  0.00049906
     -0.0462	    597.8619	 7.2072	 5.938436	 0.008808	  0.00073352	  0.00070637	  0.00002715	  0.00070637	  0.00000000	  0.00049628
     -0.0459	    598.3661	 7.2145	 5.942880	 0.008822	  0.00073034	  0.00070254	  0.00002780	  0.00070254	  0.00000000	  0.00049352
     -0.0455	    598.8685	 7.2219	 5.947316	 0.008836	  0.00072719	  0.00069875	  0.00002845	  0.00069875	  0.00000000	  0.00049079
     -0.0451	    599.3690	 7.2292	 5.951742	 0.008851	  0.00072408	  0.00069498	  0.00002910	  0.00069498	  0.00000000	  0.00048808
     -0.0448	    599.8677	 7.2365	 5.956159	 0.008865	  0.00072099	  0.00069124	  0.00002975	  0.00069124	  0.00000000	  0.00048540
     -0.0444	    600.3644	 7.2438	 5.960567	 0.008880	  0.00071794	  0.00068753	  0.00003041	  0.00068753	  0.00000000	  0.00048274
     -0.0441	    600.8594	 7.2511	 5.964966	 0.008895	  0.00071491	  0.00068384	  0.00003107	  0.00068384	  0.00000000	  0.00048010
     -0.0437	    601.3524	 7.2583	 5.969355	 0.008911	  0.00071192	  0.00068018	  0.00003174	  0.00068018	  0.00000000	  0.00047750
     -0.0434	    601.8435	 7.2656	 5.973736	 0.008927	  0.00070895	  0.00067655	  0.00003240	  0.00067655	  0.00000000	  0.00047491
     -0.0430	    602.3328	 7.2728	 5.978107	 0.008943	  0.00070602	  0.00067295	  0.00003307	  0.00067295	  0.00000000	  0.00047235
     -0.0427	    602.8201	 7.2801	 5.982469	 0.008959	  0.00070312	  0.00066937	  0.00003374	  0.00066937	  0.00000000	  0.00046981
     -0.0423	    603.3056	 7.2873	 5.986823	 0.008976	  0.00070024	  0.00066582	  0.00003442	  0.00066582	  0.00000000	  0.00046730
     -0.0420	    603.7891	 7.2945	 5.991167	 0.008992	  0.00069739	  0.00066230	  0.00003510	  0.00066230	  0.00000000	  0.00046481
     -0.0416	    604.2708	 7.3017	 5.995502	 0.009009	  0.00069458	  0.00065880	  0.00003578	  0.00065880	  0.00000000	  0.00046234
     -0.0413	    604.7505	 7.3089	 5.999828	 0.009027	  0.00069179	  0.00065533	  0.00003646	  0.00065533	  0.00000000	  0.00045989
     -0.0410	    605.2283	 7.3160	 6.004145	 0.009044	  0.00068902	  0.00065188	  0.00003715	  0.00065188	  0.00000000	  0.00045747
     -0.0407	    605.7042	 7.3232	 6.008454	 0.009062	  0.00068629	  0.00064846	  0.00003783	  0.00064846	  0.00000000	  0.00045507
     -0.0403	    606.1782	 7.3303	 6.012753	 0.009080	  0.00068358	  0.00064506	  0.00003852	  0.00064506	  0.00000000	  0.00045269
     -0.0400	    606.6502	 7.3374	 6.017044	 0.009099	  0.00068090	  0.00064169	  0.00003922	  0.00064169	  0.00000000	  0.00045034
     -0.0397	    607.1203	 7.3445	 6.021326	 0.009117	  0.00067825	  0.00063834	  0.00003991	  0.00063834	  0.00000000	  0.00044800
     -0.0394	    607.5885	 7.3516	 6.025598	 0.009136	  0.00067562	  0.00063501	  0.00004061	  0.00063501	  0.00000000	  0.00044569
     -0.0391	    608.0548	 7.3587	 6.029862	 0.009155	  0.00067302	  0.00063171	  0.00004131	  0.00063171	  0.00000000	  0.00044340
     -0.0387	    608.5191	 7.3657	 6.034118	 0.009175	  0.00067045	  0.00062844	  0.00004201	  0.00062844	  0.00000000	  0.00044113
     -0.0384	    608.9814	 7.3728	 6.038364	 0.009194	  0.00066790	  0.00062519	  0.00004271	  0.00062519	  0.00000000	  0.00043888
     -0.0381	    609.4418	 7.3798	 6.042602	 0.009214	  0.00066538	  0.00062196	  0.00004342	  0.00062196	  0.00000000	  0.00043665
     -0.0378	    609.9003	 7.3868	 6.046830	 0.009234	  0.00066288	  0.00061875	  0.00004413	  0.00061875	  0.00000000	  0.00043445
     -0.0375	    610.3568	 7.3938	 6.051050	 0.009254	  0.00066041	  0.00061557	  0.00004484	  0.00061557	  0.00000000	  0.00043226
     -0.0372	    610.8113	 7.4008	 6.055262	 0.009275	  0.00065796	  0.00061241	  0.00004555	  0.00061241	  0.00000000	  0.00043009
     -0.0369	    611.2639	 7.4077	 6.059464	 0.009296	  0.00065554	  0.00060928	  0.00004626	  0.00060928	  0.00000000	  0.00042795
     -0.0366	    611.7145	 7.4147	 6.063658	 0.009317	  0.00065314	  0.00060616	  0.00004697	  0.00060616	  0.00000000	  0.00042582
     -0.0363	    612.1632	 7.4216	 6.067842	 0.009338	  0.00065076	  0.00060307	  0.00004769	  0.00060307	  0.00000000	  0.00042371
     -0.0361	    612.6099	 7.4285	 6.072019	 0.009359	  0.00064841	  0.00060000	  0.00004841	  0.00060000	  0.00000000	  0.00042163
     -0.0358	    613.0547	 7.4354	 6.076186	 0.009381	  0.00064608	  0.00059695	  0.00004913	  0.00059695	  0.00000000	  0.00041956
     -0.0355	    613.4975	 7.4423	 6.080344	 0.009403	  0.00064377	  0.00059393	  0.00004985	  0.00059393	  0.00000000	  0.00041751
     -0.0352	    613.9383	 7.4491	 6.084494	 0.009425	  0.00064149	  0.00059093	  0.00005057	  0.00059093	  0.00000000	  0.00041548
     -0.0349	    614.3771	 7.4560	 6.088635	 0.009447	  0.00063923	  0.00058794	  0.00005129	  0.00058794	  0.00000000	  0.00041347
     -0.0346	    614.8140	 7.4628	 6.092768	 0.009470	  0.00063700	  0.00058498	  0.00005201	  0.00058498	  0.00000000	  0.00041148
     -0.0344	    615.2489	 7.4696	 6.096891	 0.009493	  0.00063478	  0.00058204	  0.00005274	  0.00058204	  0.00000000	  0.00040951
     -0.0341	    615.6818	 7.4764	 6.101006	 0.009516	  0.00063259	  0.00057912	  0.00005346	  0.00057912	  0.00000000	  0.00040755
     -0.0338	    616.1128	 7.4831	 6.105112	 0.009539	  0.00063042	  0.00057623	  0.00005419	  0.00057623	  0.00000000	  0.00040561
     -0.0335	    616.5418	 7.4899	 6.109209	 0.009562	  0.00062827	  0.00057335	  0.00005492	  0.00057335	  0.00000000	  0.00040370
     -0.0333	    616.9688	 7.4966	 6.113297	 0.009586	  0.00062614	  0.00057049	  0.00005565	  0.00057049	  0.00000000	  0.00040179
     -0.0330	    617.3938	 7.5033	 6.117376	 0.009610	  0.00062403	  0.00056766	  0.00005638	  0.00056766	  0.00000000	  0.00039991
     -0.0327	    617.8169	 7.5100	 6.121447	 0.009634	  0.00062195	  0.00056484	  0.00005711	  0.00056484	  0.00000000	  0.00039805
     -0.0325	    618.2380	 7.5166	 6.125509	 0.009658	  0.00061988	  0.00056204	  0.00005784	  0.00056204	  0.00000000	  0.00039620
     -0.0322	    618.6571	 7.5233	 6.129562	 0.009682	  0.00061784	  0.00055927	  0.00005857	  0.00055927	  0.00000000	  0.00039437
     -0.0320	    619.0742	 7.5299	 6.133606	 0.009707	  0.00061581	  0.00055651	  0.00005930	  0.00055651	  0.00000000	  0.00039255
     -0.0317	    619.4894	 7.5365	 6.137641	 0.009732	  0.00061381	  0.00055377	  0.00006003	  0.00055377	  0.00000000	  0.00039075
     -0.0315	    619.9026	 7.5431	 6.141667	 0.009757	  0.00061182	  0.00055106	  0.00006076	  0.00055106	  0.00000000	  0.00038897
     -0.0312	    620.3138	 7.5497	 6.145684	 0.009782	  0.00060986	  0.00054836	  0.00006150	  0.00054836	  0.00000000	  0.00038721
     -0.0310	    620.7230	 7.5562	 6.149692	 0.009807	  0.00060791	  0.00054568	  0.00006223	  0.00054568	  0.00000000	  0.00038546
     -0.0307	    621.1303	 7.5627	 6.153692	 0.009833	  0.00060598	  0.00054302	  0.00006296	  0.00054302	  0.00000000	  0.00038373
     -0.0305	    621.5356	 7.5692	 6.157682	 0.009858	  0.00060408	  0.00054038	  0.00006370	  0.00054038	  0.00000000	  0.00038202
     -0.0302	    621.9390	 7.5757	 6.161663	 0.009884	  0.00060219	  0.00053776	  0.00006443	  0.00053776	  0.00000000	  0.00038032
     -0.0300	    622.3403	 7.5822	 6.165636	 0.009910	  0.00060032	  0.00053515	  0.00006516	  0.00053515	  0.00000000	  0.00037863
     -0.0297	    622.7397	 7.5886	 6.169599	 0.009936	  0.00059847	  0.00053257	  0.00006590	  0.00053257	  0.00000000	  0.00037697
     -0.0295	    623.1371	 7.5950	 6.173553	 0.009963	  0.00059663	  0.00053000	  0.00006663	  0.00053000	  0.00000000	  0.00037531
     -0.0293	    623.5326	 7.6014	 6.177498	 0.009989	  0.00059482	  0.00052745	  0.00006737	  0.00052745	  0.00000000	  0.00037368
     -0.0290	    623.9261	 7.6078	 6.181434	 0.010016	  0.00059302	  0.00052492	  0.00006810	  0.00052492	  0.00000000	  0.00037205
     -0.0288	    624.3176	 7.6142	 6.185361	 0.010043	  0.00059124	  0.00052241	  0.00006883	  0.00052241	  0.00000000	  0.00037045
     -0.0286	    624.7072	 7.6205	 6.189278	 0.010070	  0.00058948	  0.00051992	  0.00006956	  0.00051992	  0.00000000	  0.00036886
     -0.0283	    625.0948	 7.6268	 6.193187	 0.010097	  0.00058774	  0.00051744	  0.00007030	  0.00051744	  0.00000000	  0.00036728
     -0.0281	    625.4804	 7.6331	 6.197086	 0.010124	  0.00058601	  0.00051498	  0.00007103	  0.00051498	  0.00000000	  0.00036572
     -0.0279	    625.8641	 7.6394	 6.200975	 0.010151	  0.00058430	  0.00051254	  0.00007176	  0.00051254	  0.00000000	  0.00036417
     -0.0277	    626.2459	 7.6456	 6.204856	 0.010179	  0.00058260	  0.00051012	  0.00007249	  0.00051012	  0.00000000	  0.00036264
     -0.0275	    626.6257	 7.6518	 6.208727	 0.010206	  0.00058093	  0.00050771	  0.00007322	  0.00050771	  0.00000000	  0.00036112
     -0.0272	    627.0035	 7.6581	 6.212589	 0.010234	  0.00057927	  0.00050532	  0.00007395	  0.00050532	  0.00000000	  0.00035961
     -0.0270	    627.3794	 7.6642	 6.216441	 0.010262	  0.00057762	  0.00050295	  0.00007468	  0.00050295	  0.00000000	  0.00035812
     -0.0268	    627.7534	 7.6704	 6.220284	 0.010290	  0.00057600	  0.00050059	  0.00007541	  0.00050059	  0.00000000	  0.00035664
     -0.0266	    628.1254	 7.6765	 6.224117	 0.010318	  0.00057438	  0.00049825	  0.00007613	  0.00049825	  0.00000000	  0.00035518
     -0.0264	    628.4955	 7.6826	 6.227941	 0.010347	  0.00057279	  0.00049593	  0.00007686	  0.00049593	  0.00000000	  0.00035373
     -0.0262	    628.8636	 7.6887	 6.231755	 0.010375	  0.00057121	  0.00049362	  0.00007758	  0.00049362	  0.00000000	  0.00035229
     -0.0260	    629.2298	 7.6948	 6.235560	 0.010404	  0.00056964	  0.00049133	  0.00007831	  0.00049133	  0.00000000	  0.00035087
     -0.0257	    629.5941	 7.7008	 6.239355	 0.010432	  0.00056809	  0.00048906	  0.00007903	  0.00048906	  0.00000000	  0.00034946
     -0.0255	    629.9565	 7.7068	 6.243141	 0.010461	  0.00056656	  0.00048680	  0.00007975	  0.00048680	  0.00000000	  0.00034806
     -0.0253	    630.3169	 7.7128	 6.246916	 0.010490	  0.00056504	  0.00048456	  0.00008048	  0.00048456	  0.00000000	  0.00034668
     -0.0251	    630.6754	 7.7188	 6.250682	 0.010519	  0.00056353	  0.00048234	  0.00008119	  0.00048234	  0.00000000	  0.00034531
     -0.0249	    631.0320	 7.7248	 6.254438	 0.010548	  0.00056204	  0.00048013	  0.00008191	  0.00048013	  0.00000000	  0.00034395
     -0.0247	    631.3867	 7.7307	 6.258185	 0.010577	  0.00056057	  0.00047794	  0.00008263	  0.00047794	  0.00000000	  0.00034260
     -0.0245	    631.7394	 7.7366	 6.261921	 0.010607	  0.00055911	  0.00047576	  0.00008335	  0.00047576	  0.00000000	  0.00034127
     -0.0243	    632.0903	 7.7425	 6.265648	 0.010636	  0.00055766	  0.00047360	  0.00008406	  0.00047360	  0.00000000	  0.00033995
     -0.0241	    632.4393	 7.7483	 6.269365	 0.010665	  0.00055623	  0.00047145	  0.00008477	  0.00047145	  0.00000000	  0.00033864
     -0.0240	    632.7863	 7.7542	 6.273072	 0.010695	  0.00055481	  0.00046932	  0.00008549	  0.00046932	  0.00000000	  0.00033734
     -0.0238	    633.1315	 7.7600	 6.276768	 0.010725	  0.00055340	  0.00046721	  0.00008620	  0.00046721	  0.00000000	  0.00033606
     -0.0236	    633.4748	 7.7657	 6.280455	 0.010754	  0.00055201	  0.00046511	  0.00008690	  0.00046511	  0.00000000	  0.00033479
     -0.0234	    633.8162	 7.7715	 6.284132	 0.010784	  0.00055064	  0.00046302	  0.00008761	  0.00046302	  0.00000000	  0.00033353
     -0.0232	    634.1557	 7.7772	 6.287798	 0.010814	  0.00054927	  0.00046096	  0.00008832	  0.00046096	  0.00000000	  0.00033228
     -0.0230	    634.4934	 7.7829	 6.291454	 0.010844	  0.00054792	  0.00045890	  0.00008902	  0.00045890	  0.00000000	  0.00033104
     -0.0228	    634.8291	 7.7886	 6.295100	 0.010874	  0.00054658	  0.00045686	  0.00008972	  0.00045686	  0.00000000	  0.00032981
     -0.0226	    635.1630	 7.7943	 6.298736	 0.010904	  0.00054526	  0.00045484	  0.00009042	  0.00045484	  0.00000000	  0.00032860
     -0.0225	    635.4951	 7.7999	 6.302362	 0.010934	  0.00054395	  0.00045283	  0.00009112	  0.00045283	  0.00000000	  0.00032739
     -0.0223	    635.8252	 7.8056	 6.305977	 0.010964	  0.00054265	  0.00045083	  0.00009182	  0.00045083	  0.00000000	  0.00032620
     -0.0221	    636.1536	 7.8111	 6.309582	 0.010995	  0.00054136	  0.00044885	  0.00009251	  0.00044885	  0.00000000	  0.00032502
     -0.0219	    636.4800	 7.8167	 6.313176	 0.011025	  0.00054009	  0.00044688	  0.00009320	  0.00044688	  0.00000000	  0.00032385
     -0.0218	    636.8047	 7.8223	 6.316760	 0.011055	  0.00053882	  0.00044493	  0.00009389	  0.00044493	  0.00000000	  0.00032269
     -0.0216	    637.1274	 7.8278	 6.320333	 0.011086	  0.00053757	  0.00044299	  0.00009458	  0.00044299	  0.00000000	  0.00032154
     -0.0214	    637.4484	 7.8333	 6.323896	 0.011116	  0.00053634	  0.00044107	  0.00009527	  0.00044107	  0.00000000	  0.00032040
     -0.0212	    637.7675	 7.8387	 6.327448	 0.011147	  0.00053511	  0.00043916	  0.00009595	  0.00043916	  0.00000000	  0.00031927
     -0.0211	    638.0848	 7.8442	 6.330990	 0.011177	  0.00053390	  0.00043726	  0.00009664	  0.00043726	  0.00000000	  0.00031815
     -0.0209	    638.4003	 7.8496	 6.334521	 0.011208	  0.00053270	  0.00043538	  0.00009732	  0.00043538	  0.00000000	  0.00031705
     -0.0207	    638.7139	 7.8550	 6.338041	 0.011238	  0.00053151	  0.00043351	  0.00009800	  0.00043351	  0.00000000	  0.00031595
     -0.0206	    639.0258	 7.8604	 6.341550	 0.011269	  0.00053033	  0.00043166	  0.00009867	  0.00043166	  0.00000000	  0.00031486
     -0.0204	    639.3358	 7.8657	 6.345049	 0.011300	  0.00052916	  0.00042981	  0.00009934	  0.00042981	  0.00000000	  0.00031379
     -0.0202	    639.6441	 7.8710	 6.348537	 0.011331	  0.00052800	  0.00042799	  0.00010002	  0.00042799	  0.00000000	  0.00031272
     -0.0201	    639.9505	 7.8763	 6.352014	 0.011361	  0.00052686	  0.00042617	  0.00010069	  0.00042617	  0.00000000	  0.00031166
     -0.0199	    640.2552	 7.8816	 6.355480	 0.011392	  0.00052572	  0.00042437	  0.00010135	  0.00042437	  0.00000000	  0.00031061
     -0.0198	    640.5581	 7.8868	 6.358935	 0.011423	  0.00052460	  0.00042258	  0.00010202	  0.00042258	  0.00000000	  0.00030957
     -0.0196	    640.8592	 7.8921	 6.362379	 0.011454	  0.00052349	  0.00042081	  0.00010268	  0.00042081	  0.00000000	  0.00030855
     -0.0194	    641.1585	 7.8973	 6.365812	 0.011485	  0.00052239	  0.00041905	  0.00010334	  0.00041905	  0.00000000	  0.00030753
     -0.0193	    641.4561	 7.9024	 6.369234	 0.011515	  0.00052129	  0.00041730	  0.00010399	  0.00041730	  0.00000000	  0.00030652
     -0.0191	    641.7519	 7.9076	 6.372645	 0.011546	  0.00052021	  0.00041556	  0.00010465	  0.00041556	  0.00000000	  0.00030552
     -0.0190	    642.0459	 7.9127	 6.376044	 0.011577	  0.00051914	  0.00041384	  0.00010530	  0.00041384	  0.00000000	  0.00030453
     -0.0188	    642.3382	 7.9178	 6.379433	 0.011608	  0.00051808	  0.00041213	  0.00010595	  0.00041213	  0.00000000	  0.00030354
     -0.0187	    642.6288	 7.9229	 6.382810	 0.011639	  0.00051703	  0.00041044	  0.00010660	  0.00041044	  0.00000000	  0.00030257
     -0.0185	    642.9176	 7.9279	 6.386176	 0.011670	  0.00051599	  0.00040875	  0.00010724	  0.00040875	  0.00000000	  0.00030161
     -0.0184	    643.2047	 7.9330	 6.389531	 0.011701	  0.00051496	  0.00040708	  0.00010788	  0.00040708	  0.00000000	  0.00030065
     -0.0182	    643.4900	 7.9380	 6.392874	 0.011731	  0.00051394	  0.00040542	  0.00010852	  0.00040542	  0.00000000	  0.00029970
     -0.0181	    643.7737	 7.9429	 6.396206	 0.011762	  0.00051293	  0.00040377	  0.00010916	  0.00040377	  0.00000000	  0.00029876
     -0.0179	    644.0556	 7.9479	 6.399527	 0.011793	  0.00051193	  0.00040214	  0.00010979	  0.00040214	  0.00000000	  0.00029784
     -0.0178	    644.3359	 7.9528	 6.402836	 0.011824	  0.00051094	  0.00040052	  0.00011043	  0.00040052	  0.00000000	  0.00029691
     -0.0177	    644.6144	 7.9577	 6.406134	 0.011855	  0.00050996	  0.00039890	  0.00011105	  0.00039890	  0.00000000	  0.00029600
     -0.0175	    644.8912	 7.9626	 6.409420	 0.011886	  0.00050899	  0.00039731	  0.00011168	  0.00039731	  0.00000000	  0.00029510
     -0.0174	    645.1664	 7.9674	 6.412694	 0.011917	  0.00050802	  0.00039572	  0.00011230	  0.00039572	  0.00000000	  0.00029420
     -0.0172	    645.4398	 7.9723	 6.415957	 0.011947	  0.00050707	  0.00039415	  0.00011292	  0.00039415	  0.00000000	  0.00029331
     -0.0171	    645.7116	 7.9771	 6.419209	 0.011978	  0.00050612	  0.00039258	  0.00011354	  0.00039258	  0.00000000	  0.00029243
     -0.0170	    645.9817	 7.9818	 6.422448	 0.012009	  0.00050519	  0.00039103	  0.00011416	  0.00039103	  0.00000000	  0.00029156
     -0.0168	    646.2502	 7.9866	 6.425676	 0.012040	  0.00050426	  0.00038949	  0.00011477	  0.00038949	  0.00000000	  0.00029070
     -0.0167	    646.5170	 7.9913	 6.428893	 0.012070	  0.00050334	  0.00038797	  0.00011538	  0.00038797	  0.00000000	  0.00028984
     -0.0166	    646.7822	 7.9960	 6.432097	 0.012101	  0.00050243	  0.00038645	  0.00011598	  0.00038645	  0.00000000	  0.00028899
     -0.0164	    647.0457	 8.0007	 6.435290	 0.012132	  0.00050153	  0.00038494	  0.00011659	  0.00038494	  0.00000000	  0.00028815
     -0.0163	    647.3076	 8.0054	 6.438471	 0.012162	  0.00050064	  0.00038345	  0.00011719	  0.00038345	  0.00000000	  0.00028732
     -0.0162	    647.5678	 8.0100	 6.441640	 0.012193	  0.00049976	  0.00038197	  0.00011779	  0.00038197	  0.00000000	  0.00028649
     -0.0160	    647.8264	 8.0146	 6.444797	 0.012223	  0.00049888	  0.00038050	  0.00011838	  0.00038050	  0.00000000	  0.00028568
     -0.0159	    648.0834	 8.0192	 6.447943	 0.012254	  0.00049801	  0.00037904	  0.00011897	  0.00037904	  0.00000000	  0.00028487
     -0.0158	    648.3388	 8.0238	 6.451076	 0.012284	  0.00049715	  0.00037759	  0.00011956	  0.00037759	  0.00000000	  0.00028406
     -0.0157	    648.5926	 8.0283	 6.454198	 0.012315	  0.00049630	  0.00037615	  0.00012015	  0.00037615	  0.00000000	  0.00028327
     -0.0155	    648.8448	 8.0328	 6.457308	 0.012345	  0.00049546	  0.00037473	  0.00012073	  0.00037473	  0.00000000	  0.00028248
     -0.0154	    649.0954	 8.0373	 6.460405	 0.012375	  0.00049463	  0.00037331	  0.00012131	  0.00037331	  0.00000000	  0.00028170
     -0.0153	    649.3445	 8.0417	 6.463491	 0.012406	  0.00049380	  0.00037191	  0.00012189	  0.00037191	  0.00000000	  0.00028092
     -0.0152	    649.5919	 8.0462	 6.466564	 0.012436	  0.00049298	  0.00037051	  0.00012246	  0.00037051	  0.00000000	  0.00028016
     -0.0150	    649.8378	 8.0506	 6.469626	 0.012466	  0.00049217	  0.00036913	  0.00012304	  0.00036913	  0.00000000	  0.00027940
     -0.0149	    650.0821	 8.0550	 6.472675	 0.012496	  0.00049136	  0.00036776	  0.00012361	  0.00036776	  0.00000000	  0.00027864
     -0.0148	    650.3249	 8.0593	 6.475712	 0.012526	  0.00049057	  0.00036640	  0.00012417	  0.00036640	  0.00000000	  0.00027790
     -0.0147	    650.5661	 8.0637	 6.478738	 0.012556	  0.00048978	  0.00036504	  0.00012473	  0.00036504	  0.00000000	  0.00027716
     -0.0146	    650.8058	 8.0680	 6.481751	 0.012586	  0.00048900	  0.00036370	  0.00012529	  0.00036370	  0.00000000	  0.00027642
     -0.0145	    651.0439	 8.0723	 6.484751	 0.012616	  0.00048822	  0.00036237	  0.00012585	  0.00036237	  0.00000000	  0.00027570
     -0.0143	    651.2805	 8.0766	 6.487740	 0.012646	  0.00048745	  0.00036105	  0.00012640	  0.00036105	  0.00000000	  0.00027498
     -0.0142	    651.5156	 8.0808	 6.490717	 0.012676	  0.00048669	  0.00035974	  0.00012695	  0.00035974	  0.00000000	  0.00027426
     -0.0141	    651.7492	 8.0850	 6.493681	 0.012706	  0.00048594	  0.00035844	  0.00012750	  0.00035844	  0.00000000	  0.00027355
     -0.0140	    651.9812	 8.0892	 6.496633	 0.012735	  0.00048520	  0.00035715	  0.00012805	  0.00035715	  0.00000000	  0.00027285
     -0.0139	    652.2118	 8.0934	 6.499572	 0.012765	  0.00048446	  0.00035587	  0.00012859	  0.00035587	  0.00000000	  0.00027216
     -0.0138	    652.4409	 8.0976	 6.502500	 0.012794	  0.00048373	  0.00035460	  0.00012913	  0.00035460	  0.00000000	  0.00027147
     -0.0137	    652.6685	 8.1017	 6.505415	 0.012824	  0.00048300	  0.00035334	  0.00012966	  0.00035334	  0.00000000	  0.00027079
     -0.0136	    652.8946	 8.1058	 6.508318	 0.012853	  0.00048228	  0.00035209	  0.00013020	  0.00035209	  0.00000000	  0.00027011
     -0.0134	    653.1192	 8.1099	 6.511208	 0.012882	  0.00048157	  0.00035085	  0.00013073	  0.00035085	  0.00000000	  0.00026944
     -0.0133	    653.3424	 8.1139	 6.514087	 0.012912	  0.00048087	  0.00034961	  0.00013125	  0.00034961	  0.00000000	  0.00026878
     -0.0132	    653.5641	 8.1180	 6.516953	 0.012941	  0.00048017	  0.00034839	  0.00013178	  0.00034839	  0.00000000	  0.00026812
     -0.0131	    653.7844	 8.1220	 6.519806	 0.012970	  0.00047948	  0.00034718	  0.00013230	  0.00034718	  0.00000000	  0.00026747
     -0.0130	    654.0032	 8.1260	 6.522647	 0.012999	  0.00047879	  0.00034598	  0.00013281	  0.00034598	  0.00000000	  0.00026682
     -0.0129	    654.2205	 8.1299	 6.525476	 0.013028	  0.00047811	  0.00034478	  0.00013333	  0.00034478	  0.00000000	  0.00026618
     -0.0128	    654.4365	 8.1339	 6.528293	 0.013057	  0.00047744	  0.00034360	  0.00013384	  0.00034360	  0.00000000	  0.00026555
     -0.0127	    654.6510	 8.1378	 6.531097	 0.013085	  0.00047677	  0.00034242	  0.00013435	  0.00034242	  0.00000000	  0.00026492
     -0.0126	    654.8641	 8.1417	 6.533888	 0.013114	  0.00047611	  0.00034126	  0.00013485	  0.00034126	  0.00000000	  0.00026430
     -0.0125	    655.0758	 8.1455	 6.536668	 0.013143	  0.00047546	  0.00034010	  0.00013536	  0.00034010	  0.00000000	  0.00026368
     -0.0124	    655.2861	 8.1494	 6.539434	 0.013171	  0.00047481	  0.00033895	  0.00013586	  0.00033895	  0.00000000	  0.00026307
     -0.0123	    655.4950	 8.1532	 6.542189	 0.013200	  0.00047417	  0.00033781	  0.00013635	  0.00033781	  0.00000000	  0.00026246
     -0.0122	    655.7025	 8.1570	 6.544931	 0.013228	  0.00047353	  0.00033668	  0.00013685	  0.00033668	  0.00000000	  0.00026186
     -0.0121	    655.9087	 8.1608	 6.547660	 0.013256	  0.00047290	  0.00033556	  0.00013734	  0.00033556	  0.00000000	  0.00026126
     -0.0120	    656.1134	 8.1646	 6.550378	 0.013284	  0.00047228	  0.00033445	  0.00013782	  0.00033445	  0.00000000	  0.00026067
     -0.0119	    656.3168	 8.1683	 6.553082	 0.013313	  0.00047166	  0.00033335	  0.00013831	  0.00033335	  0.00000000	  0.00026009
     -0.0118	    656.5188	 8.1720	 6.555775	 0.013341	  0.00047104	  0.00033225	  0.00013879	  0.00033225	  0.00000000	  0.00025951
     -0.0117	    656.7195	 8.1757	 6.558455	 0.013368	  0.00047044	  0.00033117	  0.00013927	  0.00033117	  0.00000000	  0.00025893
     -0.0116	    656.9188	 8.1794	 6.561122	 0.013396	  0.00046983	  0.00033009	  0.00013975	  0.00033009	  0.00000000	  0.00025836
     -0.0115	    657.1168	 8.1830	 6.563777	 0.013424	  0.00046924	  0.00032902	  0.00014022	  0.00032902	  0.00000000	  0.00025780
     -0.0115	    657.3135	 8.1867	 6.566420	 0.013452	  0.00046865	  0.00032796	  0.00014069	  0.00032796	  0.00000000	  0.00025724
     -0.0114	    657.5088	 8.1903	 6.569050	 0.013479	  0.00046806	  0.00032691	  0.00014115	  0.00032691	  0.00000000	  0.00025668
     -0.0113	    657.7028	 8.1938	 6.571668	 0.013507	  0.00046748	  0.00032586	  0.00014162	  0.00032586	  0.00000000	  0.00025613
     -0.0112	    657.8955	 8.1974	 6.574273	 0.013534	  0.00046691	  0.00032483	  0.00014208	  0.00032483	  0.00000000	  0.00025559
     -0.0111	    658.0869	 8.2009	 6.576866	 0.013561	  0.00046634	  0.00032380	  0.00014254	  0.00032380	  0.00000000	  0.00025505
     -0.0110	    658.2770	 8.2045	 6.579447	 0.013588	  0.00046577	  0.00032278	  0.00014299	  0.00032278	  0.00000000	  0.00025451
     -0.0109	    658.4659	 8.2080	 6.582015	 0.013615	  0.00046521	  0.00032177	  0.00014344	  0.00032177	  0.00000000	  0.00025398
     -0.0108	    658.6534	 8.2114	 6.584571	 0.013642	  0.00046466	  0.00032077	  0.00014389	  0.00032077	  0.00000000	  0.00025346
     -0.0107	    658.8396	 8.2149	 6.587114	 0.013669	  0.00046411	  0.00031977	  0.00014434	  0.00031977	  0.00000000	  0.00025293
     -0.0107	    659.0246	 8.2183	 6.589645	 0.013696	  0.00046357	  0.00031878	  0.00014478	  0.00031878	  0.00000000	  0.00025242
     -0.0106	    659.2083	 8.2217	 6.592164	 0.013722	  0.00046303	  0.00031780	  0.00014522	  0.00031780	  0.00000000	  0.00025191
     -0.0105	    659.3908	 8.2251	 6.594670	 0.013749	  0.00046249	  0.00031683	  0.00014566	  0.00031683	  0.00000000	  0.00025140
     -0.0104	    659.5720	 8.2285	 6.597164	 0.013775	  0.00046197	  0.00031587	  0.00014610	  0.00031587	  0.00000000	  0.00025089
     -0.0103	    659.7520	 8.2318	 6.599646	 0.013802	  0.00046144	  0.00031491	  0.00014653	  0.00031491	  0.00000000	  0.00025040
     -0.0102	    659.9307	 8.2352	 6.602115	 0.013828	  0.00046092	  0.00031396	  0.00014696	  0.00031396	  0.00000000	  0.00024990
     -0.0102	    660.1082	 8.2385	 6.604572	 0.013854	  0.00046041	  0.00031302	  0.00014738	  0.00031302	  0.00000000	  0.00024941
     -0.0101	    660.2845	 8.2417	 6.607017	 0.013880	  0.00045990	  0.00031209	  0.00014781	  0.00031209	  0.00000000	  0.00024893
     -0.0100	    660.4596	 8.2450	 6.609449	 0.013906	  0.00045939	  0.00031116	  0.00014823	  0.00031116	  0.00000000	  0.00024844
     -0.0099	    660.6335	 8.2483	 6.611869	 0.013932	  0.00045889	  0.00031024	  0.00014865	  0.00031024	  0.00000000	  0.00024797
     -0.0098	    660.8061	 8.2515	 6.614277	 0.013958	  0.00045839	  0.00030933	  0.00014906	  0.00030933	  0.00000000	  0.00024750
     -0.0098	    660.9776	 8.2547	 6.616672	 0.013983	  0.00045790	  0.00030843	  0.00014947	  0.00030843	  0.00000000	  0.00024703
     -0.0097	    661.1479	 8.2579	 6.619056	 0.014009	  0.00045741	  0.00030753	  0.00014988	  0.00030753	  0.00000000	  0.00024656
     -0.0096	    661.3170	 8.2610	 6.621427	 0.014034	  0.00045693	  0.00030664	  0.00015029	  0.00030664	  0.00000000	  0.00024610
     -0.0095	    661.4849	 8.2642	 6.623786	 0.014059	  0.00045645	  0.00030576	  0.00015069	  0.00030576	  0.00000000	  0.00024565
     -0.0095	    661.6517	 8.2673	 6.626132	 0.014084	  0.00045598	  0.00030489	  0.00015109	  0.00030489	  0.00000000	  0.00024519
     -0.0094	    661.8173	 8.2704	 6.628467	 0.014110	  0.00045551	  0.00030402	  0.00015149	  0.00030402	  0.00000000	  0.00024474
     -0.0093	    661.9818	 8.2735	 6.630789	 0.014134	  0.00045504	  0.00030316	  0.00015189	  0.00030316	  0.00000000	  0.00024430
     -0.0092	    662.1451	 8.2765	 6.633100	 0.014159	  0.00045458	  0.00030230	  0.00015228	  0.00030230	  0.00000000	  0.00024386
     -0.0092	    662.3072	 8.2796	 6.635398	 0.014184	  0.00045412	  0.00030145	  0.00015267	  0.00030145	  0.00000000	  0.00024342
     -0.0091	    662.4683	 8.2826	 6.637684	 0.014209	  0.00045367	  0.00030061	  0.00015306	  0.00030061	  0.00000000	  0.00024299
     -0.0090	    662.6282	 8.2856	 6.639958	 0.014233	  0.00045322	  0.00029978	  0.00015344	  0.00029978	  0.00000000	  0.00024256
     -0.0089	    662.7870	 8.2886	 6.642220	 0.014258	  0.00045278	  0.00029895	  0.00015383	  0.00029895	  0.00000000	  0.00024214
     -0.0089	    662.9446	 8.2915	 6.644470	 0.014282	  0.00045234	  0.00029813	  0.00015421	  0.00029813	  0.00000000	  0.00024171
     -0.0088	    663.1012	 8.2945	 6.646708	 0.014306	  0.00045190	  0.00029732	  0.00015458	  0.00029732	  0.00000000	  0.00024130
     -0.0087	    663.2567	 8.2974	 6.648934	 0.014330	  0.00045147	  0.00029651	  0.00015496	  0.00029651	  0.00000000	  0.00024088
     -0.0087	    663.4110	 8.3003	 6.651148	 0.014354	  0.00045104	  0.00029571	  0.00015533	  0.00029571	  0.00000000	  0.00024047
     -0.0086	    663.5643	 8.3032	 6.653350	 0.014378	  0.00045061	  0.00029491	  0.00015570	  0.00029491	  0.00000000	  0.00024006
     -0.0085	    663.7165	 8.3061	 6.655540	 0.014402	  0.00045019	  0.00029413	  0.00015606	  0.00029413	  0.00000000	  0.00023966
     -0.0084	    663.8677	 8.3089	 6.657718	 0.014425	  0.00044977	  0.00029334	  0.00015643	  0.00029334	  0.00000000	  0.00023926
     -0.0084	    664.0177	 8.3118	 6.659885	 0.014449	  0.00044936	  0.00029257	  0.00015679	  0.00029257	  0.00000000	  0.00023886
     -0.0083	    664.1667	 8.3146	 6.662039	 0.014472	  0.00044895	  0.00029180	  0.00015715	  0.00029180	  0.00000000	  0.00023847
     -0.0082	    664.3147	 8.3174	 6.664182	 0.014495	  0.00044854	  0.00029104	  0.00015750	  0.00029104	  0.00000000	  0.00023808
     -0.0082	    664.4616	 8.3201	 6.666313	 0.014519	  0.00044814	  0.00029028	  0.00015786	  0.00029028	  0.00000000	  0.00023769
     -0.0081	    664.6074	 8.3229	 6.668432	 0.014542	  0.00044774	  0.00028953	  0.00015821	  0.00028953	  0.00000000	  0.00023731
     -0.0081	    664.7522	 8.3256	 6.670540	 0.014565	  0.00044734	  0.00028878	  0.00015856	  0.00028878	  0.00000000	  0.00023693
     -0.0080	    664.8960	 8.3284	 6.672636	 0.014587	  0.00044695	  0.00028805	  0.00015890	  0.00028805	  0.00000000	  0.00023656
     -0.0079	    665.0388	 8.3311	 6.674720	 0.014610	  0.00044656	  0.00028731	  0.00015925	  0.00028731	  0.00000000	  0.00023618
     -0.0079	    665.1805	 8.3338	 6.676792	 0.014633	  0.00044617	  0.00028659	  0.00015959	  0.00028659	  0.00000000	  0.00023581
     -0.0078	    665.3213	 8.3364	 6.678853	 0.014655	  0.00044579	  0.00028587	  0.00015993	  0.00028587	  0.00000000	  0.00023545
     -0.0077	    665.4610	 8.3391	 6.680903	 0.014678	  0.00044541	  0.00028515	  0.00016026	  0.00028515	  0.00000000	  0.00023508
     -0.0077	    665.5997	 8.3417	 6.682941	 0.014700	  0.00044504	  0.00028444	  0.00016060	  0.00028444	  0.00000000	  0.00023472
     -0.0076	    665.7375	 8.3443	 6.684967	 0.014722	  0.00044467	  0.00028374	  0.00016093	  0.00028374	  0.00000000	  0.00023437
     -0.0076	    665.8742	 8.3469	 6.686982	 0.014744	  0.00044430	  0.00028304	  0.00016126	  0.00028304	  0.00000000	  0.00023401
     -0.0075	    666.0100	 8.3495	 6.688985	 0.014766	  0.00044393	  0.00028235	  0.00016158	  0.00028235	  0.00000000	  0.00023366
     -0.0074	    666.1448	 8.3521	 6.690977	 0.014788	  0.00044357	  0.00028166	  0.00016191	  0.00028166	  0.00000000	  0.00023331
     -0.0074	    666.2787	 8.3546	 6.692958	 0.014809	  0.00044321	  0.00028098	  0.00016223	  0.00028098	  0.00000000	  0.00023297
     -0.0073	    666.4115	 8.3571	 6.694927	 0.014831	  0.00044286	  0.00028031	  0.00016255	  0.00028031	  0.00000000	  0.00023263
     -0.0073	    666.5434	 8.3596	 6.696885	 0.014852	  0.00044250	  0.00027964	  0.00016287	  0.00027964	  0.00000000	  0.00023229
     -0.0072	    666.6744	 8.3621	 6.698831	 0.014874	  0.00044215	  0.00027897	  0.00016318	  0.00027897	  0.00000000	  0.00023195
     -0.0071	    666.8044	 8.3646	 6.700767	 0.014895	  0.00044181	  0.00027831	  0.00016349	  0.00027831	  0.00000000	  0.00023162
     -0.0071	    666.9335	 8.3671	 6.702691	 0.014916	  0.00044147	  0.00027766	  0.00016380	  0.00027766	  0.00000000	  0.00023129
     -0.0070	    667.0617	 8.3695	 6.704604	 0.014937	  0.00044112	  0.00027701	  0.00016411	  0.00027701	  0.00000000	  0.00023096
     -0.0070	    667.1889	 8.3719	 6.706505	 0.014958	  0.00044079	  0.00027637	  0.00016442	  0.00027637	  0.00000000	  0.00023064
     -0.0069	    667.3152	 8.3743	 6.708396	 0.014979	  0.00044045	  0.00027573	  0.00016472	  0.00027573	  0.00000000	  0.00023031
     -0.0069	    667.4406	 8.3767	 6.710276	 0.014999	  0.00044012	  0.00027510	  0.00016502	  0.00027510	  0.00000000	  0.00023000
     -0.0068	    667.5651	 8.3791	 6.712144	 0.015020	  0.00043979	  0.00027447	  0.00016532	  0.00027447	  0.00000000	  0.00022968
     -0.0067	    667.6887	 8.3815	 6.714002	 0.015040	  0.00043947	  0.00027385	  0.00016562	  0.00027385	  0.00000000	  0.00022937
     -0.0067	    667.8114	 8.3838	 6.715848	 0.015061	  0.00043915	  0.00027323	  0.00016591	  0.00027323	  0.00000000	  0.00022905
     -0.0066	    667.9332	 8.3861	 6.717684	 0.015081	  0.00043883	  0.00027262	  0.00016621	  0.00027262	  0.00000000	  0.00022875
     -0.0066	    668.0541	 8.3885	 6.719509	 0.015101	  0.00043851	  0.00027201	  0.00016650	  0.00027201	  0.00000000	  0.00022844
     -0.0065	    668.1741	 8.3908	 6.721323	 0.015121	  0.00043819	  0.00027141	  0.00016678	  0.00027141	  0.00000000	  0.00022814
     -0.0065	    668.2933	 8.3930	 6.723126	 0.015141	  0.00043788	  0.00027081	  0.00016707	  0.00027081	  0.00000000	  0.00022784
     -0.0064	    668.4116	 8.3953	 6.724918	 0.015161	  0.00043757	  0.00027022	  0.00016735	  0.00027022	  0.00000000	  0.00022754
     -0.0064	    668.5290	 8.3976	 6.726700	 0.015181	  0.00043727	  0.00026963	  0.00016763	  0.00026963	  0.00000000	  0.00022724
     -0.0063	    668.6456	 8.3998	 6.728471	 0.015200	  0.00043697	  0.00026905	  0.00016791	  0.00026905	  0.00000000	  0.00022695
     -0.0063	    668.7613	 8.4020	 6.730231	 0.015220	  0.00043666	  0.00026847	  0.00016819	  0.00026847	  0.00000000	  0.00022666
     -0.0062	    668.8762	 8.4042	 6.731980	 0.015239	  0.00043637	  0.00026790	  0.00016847	  0.00026790	  0.00000000	  0.00022637
     -0.0062	    668.9903	 8.4064	 6.733719	 0.015258	  0.00043607	  0.00026733	  0.00016874	  0.00026733	  0.00000000	  0.00022609
     -0.0061	    669.1035	 8.4086	 6.735448	 0.015277	  0.00043578	  0.00026677	  0.00016901	  0.00026677	  0.00000000	  0.00022581
     -0.0061	    669.2159	 8.4107	 6.737166	 0.015296	  0.00043549	  0.00026621	  0.00016928	  0.00026621	  0.00000000	  0.00022553
     -0.0060	    669.3274	 8.4129	 6.738873	 0.015315	  0.00043520	  0.00026565	  0.00016955	  0.00026565	  0.00000000	  0.00022525
     -0.0060	    669.4382	 8.4150	 6.740570	 0.015334	  0.00043492	  0.00026510	  0.00016981	  0.00026510	  0.00000000	  0.00022497
     -0.0059	    669.5481	 8.4171	 6.742257	 0.015353	  0.00043463	  0.00026456	  0.00017007	  0.00026456	  0.00000000	  0.00022470
     -0.0059	    669.6572	 8.4192	 6.743933	 0.015371	  0.00043435	  0.00026402	  0.00017034	  0.00026402	  0.00000000	  0.00022443
     -0.0058	    669.7655	 8.4213	 6.745599	 0.015390	  0.00043407	  0.00026348	  0.00017059	  0.00026348	  0.00000000	  0.00022416
     -0.0058	    669.8730	 8.4234	 6.747255	 0.015408	  0.00043380	  0.00026295	  0.00017085	  0.00026295	  0.00000000	  0.00022389
     -0.0057	    669.9798	 8.4254	 6.748900	 0.015426	  0.00043353	  0.00026242	  0.00017111	  0.00026242	  0.00000000	  0.00022363
     -0.0057	    670.0857	 8.4274	 6.750535	 0.015444	  0.00043326	  0.00026190	  0.00017136	  0.00026190	  0.00000000	  0.00022337
     -0.0057	    670.1909	 8.4295	 6.752160	 0.015462	  0.00043299	  0.00026138	  0.00017161	  0.00026138	  0.00000000	  0.00022311
     -0.0056	    670.2953	 8.4315	 6.753775	 0.015480	  0.00043272	  0.00026086	  0.00017186	  0.00026086	  0.00000000	  0.00022285
     -0.0056	    670.3989	 8.4335	 6.755380	 0.015498	  0.00043246	  0.00026035	  0.00017211	  0.00026035	  0.00000000	  0.00022260
     -0.0055	    670.5017	 8.4355	 6.756975	 0.015516	  0.00043220	  0.00025984	  0.00017235	  0.00025984	  0.00000000	  0.00022234
     -0.0055	    670.6038	 8.4374	 6.758560	 0.015533	  0.00043194	  0.00025934	  0.00017260	  0.00025934	  0.00000000	  0.00022209
     -0.0054	    670.7052	 8.4394	 6.760135	 0.015551	  0.00043168	  0.00025884	  0.00017284	  0.00025884	  0.00000000	  0.00022184
     -0.0054	    670.8058	 8.4413	 6.761701	 0.015568	  0.00043143	  0.00025835	  0.00017308	  0.00025835	  0.00000000	  0.00022160
     -0.0053	    670.9056	 8.4432	 6.763256	 0.015586	  0.00043117	  0.00025786	  0.00017332	  0.00025786	  0.00000000	  0.00022135
     -0.0053	    671.0047	 8.4452	 6.764801	 0.015603	  0.00043092	  0.00025737	  0.00017355	  0.00025737	  0.00000000	  0.00022111
     -0.0053	    671.1031	 8.4471	 6.766337	 0.015620	  0.00043068	  0.00025689	  0.00017379	  0.00025689	  0.00000000	  0.00022087
     -0.0052	    671.2007	 8.4489	 6.767863	 0.015637	  0.00043043	  0.00025641	  0.00017402	  0.00025641	  0.00000000	  0.00022063
     -0.0052	    671.2976	 8.4508	 6.769379	 0.015654	  0.00043019	  0.00025593	  0.00017425	  0.00025593	  0.00000000	  0.00022040
     -0.0051	    671.3938	 8.4527	 6.770886	 0.015671	  0.00042994	  0.00025546	  0.00017448	  0.00025546	  0.00000000	  0.00022016
     -0.0051	    671.4893	 8.4545	 6.772383	 0.015687	  0.00042970	  0.00025500	  0.00017471	  0.00025500	  0.00000000	  0.00021993
     -0.0051	    671.5841	 8.4564	 6.773871	 0.015704	  0.00042947	  0.00025453	  0.00017493	  0.00025453	  0.00000000	  0.00021970
     -0.0050	    671.6782	 8.4582	 6.775349	 0.015720	  0.00042923	  0.00025407	  0.00017516	  0.00025407	  0.00000000	  0.00021947
     -0.0050	    671.7715	 8.4600	 6.776817	 0.015737	  0.00042900	  0.00025362	  0.00017538	  0.00025362	  0.00000000	  0.00021924
     -0.0049	    671.8642	 8.4618	 6.778276	 0.015753	  0.00042877	  0.00025317	  0.00017560	  0.00025317	  0.00000000	  0.00021902
     -0.0049	    671.9562	 8.4636	 6.779726	 0.015769	  0.00042854	  0.00025272	  0.00017582	  0.00025272	  0.00000000	  0.00021880
     -0.0049	    672.0475	 8.4653	 6.781166	 0.015785	  0.00042831	  0.00025228	  0.00017604	  0.00025228	  0.00000000	  0.00021858
     -0.0048	    672.1381	 8.4671	 6.782597	 0.015801	  0.00042808	  0.00025183	  0.00017625	  0.00025183	  0.00000000	  0.00021836
     -0.0048	    672.2280	 8.4688	 6.784019	 0.015817	  0.00042786	  0.00025140	  0.00017646	  0.00025140	  0.00000000	  0.00021814
     -0.0047	    672.3173	 8.4706	 6.785432	 0.015833	  0.00042764	  0.00025096	  0.00017668	  0.00025096	  0.00000000	  0.00021793
     -0.0047	    672.4059	 8.4723	 6.786835	 0.015848	  0.00042742	  0.00025053	  0.00017689	  0.00025053	  0.00000000	  0.00021771
     -0.0047	    672.4938	 8.4740	 6.788230	 0.015864	  0.00042720	  0.00025011	  0.00017709	  0.00025011	  0.00000000	  0.00021750
     -0.0046	    672.5811	 8.4757	 6.789615	 0.015879	  0.00042699	  0.00024968	  0.00017730	  0.00024968	  0.00000000	  0.00021729
     -0.0046	    672.6677	 8.4774	 6.790991	 0.015895	  0.00042677	  0.00024927	  0.00017751	  0.00024927	  0.00000000	  0.00021708
     -0.0046	    672.7537	 8.4790	 6.792359	 0.015910	  0.00042656	  0.00024885	  0.00017771	  0.00024885	  0.00000000	  0.00021688
     -0.0045	    672.8391	 8.4807	 6.793717	 0.015925	  0.00042635	  0.00024844	  0.00017791	  0.00024844	  0.00000000	  0.00021667
     -0.0045	    672.9238	 8.4823	 6.795066	 0.015940	  0.00042614	  0.00024803	  0.00017811	  0.00024803	  0.00000000	  0.00021647
     -0.0044	    673.0078	 8.4840	 6.796407	 0.015955	  0.00042593	  0.00024762	  0.00017831	  0.00024762	  0.00000000	  0.00021627
     -0.0044	    673.0912	 8.4856	 6.797739	 0.015970	  0.00042573	  0.00024722	  0.00017851	  0.00024722	  0.00000000	  0.00021607
     -0.0044	    673.1740	 8.4872	 6.799062	 0.015985	  0.00042553	  0.00024682	  0.00017871	  0.00024682	  0.00000000	  0.00021587
     -0.0043	    673.2562	 8.4888	 6.800376	 0.016000	  0.00042532	  0.00024642	  0.00017890	  0.00024642	  0.00000000	  0.00021568
     -0.0043	    673.3378	 8.4904	 6.801681	 0.016014	  0.00042512	  0.00024603	  0.00017909	  0.00024603	  0.00000000	  0.00021548
     -0.0043	    673.4187	 8.4919	 6.802978	 0.016029	  0.00042493	  0.00024564	  0.00017929	  0.00024564	  0.00000000	  0.00021529
     -0.0042	    673.4991	 8.4935	 6.804267	 0.016043	  0.00042473	  0.00024525	  0.00017948	  0.00024525	  0.00000000	  0.00021510
     -0.0042	    673.5788	 8.4951	 6.805546	 0.016057	  0.00042454	  0.00024487	  0.00017966	  0.00024487	  0.00000000	  0.00021491
     -0.0042	    673.6579	 8.4966	 6.806818	 0.016072	  0.00042434	  0.00024449	  0.00017985	  0.00024449	  0.00000000	  0.00021472
     -0.0041	    673.7365	 8.4981	 6.808081	 0.016086	  0.00042415	  0.00024411	  0.00018004	  0.00024411	  0.00000000	  0.00021453
     -0.0041	    673.8144	 8.4996	 6.809335	 0.016100	  0.00042396	  0.00024374	  0.00018022	  0.00024374	  0.00000000	  0.00021435
     -0.0041	    673.8918	 8.5012	 6.810581	 0.016114	  0.00042377	  0.00024337	  0.00018040	  0.00024337	  0.00000000	  0.00021417
     -0.0040	    673.9686	 8.5026	 6.811819	 0.016128	  0.00042359	  0.00024300	  0.00018058	  0.00024300	  0.00000000	  0.00021398
     -0.0040	    674.0448	 8.5041	 6.813048	 0.016141	  0.00042340	  0.00024264	  0.00018076	  0.00024264	  0.00000000	  0.00021380
     -0.0040	    674.1204	 8.5056	 6.814269	 0.016155	  0.00042322	  0.00024228	  0.00018094	  0.00024228	  0.00000000	  0.00021363
     -0.0039	    674.1954	 8.5071	 6.815482	 0.016169	  0.00042304	  0.00024192	  0.00018112	  0.00024192	  0.00000000	  0.00021345
     -0.0039	    674.2699	 8.5085	 6.816687	 0.016182	  0.00042286	  0.00024156	  0.00018129	  0.00024156	  0.00000000	  0.00021327
     -0.0039	    674.3438	 8.5100	 6.817884	 0.016196	  0.00042268	  0.00024121	  0.00018147	  0.00024121	  0.00000000	  0.00021310
     -0.0038	    674.4172	 8.5114	 6.819072	 0.016209	  0.00042250	  0.00024086	  0.00018164	  0.00024086	  0.00000000	  0.00021293
     -0.0038	    674.4900	 8.5128	 6.820253	 0.016222	  0.00042232	  0.00024051	  0.00018181	  0.00024051	  0.00000000	  0.00021275
     -0.0038	    674.5622	 8.5142	 6.821425	 0.016235	  0.00042215	  0.00024017	  0.00018198	  0.00024017	  0.00000000	  0.00021258
     -0.0038	    674.6340	 8.5156	 6.822590	 0.016248	  0.00042198	  0.00023983	  0.00018215	  0.00023983	  0.00000000	  0.00021242
     -0.0037	    674.7051	 8.5170	 6.823747	 0.016261	  0.00042181	  0.00023949	  0.00018232	  0.00023949	  0.00000000	  0.00021225
     -0.0037	    674.7757	 8.5184	 6.824895	 0.016274	  0.00042164	  0.00023915	  0.00018248	  0.00023915	  0.00000000	  0.00021208
     -0.0037	    674.8458	 8.5198	 6.826036	 0.016287	  0.00042147	  0.00023882	  0.00018265	  0.00023882	  0.00000000	  0.00021192
     -0.0036	    674.9154	 8.5211	 6.827170	 0.016300	  0.00042130	  0.00023849	  0.00018281	  0.00023849	  0.00000000	  0.00021176
     -0.0036	    674.9844	 8.5225	 6.828295	 0.016312	  0.00042113	  0.00023816	  0.00018298	  0.00023816	  0.00000000	  0.00021159
     -0.0036	    675.0529	 8.5238	 6.829413	 0.016325	  0.00042097	  0.00023783	  0.00018314	  0.00023783	  0.00000000	  0.00021143
     -0.0036	    675.1209	 8.5251	 6.830523	 0.016337	  0.00042081	  0.00023751	  0.00018330	  0.00023751	  0.00000000	  0.00021128
     -0.0035	    675.1884	 8.5265	 6.831626	 0.016350	  0.00042065	  0.00023719	  0.00018345	  0.00023719	  0.00000000	  0.00021112
     -0.0035	    675.2553	 8.5278	 6.832721	 0.016362	  0.00042049	  0.00023688	  0.00018361	  0.00023688	  0.00000000	  0.00021096
     -0.0035	    675.3217	 8.5291	 6.833809	 0.016374	  0.00042033	  0.00023656	  0.00018377	  0.00023656	  0.00000000	  0.00021081
     -0.0034	    675.3877	 8.5304	 6.834889	 0.016386	  0.00042017	  0.00023625	  0.00018392	  0.00023625	  0.00000000	  0.00021065
     -0.0034	    675.4531	 8.5316	 6.835961	 0.016398	  0.00042001	  0.00023594	  0.00018408	  0.00023594	  0.00000000	  0.00021050
     -0.0034	    675.5181	 8.5329	 6.837026	 0.016410	  0.00041986	  0.00023563	  0.00018423	  0.00023563	  0.00000000	  0.00021035
     -0.0034	    675.5825	 8.5342	 6.838084	 0.016422	  0.00041971	  0.00023533	  0.00018438	  0.00023533	  0.00000000	  0.00021020
     -0.0033	    675.6464	 8.5354	 6.839135	 0.016434	  0.00041955	  0.00023503	  0.00018453	  0.00023503	  0.00000000	  0.00021005
     -0.0033	    675.7099	 8.5367	 6.840178	 0.016446	  0.00041940	  0.00023473	  0.00018468	  0.00023473	  0.00000000	  0.00020990
     -0.0033	    675.7729	 8.5379	 6.841214	 0.016457	  0.00041925	  0.00023443	  0.00018482	  0.00023443	  0.00000000	  0.00020976
     -0.0033	    675.8354	 8.5391	 6.842243	 0.016469	  0.00041911	  0.00023414	  0.00018497	  0.00023414	  0.00000000	  0.00020961
     -0.0032	    675.8974	 8.5403	 6.843265	 0.016480	  0.00041896	  0.00023384	  0.00018512	  0.00023384	  0.00000000	  0.00020947
     -0.0032	    675.9589	 8.5415	 6.844280	 0.016492	  0.00041881	  0.00023355	  0.00018526	  0.00023355	  0.00000000	  0.00020933
     -0.0032	    676.0200	 8.5427	 6.845287	 0.016503	  0.00041867	  0.00023327	  0.00018540	  0.00023327	  0.00000000	  0.00020919
     -0.0032	    676.0806	 8.5439	 6.846288	 0.016514	  0.00041852	  0.00023298	  0.00018554	  0.00023298	  0.00000000	  0.00020905
     -0.0031	    676.1408	 8.5451	 6.847281	 0.016525	  0.00041838	  0.00023270	  0.00018568	  0.00023270	  0.00000000	  0.00020891
     -0.0031	    676.2005	 8.5463	 6.848268	 0.016537	  0.00041824	  0.00023242	  0.00018582	  0.00023242	  0.00000000	  0.00020877
     -0.0031	    676.2597	 8.5474	 6.849248	 0.016548	  0.00041810	  0.00023214	  0.00018596	  0.00023214	  0.00000000	  0.00020863
     -0.0031	    676.3185	 8.5486	 6.850221	 0.016559	  0.00041796	  0.00023186	  0.00018610	  0.00023186	  0.00000000	  0.00020850
     -0.0030	    676.3768	 8.5497	 6.851187	 0.016569	  0.00041783	  0.00023159	  0.00018624	  0.00023159	  0.00000000	  0.00020836
     -0.0030	    676.4347	 8.5509	 6.852146	 0.016580	  0.00041769	  0.00023132	  0.00018637	  0.00023132	  0.00000000	  0.00020823
     -0.0030	    676.4921	 8.5520	 6.853099	 0.016591	  0.00041755	  0.00023105	  0.00018650	  0.00023105	  0.00000000	  0.00020810
     -0.0030	    676.5491	 8.5531	 6.854045	 0.016602	  0.00041742	  0.00023078	  0.00018664	  0.00023078	  0.00000000	  0.00020797
     -0.0029	    676.6057	 8.5542	 6.854984	 0.016612	  0.00041729	  0.00023052	  0.00018677	  0.00023052	  0.00000000	  0.00020784
     -0.0029	    676.6618	 8.5553	 6.855917	 0.016623	  0.00041716	  0.00023026	  0.00018690	  0.00023026	  0.00000000	  0.00020771
     -0.0029	    676.7175	 8.5564	 6.856843	 0.016633	  0.00041703	  0.00023000	  0.00018703	  0.00023000	  0.00000000	  0.00020758
     -0.0029	    676.7728	 8.5575	 6.857762	 0.016643	  0.00041690	  0.00022974	  0.00018716	  0.00022974	  0.00000000	  0.00020745
     -0.0028	    676.8276	 8.5586	 6.858675	 0.016654	  0.00041677	  0.00022948	  0.00018729	  0.00022948	  0.00000000	  0.00020733
     -0.0028	    676.8820	 8.5597	 6.859582	 0.016664	  0.00041664	  0.00022923	  0.00018741	  0.00022923	  0.00000000	  0.00020720
     -0.0028	    676.9360	 8.5607	 6.860482	 0.016674	  0.00041651	  0.00022898	  0.00018754	  0.00022898	  0.00000000	  0.00020708
     -0.0028	    676.9896	 8.5618	 6.861376	 0.016684	  0.00041639	  0.00022873	  0.00018766	  0.00022873	  0.00000000	  0.00020696
     -0.0027	    677.0428	 8.5628	 6.862263	 0.016694	  0.00041626	  0.00022848	  0.00018779	  0.00022848	  0.00000000	  0.00020684
     -0.0027	    677.0956	 8.5639	 6.863145	 0.016704	  0.00041614	  0.00022823	  0.00018791	  0.00022823	  0.00000000	  0.00020671
     -0.0027	    677.1479	 8.5649	 6.864019	 0.016714	  0.00041602	  0.00022799	  0.00018803	  0.00022799	  0.00000000	  0.00020659
     -0.0027	    677.1999	 8.5659	 6.864888	 0.016723	  0.00041590	  0.00022775	  0.00018815	  0.00022775	  0.00000000	  0.00020648
     -0.0027	    677.2514	 8.5669	 6.865751	 0.016733	  0.00041578	  0.00022751	  0.00018827	  0.00022751	  0.00000000	  0.00020636
     -0.0026	    677.3026	 8.5679	 6.866607	 0.016743	  0.00041566	  0.00022727	  0.00018839	  0.00022727	  0.00000000	  0.00020624
     -0.0026	    677.3534	 8.5689	 6.867457	 0.016752	  0.00041554	  0.00022703	  0.00018851	  0.00022703	  0.00000000	  0.00020613
     -0.0026	    677.4037	 8.5699	 6.868301	 0.016762	  0.00041542	  0.00022680	  0.00018862	  0.00022680	  0.00000000	  0.00020601
     -0.0026	    677.4537	 8.5709	 6.869140	 0.016771	  0.00041531	  0.00022657	  0.00018874	  0.00022657	  0.00000000	  0.00020590
     -0.0026	    677.5033	 8.5719	 6.869972	 0.016781	  0.00041519	  0.00022634	  0.00018886	  0.00022634	  0.00000000	  0.00020578
     -0.0025	    677.5526	 8.5729	 6.870798	 0.016790	  0.00041508	  0.00022611	  0.00018897	  0.00022611	  0.00000000	  0.00020567
     -0.0025	    677.6014	 8.5738	 6.871618	 0.016799	  0.00041496	  0.00022588	  0.00018908	  0.00022588	  0.00000000	  0.00020556
     -0.0025	    677.6499	 8.5748	 6.872433	 0.016808	  0.00041485	  0.00022566	  0.00018920	  0.00022566	  0.00000000	  0.00020545
     -0.0025	    677.6980	 8.5757	 6.873241	 0.016817	  0.00041474	  0.00022543	  0.00018931	  0.00022543	  0.00000000	  0.00020534
     -0.0025	    677.7457	 8.5767	 6.874044	 0.016826	  0.00041463	  0.00022521	  0.00018942	  0.00022521	  0.00000000	  0.00020523
     -0.0024	    677.7930	 8.5776	 6.874841	 0.016835	  0.00041452	  0.00022499	  0.00018953	  0.00022499	  0.00000000	  0.00020513
     -0.0024	    677.8400	 8.5785	 6.875632	 0.016844	  0.00041441	  0.00022478	  0.00018964	  0.00022478	  0.00000000	  0.00020502
     -0.0024	    677.8866	 8.5794	 6.876418	 0.016853	  0.00041430	  0.00022456	  0.00018974	  0.00022456	  0.00000000	  0.00020491
     -0.0024	    677.9329	 8.5803	 6.877198	 0.016862	  0.00041420	  0.00022435	  0.00018985	  0.00022435	  0.00000000	  0.00020481
     -0.0024	    677.9788	 8.5813	 6.877972	 0.016871	  0.00041409	  0.00022413	  0.00018996	  0.00022413	  0.00000000	  0.00020471
     -0.0023	    678.0244	 8.5822	 6.878740	 0.016879	  0.00041399	  0.00022392	  0.00019006	  0.00022392	  0.00000000	  0.00020460
     -0.0023	    678.0696	 8.5830	 6.879504	 0.016888	  0.00041388	  0.00022372	  0.00019017	  0.00022372	  0.00000000	  0.00020450
     -0.0023	    678.1144	 8.5839	 6.880261	 0.016896	  0.00041378	  0.00022351	  0.00019027	  0.00022351	  0.00000000	  0.00020440
     -0.0023	    678.1589	 8.5848	 6.881013	 0.016905	  0.00041368	  0.00022330	  0.00019037	  0.00022330	  0.00000000	  0.00020430
     -0.0023	    678.2031	 8.5857	 6.881760	 0.016913	  0.00041357	  0.00022310	  0.00019048	  0.00022310	  0.00000000	  0.00020420
     -0.0022	    678.2469	 8.5865	 6.882501	 0.016922	  0.00041347	  0.00022290	  0.00019058	  0.00022290	  0.00000000	  0.00020410
     -0.0022	    678.2903	 8.5874	 6.883237	 0.016930	  0.00041337	  0.00022270	  0.00019068	  0.00022270	  0.00000000	  0.00020400
     -0.0022	    678.3335	 8.5882	 6.883967	 0.016938	  0.00041328	  0.00022250	  0.00019078	  0.00022250	  0.00000000	  0.00020391
     -0.0022	    678.3763	 8.5891	 6.884693	 0.016946	  0.00041318	  0.00022230	  0.00019088	  0.00022230	  0.00000000	  0.00020381
     -0.0022	    678.4188	 8.5899	 6.885413	 0.016955	  0.00041308	  0.00022211	  0.00019097	  0.00022211	  0.00000000	  0.00020371
     -0.0022	    678.4609	 8.5908	 6.886127	 0.016963	  0.00041298	  0.00022191	  0.00019107	  0.00022191	  0.00000000	  0.00020362
     -0.0021	    678.5027	 8.5916	 6.886837	 0.016971	  0.00041289	  0.00022172	  0.00019117	  0.00022172	  0.00000000	  0.00020352
     -0.0021	    678.5442	 8.5924	 6.887541	 0.016978	  0.00041279	  0.00022153	  0.00019126	  0.00022153	  0.00000000	  0.00020343
     -0.0021	    678.5854	 8.5932	 6.888240	 0.016986	  0.00041270	  0.00022134	  0.00019136	  0.00022134	  0.00000000	  0.00020334
     -0.0021	    678.6262	 8.5940	 6.888934	 0.016994	  0.00041260	  0.00022115	  0.00019145	  0.00022115	  0.00000000	  0.00020325
     -0.0021	    678.6668	 8.5948	 6.889623	 0.017002	  0.00041251	  0.00022097	  0.00019154	  0.00022097	  0.00000000	  0.00020316
     -0.0021	    678.7070	 8.5956	 6.890307	 0.017010	  0.00041242	  0.00022078	  0.00019164	  0.00022078	  0.00000000	  0.00020307
     -0.0020	    678.7469	 8.5964	 6.890986	 0.017017	  0.00041233	  0.00022060	  0.00019173	  0.00022060	  0.00000000	  0.00020298
     -0.0020	    678.7865	 8.5972	 6.891660	 0.017025	  0.00041224	  0.00022042	  0.00019182	  0.00022042	  0.00000000	  0.00020289
     -0.0020	    678.8258	 8.5980	 6.892329	 0.017032	  0.00041215	  0.00022024	  0.00019191	  0.00022024	  0.00000000	  0.00020280
     -0.0020	    678.8648	 8.5987	 6.892994	 0.017040	  0.00041206	  0.00022006	  0.00019200	  0.00022006	  0.00000000	  0.00020271
     -0.0020	    678.9035	 8.5995	 6.893653	 0.017047	  0.00041197	  0.00021988	  0.00019209	  0.00021988	  0.00000000	  0.00020262
     -0.0020	    678.9418	 8.6003	 6.894307	 0.017055	  0.00041188	  0.00021971	  0.00019218	  0.00021971	  0.00000000	  0.00020254
     -0.0019	    678.9799	 8.6010	 6.894957	 0.017062	  0.00041180	  0.00021953	  0.00019227	  0.00021953	  0.00000000	  0.00020245
     -0.0019	    679.0177	 8.6018	 6.895602	 0.017069	  0.00041171	  0.00021936	  0.00019235	  0.00021936	  0.00000000	  0.00020237
     -0.0019	    679.0552	 8.6025	 6.896242	 0.017077	  0.00041163	  0.00021919	  0.00019244	  0.00021919	  0.00000000	  0.00020229
     -0.0019	    679.0924	 8.6032	 6.896877	 0.017084	  0.00041154	  0.00021902	  0.00019252	  0.00021902	  0.00000000	  0.00020220
     -0.0019	    679.1293	 8.6040	 6.897508	 0.017091	  0.00041146	  0.00021885	  0.00019261	  0.00021885	  0.00000000	  0.00020212
     -0.0019	    679.1659	 8.6047	 6.898134	 0.017098	  0.00041137	  0.00021868	  0.00019269	  0.00021868	  0.00000000	  0.00020204
     -0.0019	    679.2023	 8.6054	 6.898756	 0.017105	  0.00041129	  0.00021851	  0.00019278	  0.00021851	  0.00000000	  0.00020196
     -0.0018	    679.2383	 8.6061	 6.899372	 0.017112	  0.00041121	  0.00021835	  0.00019286	  0.00021835	  0.00000000	  0.00020188
     -0.0018	    679.2741	 8.6068	 6.899985	 0.017119	  0.00041113	  0.00021819	  0.00019294	  0.00021819	  0.00000000	  0.00020180
     -0.0018	    679.3096	 8.6075	 6.900592	 0.017126	  0.00041105	  0.00021803	  0.00019302	  0.00021803	  0.00000000	  0.00020172
     -0.0018	    679.3448	 8.6082	 6.901196	 0.017132	  0.00041097	  0.00021786	  0.00019310	  0.00021786	  0.00000000	  0.00020164
     -0.0018	    679.3798	 8.6089	 6.901795	 0.017139	  0.00041089	  0.00021771	  0.00019318	  0.00021771	  0.00000000	  0.00020156
     -0.0018	    679.4144	 8.6096	 6.902389	 0.017146	  0.00041081	  0.00021755	  0.00019326	  0.00021755	  0.00000000	  0.00020148
     -0.0018	    679.4489	 8.6103	 6.902979	 0.017152	  0.00041073	  0.00021739	  0.00019334	  0.00021739	  0.00000000	  0.00020141
     -0.0017	    679.4830	 8.6110	 6.903565	 0.017159	  0.00041065	  0.00021723	  0.00019342	  0.00021723	  0.00000000	  0.00020133
     -0.0017	    679.5169	 8.6116	 6.904146	 0.017166	  0.00041058	  0.00021708	  0.00019350	  0.00021708	  0.00000000	  0.00020126
     -0.0017	    679.5505	 8.6123	 6.904723	 0.017172	  0.00041050	  0.00021693	  0.00019357	  0.00021693	  0.00000000	  0.00020118
     -0.0017	    679.5838	 8.6130	 6.905295	 0.017179	  0.00041043	  0.00021678	  0.00019365	  0.00021678	  0.00000000	  0.00020111
     -0.0017	    679.6169	 8.6136	 6.905864	 0.017185	  0.00041035	  0.00021663	  0.00019373	  0.00021663	  0.00000000	  0.00020103
     -0.0017	    679.6497	 8.6143	 6.906428	 0.017191	  0.00041028	  0.00021648	  0.00019380	  0.00021648	  0.00000000	  0.00020096
     -0.0017	    679.6823	 8.6149	 6.906988	 0.017198	  0.00041020	  0.00021633	  0.00019388	  0.00021633	  0.00000000	  0.00020089
     -0.0016	    679.7146	 8.6156	 6.907544	 0.017204	  0.00041013	  0.00021618	  0.00019395	  0.00021618	  0.00000000	  0.00020082
     -0.0016	    679.7467	 8.6162	 6.908096	 0.017210	  0.00041006	  0.00021604	  0.00019402	  0.00021604	  0.00000000	  0.00020074
     -0.0016	    679.7785	 8.6168	 6.908643	 0.017216	  0.00040999	  0.00021589	  0.00019410	  0.00021589	  0.00000000	  0.00020067
     -0.0016	    679.8100	 8.6175	 6.909187	 0.017222	  0.00040992	  0.00021575	  0.00019417	  0.00021575	  0.00000000	  0.00020060
     -0.0016	    679.8413	 8.6181	 6.909726	 0.017229	  0.00040985	  0.00021561	  0.00019424	  0.00021561	  0.00000000	  0.00020053
     -0.0016	    679.8724	 8.6187	 6.910261	 0.017235	  0.00040978	  0.00021546	  0.00019431	  0.00021546	  0.00000000	  0.00020047
     -0.0016	    679.9032	 8.6193	 6.910793	 0.017241	  0.00040971	  0.00021532	  0.00019438	  0.00021532	  0.00000000	  0.00020040
     -0.0016	    679.9338	 8.6199	 6.911320	 0.017246	  0.00040964	  0.00021519	  0.00019445	  0.00021519	  0.00000000	  0.00020033
     -0.0015	    679.9642	 8.6205	 6.911844	 0.017252	  0.00040957	  0.00021505	  0.00019452	  0.00021505	  0.00000000	  0.00020026
     -0.0015	    679.9943	 8.6211	 6.912363	 0.017258	  0.00040950	  0.00021491	  0.00019459	  0.00021491	  0.00000000	  0.00020020
     -0.0015	    680.0242	 8.6217	 6.912879	 0.017264	  0.00040943	  0.00021478	  0.00019466	  0.00021478	  0.00000000	  0.00020013
     -0.0015	    680.0538	 8.6223	 6.913391	 0.017270	  0.00040937	  0.00021464	  0.00019473	  0.00021464	  0.00000000	  0.00020006
     -0.0015	    680.0832	 8.6229	 6.913899	 0.017276	  0.00040930	  0.00021451	  0.00019479	  0.00021451	  0.00000000	  0.00020000
     -0.0015	    680.1124	 8.6235	 6.914403	 0.017281	  0.00040924	  0.00021438	  0.00019486	  0.00021438	  0.00000000	  0.00019994
     -0.0015	    680.1413	 8.6240	 6.914904	 0.017287	  0.00040917	  0.00021425	  0.00019492	  0.00021425	  0.00000000	  0.00019987
     -0.0015	    680.1701	 8.6246	 6.915400	 0.017292	  0.00040911	  0.00021412	  0.00019499	  0.00021412	  0.00000000	  0.00019981
     -0.0014	    680.1986	 8.6252	 6.915893	 0.017298	  0.00040904	  0.00021399	  0.00019506	  0.00021399	  0.00000000	  0.00019974
     -0.0014	    680.2269	 8.6257	 6.916382	 0.017304	  0.00040898	  0.00021386	  0.00019512	  0.00021386	  0.00000000	  0.00019968
     -0.0014	    680.2549	 8.6263	 6.916868	 0.017309	  0.00040892	  0.00021373	  0.00019518	  0.00021373	  0.00000000	  0.00019962
     -0.0014	    680.2827	 8.6268	 6.917350	 0.017314	  0.00040885	  0.00021361	  0.00019525	  0.00021361	  0.00000000	  0.00019956
     -0.0014	    680.3104	 8.6274	 6.917828	 0.017320	  0.00040879	  0.00021348	  0.00019531	  0.00021348	  0.00000000	  0.00019950
     -0.0014	    680.3378	 8.6279	 6.918303	 0.017325	  0.00040873	  0.00021336	  0.00019537	  0.00021336	  0.00000000	  0.00019944
     -0.0014	    680.3649	 8.6285	 6.918774	 0.017331	  0.00040867	  0.00021324	  0.00019543	  0.00021324	  0.00000000	  0.00019938
     -0.0014	    680.3919	 8.6290	 6.919241	 0.017336	  0.00040861	  0.00021311	  0.00019550	  0.00021311	  0.00000000	  0.00019932
     -0.0014	    680.4187	 8.6295	 6.919705	 0.017341	  0.00040855	  0.00021299	  0.00019556	  0.00021299	  0.00000000	  0.00019926
     -0.0013	    680.4452	 8.6301	 6.920166	 0.017346	  0.00040849	  0.00021287	  0.00019562	  0.00021287	  0.00000000	  0.00019920
     -0.0013	    680.4716	 8.6306	 6.920623	 0.017351	  0.00040843	  0.00021275	  0.00019568	  0.00021275	  0.00000000	  0.00019914
     -0.0013	    680.4977	 8.6311	 6.921076	 0.017357	  0.00040837	  0.00021264	  0.00019574	  0.00021264	  0.00000000	  0.00019909
     -0.0013	    680.5237	 8.6316	 6.921527	 0.017362	  0.00040832	  0.00021252	  0.00019580	  0.00021252	  0.00000000	  0.00019903
     -0.0013	    680.5494	 8.6321	 6.921973	 0.017367	  0.00040826	  0.00021240	  0.00019585	  0.00021240	  0.00000000	  0.00019897
     -0.0013	    680.5749	 8.6326	 6.922417	 0.017372	  0.00040820	  0.00021229	  0.00019591	  0.00021229	  0.00000000	  0.00019892
     -0.0013	    680.6002	 8.6331	 6.922857	 0.017377	  0.00040814	  0.00021217	  0.00019597	  0.00021217	  0.00000000	  0.00019886
     -0.0013	    680.6254	 8.6336	 6.923293	 0.017382	  0.00040809	  0.00021206	  0.00019603	  0.00021206	  0.00000000	  0.00019880
     -0.0013	    680.6503	 8.6341	 6.923727	 0.017386	  0.00040803	  0.00021195	  0.00019608	  0.00021195	  0.00000000	  0.00019875
     -0.0013	    680.6750	 8.6346	 6.924157	 0.017391	  0.00040798	  0.00021184	  0.00019614	  0.00021184	  0.00000000	  0.00019870
     -0.0012	    680.6996	 8.6351	 6.924584	 0.017396	  0.00040792	  0.00021173	  0.00019620	  0.00021173	  0.00000000	  0.00019864
     -0.0012	    680.7239	 8.6356	 6.925007	 0.017401	  0.00040787	  0.00021162	  0.00019625	  0.00021162	  0.00000000	  0.00019859
     -0.0012	    680.7481	 8.6361	 6.925428	 0.017406	  0.00040781	  0.00021151	  0.00019631	  0.00021151	  0.00000000	  0.00019854
     -0.0012	    680.7720	 8.6366	 6.925845	 0.017410	  0.00040776	  0.00021140	  0.00019636	  0.00021140	  0.00000000	  0.00019848
     -0.0012	    680.7958	 8.6370	 6.926259	 0.017415	  0.00040771	  0.00021129	  0.00019641	  0.00021129	  0.00000000	  0.00019843
     -0.0012	    680.8194	 8.6375	 6.926670	 0.017420	  0.00040766	  0.00021119	  0.00019647	  0.00021119	  0.00000000	  0.00019838
     -0.0012	    680.8428	 8.6380	 6.927078	 0.017424	  0.00040760	  0.00021108	  0.00019652	  0.00021108	  0.00000000	  0.00019833
     -0.0012	    680.8660	 8.6384	 6.927483	 0.017429	  0.00040755	  0.00021098	  0.00019657	  0.00021098	  0.00000000	  0.00019828
     -0.0012	    680.8891	 8.6389	 6.927884	 0.017433	  0.00040750	  0.00021088	  0.00019663	  0.00021088	  0.00000000	  0.00019823
     -0.0012	    680.9119	 8.6393	 6.928283	 0.017438	  0.00040745	  0.00021077	  0.00019668	  0.00021077	  0.00000000	  0.00019818
     -0.0011	    680.9346	 8.6398	 6.928678	 0.017442	  0.00040740	  0.00021067	  0.00019673	  0.00021067	  0.00000000	  0.00019813
     -0.0011	    680.9571	 8.6402	 6.929071	 0.017447	  0.00040735	  0.00021057	  0.00019678	  0.00021057	  0.00000000	  0.00019808
     -0.0011	    680.9795	 8.6407	 6.929460	 0.017451	  0.00040730	  0.00021047	  0.00019683	  0.00021047	  0.00000000	  0.00019803
     -0.0011	    681.0016	 8.6411	 6.929847	 0.017455	  0.00040725	  0.00021037	  0.00019688	  0.00021037	  0.00000000	  0.00019798
     -0.0011	    681.0236	 8.6416	 6.930231	 0.017460	  0.00040720	  0.00021027	  0.00019693	  0.00021027	  0.00000000	  0.00019793
     -0.0011	    681.0454	 8.6420	 6.930611	 0.017464	  0.00040715	  0.00021017	  0.00019698	  0.00021017	  0.00000000	  0.00019788
     -0.0011	    681.0670	 8.6424	 6.930989	 0.017468	  0.00040711	  0.00021008	  0.00019703	  0.00021008	  0.00000000	  0.00019784
     -0.0011	    681.0885	 8.6428	 6.931364	 0.017473	  0.00040706	  0.00020998	  0.00019708	  0.00020998	  0.00000000	  0.00019779
     -0.0011	    681.1098	 8.6433	 6.931736	 0.017477	  0.00040701	  0.00020988	  0.00019713	  0.00020988	  0.00000000	  0.00019774
     -0.0011	    681.1309	 8.6437	 6.932105	 0.017481	  0.00040696	  0.00020979	  0.00019717	  0.00020979	  0.00000000	  0.00019770
     -0.0011	    681.1518	 8.6441	 6.932472	 0.017485	  0.00040692	  0.00020970	  0.00019722	  0.00020970	  0.00000000	  0.00019765
     -0.0010	    681.1726	 8.6445	 6.932835	 0.017489	  0.00040687	  0.00020960	  0.00019727	  0.00020960	  0.00000000	  0.00019761
     -0.0010	    681.1933	 8.6449	 6.933196	 0.017493	  0.00040683	  0.00020951	  0.00019732	  0.00020951	  0.00000000	  0.00019756
     -0.0010	    681.2137	 8.6453	 6.933554	 0.017497	  0.00040678	  0.00020942	  0.00019736	  0.00020942	  0.00000000	  0.00019752
     -0.0010	    681.2340	 8.6457	 6.933910	 0.017501	  0.00040674	  0.00020933	  0.00019741	  0.00020933	  0.00000000	  0.00019747
     -0.0010	    681.2542	 8.6461	 6.934262	 0.017505	  0.00040669	  0.00020924	  0.00019745	  0.00020924	  0.00000000	  0.00019743
     -0.0010	    681.2742	 8.6465	 6.934612	 0.017509	  0.00040665	  0.00020915	  0.00019750	  0.00020915	  0.00000000	  0.00019738
     -0.0010	    681.2940	 8.6469	 6.934959	 0.017513	  0.00040660	  0.00020906	  0.00019754	  0.00020906	  0.00000000	  0.00019734
     -0.0010	    681.3137	 8.6473	 6.935304	 0.017517	  0.00040656	  0.00020897	  0.00019759	  0.00020897	  0.00000000	  0.00019730
     -0.0010	    681.3332	 8.6477	 6.935646	 0.017521	  0.00040652	  0.00020888	  0.00019763	  0.00020888	  0.00000000	  0.00019726
     -0.0010	    681.3526	 8.6481	 6.935985	 0.017525	  0.00040647	  0.00020880	  0.00019768	  0.00020880	  0.00000000	  0.00019721
     -0.0010	    681.3718	 8.6485	 6.936322	 0.017528	  0.00040643	  0.00020871	  0.00019772	  0.00020871	  0.00000000	  0.00019717
     -0.0010	    681.3908	 8.6489	 6.936656	 0.017532	  0.00040639	  0.00020863	  0.00019776	  0.00020863	  0.00000000	  0.00019713
     -0.0010	    681.4097	 8.6492	 6.936988	 0.017536	  0.00040635	  0.00020854	  0.00019781	  0.00020854	  0.00000000	  0.00019709
     -0.0009	    681.4285	 8.6496	 6.937317	 0.017540	  0.00040631	  0.00020846	  0.00019785	  0.00020846	  0.00000000	  0.00019705
     -0.0009	    681.4471	 8.6500	 6.937643	 0.017543	  0.00040627	  0.00020838	  0.00019789	  0.00020838	  0.00000000	  0.00019701
     -0.0009	    681.4656	 8.6503	 6.937967	 0.017547	  0.00040622	  0.00020829	  0.00019793	  0.00020829	  0.00000000	  0.00019697
     -0.0009	    681.4839	 8.6507	 6.938289	 0.017551	  0.00040618	  0.00020821	  0.00019797	  0.00020821	  0.00000000	  0.00019693
     -0.0009	    681.5021	 8.6511	 6.938608	 0.017554	  0.00040614	  0.00020813	  0.00019801	  0.00020813	  0.00000000	  0.00019689
     -0.0009	    681.5201	 8.6514	 6.938924	 0.017558	  0.00040610	  0.00020805	  0.00019805	  0.00020805	  0.00000000	  0.00019685
     -0.0009	    681.5380	 8.6518	 6.939238	 0.017561	  0.00040607	  0.00020797	  0.00019810	  0.00020797	  0.00000000	  0.00019681
     -0.0009	    681.5558	 8.6521	 6.939550	 0.017565	  0.00040603	  0.00020789	  0.00019814	  0.00020789	  0.00000000	  0.00019677
     -0.0009	    681.5734	 8.6525	 6.939860	 0.017568	  0.00040599	  0.00020781	  0.00019817	  0.00020781	  0.00000000	  0.00019673
     -0.0009	    681.5908	 8.6528	 6.940167	 0.017572	  0.00040595	  0.00020773	  0.00019821	  0.00020773	  0.00000000	  0.00019669
     -0.0009	    681.6082	 8.6532	 6.940471	 0.017575	  0.00040591	  0.00020766	  0.00019825	  0.00020766	  0.00000000	  0.00019666
     -0.0009	    681.6254	 8.6535	 6.940773	 0.017579	  0.00040587	  0.00020758	  0.00019829	  0.00020758	  0.00000000	  0.00019662
     -0.0009	    681.6424	 8.6539	 6.941073	 0.017582	  0.00040584	  0.00020750	  0.00019833	  0.00020750	  0.00000000	  0.00019658
     -0.0009	    681.6594	 8.6542	 6.941371	 0.017585	  0.00040580	  0.00020743	  0.00019837	  0.00020743	  0.00000000	  0.00019655
     -0.0008	    681.6761	 8.6545	 6.941666	 0.017589	  0.00040576	  0.00020735	  0.00019841	  0.00020735	  0.00000000	  0.00019651
     -0.0008	    681.6928	 8.6549	 6.941959	 0.017592	  0.00040572	  0.00020728	  0.00019844	  0.00020728	  0.00000000	  0.00019647
     -0.0008	    681.7093	 8.6552	 6.942250	 0.017595	  0.00040569	  0.00020721	  0.00019848	  0.00020721	  0.00000000	  0.00019644
     -0.0008	    681.7257	 8.6555	 6.942539	 0.017599	  0.00040565	  0.00020713	  0.00019852	  0.00020713	  0.00000000	  0.00019640
     -0.0008	    681.7420	 8.6559	 6.942825	 0.017602	  0.00040562	  0.00020706	  0.00019856	  0.00020706	  0.00000000	  0.00019637
     -0.0008	    681.7581	 8.6562	 6.943109	 0.017605	  0.00040558	  0.00020699	  0.00019859	  0.00020699	  0.00000000	  0.00019633
     -0.0008	    681.7742	 8.6565	 6.943391	 0.017608	  0.00040555	  0.00020692	  0.00019863	  0.00020692	  0.00000000	  0.00019630
     -0.0008	    681.7900	 8.6568	 6.943671	 0.017611	  0.00040551	  0.00020685	  0.00019866	  0.00020685	  0.00000000	  0.00019626
     -0.0008	    681.8058	 8.6571	 6.943948	 0.017614	  0.00040548	  0.00020678	  0.00019870	  0.00020678	  0.00000000	  0.00019623
     -0.0008	    681.8214	 8.6574	 6.944224	 0.017618	  0.00040544	  0.00020671	  0.00019873	  0.00020671	  0.00000000	  0.00019619
     -0.0008	    681.8369	 8.6577	 6.944497	 0.017621	  0.00040541	  0.00020664	  0.00019877	  0.00020664	  0.00000000	  0.00019616
     -0.0008	    681.8523	 8.6581	 6.944768	 0.017624	  0.00040537	  0.00020657	  0.00019880	  0.00020657	  0.00000000	  0.00019613
     -0.0008	    681.8676	 8.6584	 6.945037	 0.017627	  0.00040534	  0.00020650	  0.00019884	  0.00020650	  0.00000000	  0.00019609
     -0.0008	    681.8828	 8.6587	 6.945304	 0.017630	  0.00040531	  0.00020643	  0.00019887	  0.00020643	  0.00000000	  0.00019606
     -0.0008	    681.8978	 8.6590	 6.945569	 0.017633	  0.00040527	  0.00020637	  0.00019891	  0.00020637	  0.00000000	  0.00019603
     -0.0007	    681.9127	 8.6593	 6.945832	 0.017636	  0.00040524	  0.00020630	  0.00019894	  0.00020630	  0.00000000	  0.00019600
     -0.0007	    681.9275	 8.6596	 6.946093	 0.017639	  0.00040521	  0.00020624	  0.00019897	  0.00020624	  0.00000000	  0.00019596
     -0.0007	    681.9422	 8.6598	 6.946352	 0.017642	  0.00040518	  0.00020617	  0.00019901	  0.00020617	  0.00000000	  0.00019593
     -0.0007	    681.9567	 8.6601	 6.946609	 0.017644	  0.00040515	  0.00020611	  0.00019904	  0.00020611	  0.00000000	  0.00019590
     -0.0007	    681.9712	 8.6604	 6.946864	 0.017647	  0.00040511	  0.00020604	  0.00019907	  0.00020604	  0.00000000	  0.00019587
     -0.0007	    681.9855	 8.6607	 6.947117	 0.017650	  0.00040508	  0.00020598	  0.00019910	  0.00020598	  0.00000000	  0.00019584
     -0.0007	    681.9997	 8.6610	 6.947368	 0.017653	  0.00040505	  0.00020591	  0.00019914	  0.00020591	  0.00000000	  0.00019581
     -0.0007	    682.0138	 8.6613	 6.947617	 0.017656	  0.00040502	  0.00020585	  0.00019917	  0.00020585	  0.00000000	  0.00019578
     -0.0007	    682.0278	 8.6616	 6.947864	 0.017659	  0.00040499	  0.00020579	  0.00019920	  0.00020579	  0.00000000	  0.00019575
     -0.0007	    682.0417	 8.6618	 6.948109	 0.017661	  0.00040496	  0.00020573	  0.00019923	  0.00020573	  0.00000000	  0.00019572
     -0.0007	    682.0554	 8.6621	 6.948352	 0.017664	  0.00040493	  0.00020567	  0.00019926	  0.00020567	  0.00000000	  0.00019569
     -0.0007	    682.0691	 8.6624	 6.948593	 0.017667	  0.00040490	  0.00020561	  0.00019929	  0.00020561	  0.00000000	  0.00019566
     -0.0007	    682.0827	 8.6626	 6.948833	 0.017670	  0.00040487	  0.00020555	  0.00019932	  0.00020555	  0.00000000	  0.00019563
     -0.0007	    682.0961	 8.6629	 6.949070	 0.017672	  0.00040484	  0.00020549	  0.00019935	  0.00020549	  0.00000000	  0.00019560
     -0.0007	    682.1094	 8.6632	 6.949306	 0.017675	  0.00040481	  0.00020543	  0.00019938	  0.00020543	  0.00000000	  0.00019557
     -0.0007	    682.1227	 8.6634	 6.949540	 0.017678	  0.00040478	  0.00020537	  0.00019941	  0.00020537	  0.00000000	  0.00019554
     -0.0007	    682.1358	 8.6637	 6.949772	 0.017680	  0.00040475	  0.00020531	  0.00019944	  0.00020531	  0.00000000	  0.00019551
     -0.0007	    682.1488	 8.6640	 6.950003	 0.017683	  0.00040472	  0.00020525	  0.00019947	  0.00020525	  0.00000000	  0.00019548
     -0.0006	    682.1618	 8.6642	 6.950231	 0.017685	  0.00040470	  0.00020520	  0.00019950	  0.00020520	  0.00000000	  0.00019546
     -0.0006	    682.1746	 8.6645	 6.950458	 0.017688	  0.00040467	  0.00020514	  0.00019953	  0.00020514	  0.00000000	  0.00019543
     -0.0006	    682.1873	 8.6647	 6.950683	 0.017690	  0.00040464	  0.00020508	  0.00019956	  0.00020508	  0.00000000	  0.00019540
     -0.0006	    682.1999	 8.6650	 6.950906	 0.017693	  0.00040461	  0.00020503	  0.00019959	  0.00020503	  0.00000000	  0.00019537
     -0.0006	    682.2124	 8.6652	 6.951128	 0.017695	  0.00040459	  0.00020497	  0.00019961	  0.00020497	  0.00000000	  0.00019535
     -0.0006	    682.2249	 8.6655	 6.951347	 0.017698	  0.00040456	  0.00020492	  0.00019964	  0.00020492	  0.00000000	  0.00019532
     -0.0006	    682.2372	 8.6657	 6.951566	 0.017700	  0.00040453	  0.00020486	  0.00019967	  0.00020486	  0.00000000	  0.00019529
     -0.0006	    682.2494	 8.6660	 6.951782	 0.017703	  0.00040450	  0.00020481	  0.00019970	  0.00020481	  0.00000000	  0.00019527
     -0.0006	    682.2615	 8.6662	 6.951997	 0.017705	  0.00040448	  0.00020475	  0.00019972	  0.00020475	  0.00000000	  0.00019524
     -0.0006	    682.2736	 8.6665	 6.952210	 0.017708	  0.00040445	  0.00020470	  0.00019975	  0.00020470	  0.00000000	  0.00019522
     -0.0006	    682.2855	 8.6667	 6.952421	 0.017710	  0.00040443	  0.00020465	  0.00019978	  0.00020465	  0.00000000	  0.00019519
     -0.0006	    682.2973	 8.6669	 6.952631	 0.017712	  0.00040440	  0.00020459	  0.00019981	  0.00020459	  0.00000000	  0.00019516
     -0.0006	    682.3091	 8.6672	 6.952839	 0.017715	  0.00040437	  0.00020454	  0.00019983	  0.00020454	  0.00000000	  0.00019514
     -0.0006	    682.3207	 8.6674	 6.953045	 0.017717	  0.00040435	  0.00020449	  0.00019986	  0.00020449	  0.00000000	  0.00019511
     -0.0006	    682.3323	 8.6676	 6.953250	 0.017719	  0.00040432	  0.00020444	  0.00019988	  0.00020444	  0.00000000	  0.00019509
     -0.0006	    682.3438	 8.6679	 6.953453	 0.017722	  0.00040430	  0.00020439	  0.00019991	  0.00020439	  0.00000000	  0.00019506
     -0.0006	    682.3552	 8.6681	 6.953655	 0.017724	  0.00040427	  0.00020434	  0.00019993	  0.00020434	  0.00000000	  0.00019504
     -0.0006	    682.3664	 8.6683	 6.953855	 0.017726	  0.00040425	  0.00020429	  0.00019996	  0.00020429	  0.00000000	  0.00019502
     -0.0006	    682.3776	 8.6685	 6.954054	 0.017728	  0.00040423	  0.00020424	  0.00019999	  0.00020424	  0.00000000	  0.00019499
     -0.0006	    682.3888	 8.6688	 6.954251	 0.017731	  0.00040420	  0.00020419	  0.00020001	  0.00020419	  0.00000000	  0.00019497
     -0.0006	    682.3998	 8.6690	 6.954446	 0.017733	  0.00040418	  0.00020414	  0.00020004	  0.00020414	  0.00000000	  0.00019494
     -0.0005	    682.4107	 8.6692	 6.954640	 0.017735	  0.00040415	  0.00020409	  0.00020006	  0.00020409	  0.00000000	  0.00019492
     -0.0005	    682.4216	 8.6694	 6.954833	 0.017737	  0.00040413	  0.00020405	  0.00020008	  0.00020405	  0.00000000	  0.00019490
     -0.0005	    682.4323	 8.6696	 6.955024	 0.017739	  0.00040411	  0.00020400	  0.00020011	  0.00020400	  0.00000000	  0.00019487
     -0.0005	    682.4430	 8.6698	 6.955213	 0.017742	  0.00040408	  0.00020395	  0.00020013	  0.00020395	  0.00000000	  0.00019485
     -0.0005	    682.4536	 8.6701	 6.955401	 0.017744	  0.00040406	  0.00020390	  0.00020016	  0.00020390	  0.00000000	  0.00019483
     -0.0005	    682.4641	 8.6703	 6.955587	 0.017746	  0.00040404	  0.00020386	  0.00020018	  0.00020386	  0.00000000	  0.00019480
     -0.0005	    682.4745	 8.6705	 6.955772	 0.017748	  0.00040401	  0.00020381	  0.00020020	  0.00020381	  0.00000000	  0.00019478
     -0.0005	    682.4849	 8.6707	 6.955956	 0.017750	  0.00040399	  0.00020377	  0.00020023	  0.00020377	  0.00000000	  0.00019476
     -0.0005	    682.4951	 8.6709	 6.956138	 0.017752	  0.00040397	  0.00020372	  0.00020025	  0.00020372	  0.00000000	  0.00019474
     -0.0005	    682.5053	 8.6711	 6.956319	 0.017754	  0.00040395	  0.00020367	  0.00020027	  0.00020367	  0.00000000	  0.00019472
     -0.0005	    682.5154	 8.6713	 6.956498	 0.017756	  0.00040392	  0.00020363	  0.00020029	  0.00020363	  0.00000000	  0.00019469
     -0.0005	    682.5254	 8.6715	 6.956676	 0.017758	  0.00040390	  0.00020359	  0.00020032	  0.00020359	  0.00000000	  0.00019467
     -0.0005	    682.5354	 8.6717	 6.956853	 0.017760	  0.00040388	  0.00020354	  0.00020034	  0.00020354	  0.00000000	  0.00019465
     -0.0005	    682.5452	 8.6719	 6.957028	 0.017762	  0.00040386	  0.00020350	  0.00020036	  0.00020350	  0.00000000	  0.00019463
     -0.0005	    682.5550	 8.6721	 6.957201	 0.017764	  0.00040384	  0.00020346	  0.00020038	  0.00020346	  0.00000000	  0.00019461
     -0.0005	    682.5647	 8.6723	 6.957374	 0.017766	  0.00040382	  0.00020341	  0.00020040	  0.00020341	  0.00000000	  0.00019459
     -0.0005	    682.5744	 8.6725	 6.957545	 0.017768	  0.00040380	  0.00020337	  0.00020043	  0.00020337	  0.00000000	  0.00019457
     -0.0005	    682.5839	 8.6727	 6.957715	 0.017770	  0.00040378	  0.00020333	  0.00020045	  0.00020333	  0.00000000	  0.00019455
     -0.0005	    682.5934	 8.6728	 6.957883	 0.017772	  0.00040375	  0.00020329	  0.00020047	  0.00020329	  0.00000000	  0.00019453
     -0.0005	    682.6028	 8.6730	 6.958050	 0.017774	  0.00040373	  0.00020324	  0.00020049	  0.00020324	  0.00000000	  0.00019451
     -0.0005	    682.6121	 8.6732	 6.958216	 0.017775	  0.00040372	  0.00020320	  0.00020051	  0.00020320	  0.00000000	  0.00019449
     -0.0005	    682.6214	 8.6734	 6.958380	 0.017777	  0.00040369	  0.00020316	  0.00020053	  0.00020316	  0.00000000	  0.00019447
     -0.0005	    682.6305	 8.6736	 6.958544	 0.017779	  0.00040367	  0.00020312	  0.00020055	  0.00020312	  0.00000000	  0.00019445
     -0.0005	    682.6396	 8.6738	 6.958705	 0.017781	  0.00040365	  0.00020308	  0.00020057	  0.00020308	  0.00000000	  0.00019443
     -0.0005	    682.6487	 8.6739	 6.958866	 0.017783	  0.00040364	  0.00020304	  0.00020059	  0.00020304	  0.00000000	  0.00019441
     -0.0004	    682.6576	 8.6741	 6.959025	 0.017785	  0.00040362	  0.00020300	  0.00020061	  0.00020300	  0.00000000	  0.00019439
     -0.0004	    682.6665	 8.6743	 6.959184	 0.017786	  0.00040360	  0.00020296	  0.00020063	  0.00020296	  0.00000000	  0.00019437
     -0.0004	    682.6754	 8.6745	 6.959340	 0.017788	  0.00040358	  0.00020292	  0.00020065	  0.00020292	  0.00000000	  0.00019435
     -0.0004	    682.6841	 8.6747	 6.959496	 0.017790	  0.00040356	  0.00020289	  0.00020067	  0.00020289	  0.00000000	  0.00019433
     -0.0004	    682.6928	 8.6748	 6.959651	 0.017792	  0.00040354	  0.00020285	  0.00020069	  0.00020285	  0.00000000	  0.00019431
     -0.0004	    682.7014	 8.6750	 6.959804	 0.017793	  0.00040352	  0.00020281	  0.00020071	  0.00020281	  0.00000000	  0.00019429
     -0.0004	    682.7099	 8.6752	 6.959956	 0.017795	  0.00040350	  0.00020277	  0.00020073	  0.00020277	  0.00000000	  0.00019428
     -0.0004	    682.7184	 8.6753	 6.960107	 0.017797	  0.00040348	  0.00020273	  0.00020075	  0.00020273	  0.00000000	  0.00019426
     -0.0004	    682.7268	 8.6755	 6.960256	 0.017798	  0.00040347	  0.00020270	  0.00020077	  0.00020270	  0.00000000	  0.00019424
     -0.0004	    682.7352	 8.6757	 6.960405	 0.017800	  0.00040345	  0.00020266	  0.00020079	  0.00020266	  0.00000000	  0.00019422
     -0.0004	    682.7434	 8.6758	 6.960552	 0.017802	  0.00040343	  0.00020262	  0.00020081	  0.00020262	  0.00000000	  0.00019420
     -0.0004	    682.7516	 8.6760	 6.960698	 0.017803	  0.00040341	  0.00020259	  0.00020082	  0.00020259	  0.00000000	  0.00019419
     -0.0004	    682.7598	 8.6762	 6.960843	 0.017805	  0.00040339	  0.00020255	  0.00020084	  0.00020255	  0.00000000	  0.00019417
     -0.0004	    682.7679	 8.6763	 6.960987	 0.017807	  0.00040338	  0.00020252	  0.00020086	  0.00020252	  0.00000000	  0.00019415
     -0.0004	    682.7759	 8.6765	 6.961130	 0.017808	  0.00040336	  0.00020248	  0.00020088	  0.00020248	  0.00000000	  0.00019413
     -0.0004	    682.7838	 8.6766	 6.961271	 0.017810	  0.00040334	  0.00020245	  0.00020089	  0.00020245	  0.00000000	  0.00019412
     -0.0004	    682.7917	 8.6768	 6.961412	 0.017811	  0.00040332	  0.00020241	  0.00020091	  0.00020241	  0.00000000	  0.00019410
     -0.0004	    682.7996	 8.6770	 6.961551	 0.017813	  0.00040331	  0.00020238	  0.00020093	  0.00020238	  0.00000000	  0.00019408
     -0.0004	    682.8073	 8.6771	 6.961690	 0.017815	  0.00040329	  0.00020234	  0.00020095	  0.00020234	  0.00000000	  0.00019407
     -0.0004	    682.8150	 8.6773	 6.961827	 0.017816	  0.00040327	  0.00020231	  0.00020097	  0.00020231	  0.00000000	  0.00019405
     -0.0004	    682.8227	 8.6774	 6.961963	 0.017818	  0.00040326	  0.00020228	  0.00020098	  0.00020228	  0.00000000	  0.00019403
     -0.0004	    682.8302	 8.6776	 6.962098	 0.017819	  0.00040324	  0.00020224	  0.00020100	  0.00020224	  0.00000000	  0.00019402
     -0.0004	    682.8378	 8.6777	 6.962232	 0.017821	  0.00040323	  0.00020221	  0.00020102	  0.00020221	  0.00000000	  0.00019400
     -0.0004	    682.8452	 8.6779	 6.962365	 0.017822	  0.00040321	  0.00020218	  0.00020103	  0.00020218	  0.00000000	  0.00019399
     -0.0004	    682.8526	 8.6780	 6.962497	 0.017824	  0.00040319	  0.00020214	  0.00020105	  0.00020214	  0.00000000	  0.00019397
     -0.0004	    682.8600	 8.6782	 6.962628	 0.017825	  0.00040318	  0.00020211	  0.00020107	  0.00020211	  0.00000000	  0.00019395
     -0.0004	    682.8672	 8.6783	 6.962758	 0.017827	  0.00040316	  0.00020208	  0.00020108	  0.00020208	  0.00000000	  0.00019394
     -0.0004	    682.8745	 8.6785	 6.962887	 0.017828	  0.00040314	  0.00020205	  0.00020110	  0.00020205	  0.00000000	  0.00019392
     -0.0004	    682.8816	 8.6786	 6.963014	 0.017830	  0.00040313	  0.00020202	  0.00020111	  0.00020202	  0.00000000	  0.00019391
     -0.0004	    682.8888	 8.6787	 6.963141	 0.017831	  0.00040311	  0.00020198	  0.00020113	  0.00020198	  0.00000000	  0.00019389
     -0.0004	    682.8958	 8.6789	 6.963267	 0.017832	  0.00040310	  0.00020195	  0.00020115	  0.00020195	  0.00000000	  0.00019388
     -0.0003	    682.9028	 8.6790	 6.963392	 0.017834	  0.00040308	  0.00020192	  0.00020116	  0.00020192	  0.00000000	  0.00019386
     -0.0003	    682.9098	 8.6792	 6.963516	 0.017835	  0.00040307	  0.00020189	  0.00020118	  0.00020189	  0.00000000	  0.00019385
     -0.0003	    682.9166	 8.6793	 6.963638	 0.017837	  0.00040305	  0.00020186	  0.00020119	  0.00020186	  0.00000000	  0.00019383
     -0.0003	    682.9235	 8.6794	 6.963760	 0.017838	  0.00040304	  0.00020183	  0.00020121	  0.00020183	  0.00000000	  0.00019382
     -0.0003	    682.9303	 8.6796	 6.963881	 0.017839	  0.00040303	  0.00020180	  0.00020122	  0.00020180	  0.00000000	  0.00019380
     -0.0003	    682.9370	 8.6797	 6.964001	 0.017841	  0.00040301	  0.00020177	  0.00020124	  0.00020177	  0.00000000	  0.00019379
     -0.0003	    682.9437	 8.6798	 6.964120	 0.017842	  0.00040300	  0.00020174	  0.00020125	  0.00020174	  0.00000000	  0.00019377
     -0.0003	    682.9503	 8.6800	 6.964238	 0.017843	  0.00040298	  0.00020171	  0.00020127	  0.00020171	  0.00000000	  0.00019376
     -0.0003	    682.9568	 8.6801	 6.964356	 0.017845	  0.00040297	  0.00020168	  0.00020128	  0.00020168	  0.00000000	  0.00019375
     -0.0003	    682.9634	 8.6802	 6.964472	 0.017846	  0.00040295	  0.00020166	  0.00020130	  0.00020166	  0.00000000	  0.00019373
     -0.0003	    682.9698	 8.6804	 6.964587	 0.017847	  0.00040294	  0.00020163	  0.00020131	  0.00020163	  0.00000000	  0.00019372
     -0.0003	    682.9762	 8.6805	 6.964702	 0.017849	  0.00040292	  0.00020160	  0.00020132	  0.00020160	  0.00000000	  0.00019371
     -0.0003	    682.9826	 8.6806	 6.964815	 0.017850	  0.00040291	  0.00020157	  0.00020134	  0.00020157	  0.00000000	  0.00019369
     -0.0003	    682.9889	 8.6807	 6.964928	 0.017851	  0.00040290	  0.00020154	  0.00020135	  0.00020154	  0.00000000	  0.00019368
     -0.0003	    682.9952	 8.6809	 6.965039	 0.017852	  0.00040288	  0.00020152	  0.00020137	  0.00020152	  0.00000000	  0.00019366
     -0.0003	    683.0014	 8.6810	 6.965150	 0.017854	  0.00040287	  0.00020149	  0.00020138	  0.00020149	  0.00000000	  0.00019365
     -0.0003	    683.0075	 8.6811	 6.965260	 0.017855	  0.00040286	  0.00020146	  0.00020140	  0.00020146	  0.00000000	  0.00019364
     -0.0003	    683.0136	 8.6812	 6.965369	 0.017856	  0.00040284	  0.00020144	  0.00020141	  0.00020144	  0.00000000	  0.00019363
     -0.0003	    683.0197	 8.6814	 6.965478	 0.017857	  0.00040283	  0.00020141	  0.00020142	  0.00020141	  0.00000000	  0.00019361
     -0.0003	    683.0257	 8.6815	 6.965585	 0.017859	  0.00040282	  0.00020138	  0.00020144	  0.00020138	  0.00000000	  0.00019360
     -0.0003	    683.0317	 8.6816	 6.965692	 0.017860	  0.00040281	  0.00020136	  0.00020145	  0.00020136	  0.00000000	  0.00019359
     -0.0003	    683.0376	 8.6817	 6.965797	 0.017861	  0.00040279	  0.00020133	  0.00020146	  0.00020133	  0.00000000	  0.00019357
     -0.0003	    683.0435	 8.6818	 6.965902	 0.017862	  0.00040278	  0.00020130	  0.00020148	  0.00020130	  0.00000000	  0.00019356
     -0.0003	    683.0493	 8.6820	 6.966006	 0.017863	  0.00040277	  0.00020128	  0.00020149	  0.00020128	  0.00000000	  0.00019355
     -0.0003	    683.0551	 8.6821	 6.966110	 0.017864	  0.00040275	  0.00020125	  0.00020150	  0.00020125	  0.00000000	  0.00019354
     -0.0003	    683.0608	 8.6822	 6.966212	 0.017866	  0.00040274	  0.00020123	  0.00020152	  0.00020123	  0.00000000	  0.00019352
     -0.0003	    683.0665	 8.6823	 6.966314	 0.017867	  0.00040273	  0.00020120	  0.00020153	  0.00020120	  0.00000000	  0.00019351
     -0.0003	    683.0721	 8.6824	 6.966414	 0.017868	  0.00040272	  0.00020118	  0.00020154	  0.00020118	  0.00000000	  0.00019350
     -0.0003	    683.0777	 8.6825	 6.966514	 0.017869	  0.00040270	  0.00020115	  0.00020155	  0.00020115	  0.00000000	  0.00019349
     -0.0003	    683.0833	 8.6826	 6.966614	 0.017870	  0.00040269	  0.00020113	  0.00020157	  0.00020113	  0.00000000	  0.00019348
     -0.0003	    683.0888	 8.6827	 6.966712	 0.017871	  0.00040268	  0.00020111	  0.00020158	  0.00020111	  0.00000000	  0.00019346
     -0.0003	    683.0943	 8.6829	 6.966810	 0.017872	  0.00040267	  0.00020108	  0.00020159	  0.00020108	  0.00000000	  0.00019345
     -0.0003	    683.0997	 8.6830	 6.966907	 0.017873	  0.00040266	  0.00020106	  0.00020160	  0.00020106	  0.00000000	  0.00019344
     -0.0003	    683.1051	 8.6831	 6.967003	 0.017875	  0.00040265	  0.00020103	  0.00020162	  0.00020103	  0.00000000	  0.00019343
     -0.0003	    683.1104	 8.6832	 6.967098	 0.017876	  0.00040263	  0.00020101	  0.00020162	  0.00020101	  0.00000000	  0.00019342
     -0.0003	    683.1157	 8.6833	 6.967193	 0.017877	  0.00040262	  0.00020099	  0.00020163	  0.00020099	  0.00000000	  0.00019341
     -0.0003	    683.1209	 8.6834	 6.967287	 0.017878	  0.00040261	  0.00020096	  0.00020165	  0.00020096	  0.00000000	  0.00019340
     -0.0003	    683.1262	 8.6835	 6.967380	 0.017879	  0.00040260	  0.00020094	  0.00020166	  0.00020094	  0.00000000	  0.00019338
     -0.0003	    683.1313	 8.6836	 6.967472	 0.017880	  0.00040259	  0.00020092	  0.00020167	  0.00020092	  0.00000000	  0.00019337
     -0.0003	    683.1364	 8.6837	 6.967564	 0.017881	  0.00040258	  0.00020090	  0.00020169	  0.00020090	  0.00000000	  0.00019336
     -0.0003	    683.1415	 8.6838	 6.967655	 0.017882	  0.00040257	  0.00020087	  0.00020169	  0.00020087	  0.00000000	  0.00019335
     -0.0003	    683.1466	 8.6839	 6.967745	 0.017883	  0.00040256	  0.00020085	  0.00020170	  0.00020085	  0.00000000	  0.00019334
     -0.0002	    683.1516	 8.6840	 6.967835	 0.017884	  0.00040254	  0.00020083	  0.00020171	  0.00020083	  0.00000000	  0.00019333
     -0.0002	    683.1565	 8.6841	 6.967923	 0.017885	  0.00040254	  0.00020081	  0.00020173	  0.00020081	  0.00000000	  0.00019332
     -0.0002	    683.1615	 8.6842	 6.968011	 0.017886	  0.00040253	  0.00020079	  0.00020174	  0.00020079	  0.00000000	  0.00019331
     -0.0002	    683.1664	 8.6843	 6.968099	 0.017887	  0.00040251	  0.00020076	  0.00020175	  0.00020076	  0.00000000	  0.00019330
     -0.0002	    683.1712	 8.6844	 6.968186	 0.017888	  0.00040250	  0.00020074	  0.00020176	  0.00020074	  0.00000000	  0.00019329
     -0.0002	    683.1760	 8.6845	 6.968272	 0.017889	  0.00040250	  0.00020072	  0.00020177	  0.00020072	  0.00000000	  0.00019328
     -0.0002	    683.1808	 8.6846	 6.968357	 0.017890	  0.00040248	  0.00020070	  0.00020178	  0.00020070	  0.00000000	  0.00019327
     -0.0002	    683.1855	 8.6847	 6.968442	 0.017891	  0.00040247	  0.00020068	  0.00020179	  0.00020068	  0.00000000	  0.00019326
     -0.0002	    683.1902	 8.6848	 6.968526	 0.017892	  0.00040246	  0.00020066	  0.00020180	  0.00020066	  0.00000000	  0.00019325
     -0.0002	    683.1949	 8.6849	 6.968609	 0.017893	  0.00040245	  0.00020064	  0.00020181	  0.00020064	  0.00000000	  0.00019324
     -0.0002	    683.1995	 8.6850	 6.968692	 0.017894	  0.00040244	  0.00020062	  0.00020182	  0.00020062	  0.00000000	  0.00019323
     -0.0002	    683.2041	 8.6851	 6.968774	 0.017895	  0.00040243	  0.00020060	  0.00020183	  0.00020060	  0.00000000	  0.00019322
     -0.0002	    683.2086	 8.6851	 6.968855	 0.017895	  0.00040243	  0.00020058	  0.00020185	  0.00020058	  0.00000000	  0.00019321
     -0.0002	    683.2131	 8.6852	 6.968936	 0.017896	  0.00040242	  0.00020056	  0.00020186	  0.00020056	  0.00000000	  0.00019320
     -0.0002	    683.2176	 8.6853	 6.969016	 0.017897	  0.00040240	  0.00020054	  0.00020186	  0.00020054	  0.00000000	  0.00019319
     -0.0002	    683.2221	 8.6854	 6.969095	 0.017898	  0.00040239	  0.00020052	  0.00020187	  0.00020052	  0.00000000	  0.00019318
     -0.0002	    683.2265	 8.6855	 6.969174	 0.017899	  0.00040239	  0.00020050	  0.00020188	  0.00020050	  0.00000000	  0.00019317
     -0.0002	    683.2308	 8.6856	 6.969252	 0.017900	  0.00040238	  0.00020048	  0.00020189	  0.00020048	  0.00000000	  0.00019316
     -0.0002	    683.2352	 8.6857	 6.969330	 0.017901	  0.00040236	  0.00020046	  0.00020190	  0.00020046	  0.00000000	  0.00019315
     -0.0002	    683.2395	 8.6858	 6.969407	 0.017902	  0.00040236	  0.00020044	  0.00020191	  0.00020044	  0.00000000	  0.00019314
     -0.0002	    683.2437	 8.6858	 6.969483	 0.017903	  0.00040235	  0.00020043	  0.00020192	  0.00020043	  0.00000000	  0.00019313
     -0.0002	    683.2480	 8.6859	 6.969559	 0.017903	  0.00040234	  0.00020041	  0.00020193	  0.00020041	  0.00000000	  0.00019312
     -0.0002	    683.2522	 8.6860	 6.969634	 0.017904	  0.00040233	  0.00020039	  0.00020194	  0.00020039	  0.00000000	  0.00019312
     -0.0002	    683.2563	 8.6861	 6.969709	 0.017905	  0.00040232	  0.00020037	  0.00020195	  0.00020037	  0.00000000	  0.00019311
     -0.0002	    683.2605	 8.6862	 6.969783	 0.017906	  0.00040231	  0.00020035	  0.00020196	  0.00020035	  0.00000000	  0.00019310
     -0.0002	    683.2646	 8.6863	 6.969856	 0.017907	  0.00040230	  0.00020033	  0.00020197	  0.00020033	  0.00000000	  0.00019309
     -0.0002	    683.2686	 8.6863	 6.969929	 0.017908	  0.00040229	  0.00020032	  0.00020198	  0.00020032	  0.00000000	  0.00019308
     -0.0002	    683.2727	 8.6864	 6.970001	 0.017908	  0.00040228	  0.00020030	  0.00020198	  0.00020030	  0.00000000	  0.00019307
     -0.0002	    683.2767	 8.6865	 6.970073	 0.017909	  0.00040228	  0.00020028	  0.00020200	  0.00020028	  0.00000000	  0.00019306
     -0.0002	    683.2806	 8.6866	 6.970144	 0.017910	  0.00040227	  0.00020026	  0.00020201	  0.00020026	  0.00000000	  0.00019305
     -0.0002	    683.2846	 8.6867	 6.970214	 0.017911	  0.00040225	  0.00020025	  0.00020201	  0.00020025	  0.00000000	  0.00019305
     -0.0002	    683.2885	 8.6867	 6.970284	 0.017912	  0.00040225	  0.00020023	  0.00020202	  0.00020023	  0.00000000	  0.00019304
     -0.0002	    683.2923	 8.6868	 6.970354	 0.017912	  0.00040224	  0.00020021	  0.00020203	  0.00020021	  0.00000000	  0.00019303
     -0.0002	    683.2962	 8.6869	 6.970423	 0.017913	  0.00040224	  0.00020020	  0.00020204	  0.00020020	  0.00000000	  0.00019302
     -0.0002	    683.3000	 8.6870	 6.970491	 0.017914	  0.00040222	  0.00020018	  0.00020204	  0.00020018	  0.00000000	  0.00019301
     -0.0002	    683.3038	 8.6870	 6.970559	 0.017915	  0.00040222	  0.00020016	  0.00020206	  0.00020016	  0.00000000	  0.00019301
     -0.0002	    683.3075	 8.6871	 6.970626	 0.017915	  0.00040221	  0.00020015	  0.00020207	  0.00020015	  0.00000000	  0.00019300
     -0.0002	    683.3113	 8.6872	 6.970693	 0.017916	  0.00040220	  0.00020013	  0.00020207	  0.00020013	  0.00000000	  0.00019299
     -0.0002	    683.3150	 8.6873	 6.970759	 0.017917	  0.00040219	  0.00020011	  0.00020208	  0.00020011	  0.00000000	  0.00019298
     -0.0002	    683.3186	 8.6873	 6.970825	 0.017918	  0.00040218	  0.00020010	  0.00020209	  0.00020010	  0.00000000	  0.00019297
     -0.0002	    683.3223	 8.6874	 6.970890	 0.017918	  0.00040218	  0.00020008	  0.00020210	  0.00020008	  0.00000000	  0.00019297
     -0.0002	    683.3259	 8.6875	 6.970954	 0.017919	  0.00040217	  0.00020007	  0.00020211	  0.00020007	  0.00000000	  0.00019296
     -0.0002	    683.3294	 8.6876	 6.971019	 0.017920	  0.00040216	  0.00020005	  0.00020211	  0.00020005	  0.00000000	  0.00019295
     -0.0002	    683.3330	 8.6876	 6.971082	 0.017921	  0.00040215	  0.00020003	  0.00020212	  0.00020003	  0.00000000	  0.00019294
     -0.0002	    683.3365	 8.6877	 6.971145	 0.017921	  0.00040215	  0.00020002	  0.00020213	  0.00020002	  0.00000000	  0.00019294
     -0.0002	    683.3400	 8.6878	 6.971208	 0.017922	  0.00040214	  0.00020000	  0.00020213	  0.00020000	  0.00000000	  0.00019293
     -0.0002	    683.3435	 8.6878	 6.971270	 0.017923	  0.00040214	  0.00019999	  0.00020215	  0.00019999	  0.00000000	  0.00019292
     -0.0002	    683.3469	 8.6879	 6.971332	 0.017923	  0.00040212	  0.00019997	  0.00020215	  0.00019997	  0.00000000	  0.00019291
     -0.0002	    683.3503	 8.6880	 6.971393	 0.017924	  0.00040212	  0.00019996	  0.00020216	  0.00019996	  0.00000000	  0.00019291
     -0.0002	    683.3537	 8.6880	 6.971453	 0.017925	  0.00040211	  0.00019994	  0.00020217	  0.00019994	  0.00000000	  0.00019290
     -0.0002	    683.3571	 8.6881	 6.971513	 0.017925	  0.00040211	  0.00019993	  0.00020218	  0.00019993	  0.00000000	  0.00019289
     -0.0002	    683.3604	 8.6882	 6.971573	 0.017926	  0.00040210	  0.00019991	  0.00020218	  0.00019991	  0.00000000	  0.00019288
     -0.0002	    683.3637	 8.6882	 6.971632	 0.017927	  0.00040209	  0.00019990	  0.00020219	  0.00019990	  0.00000000	  0.00019288
     -0.0002	    683.3670	 8.6883	 6.971691	 0.017927	  0.00040208	  0.00019989	  0.00020220	  0.00019989	  0.00000000	  0.00019287
     -0.0002	    683.3702	 8.6884	 6.971749	 0.017928	  0.00040208	  0.00019987	  0.00020221	  0.00019987	  0.00000000	  0.00019286
     -0.0002	    683.3734	 8.6884	 6.971807	 0.017929	  0.00040207	  0.00019986	  0.00020222	  0.00019986	  0.00000000	  0.00019286
     -0.0002	    683.3766	 8.6885	 6.971865	 0.017929	  0.00040206	  0.00019984	  0.00020222	  0.00019984	  0.00000000	  0.00019285
     -0.0002	    683.3798	 8.6886	 6.971921	 0.017930	  0.00040205	  0.00019983	  0.00020222	  0.00019983	  0.00000000	  0.00019284
     -0.0002	    683.3830	 8.6886	 6.971978	 0.017931	  0.00040205	  0.00019982	  0.00020223	  0.00019982	  0.00000000	  0.00019284
     -0.0002	    683.3861	 8.6887	 6.972034	 0.017931	  0.00040204	  0.00019980	  0.00020223	  0.00019980	  0.00000000	  0.00019283
     -0.0002	    683.3892	 8.6888	 6.972089	 0.017932	  0.00040204	  0.00019979	  0.00020225	  0.00019979	  0.00000000	  0.00019282
     -0.0002	    683.3923	 8.6888	 6.972145	 0.017933	  0.00040203	  0.00019977	  0.00020225	  0.00019977	  0.00000000	  0.00019282
     -0.0002	    683.3953	 8.6889	 6.972199	 0.017933	  0.00040202	  0.00019976	  0.00020226	  0.00019976	  0.00000000	  0.00019281
     -0.0001	    683.3983	 8.6889	 6.972253	 0.017934	  0.00040202	  0.00019975	  0.00020227	  0.00019975	  0.00000000	  0.00019280
     -0.0001	    683.4013	 8.6890	 6.972307	 0.017934	  0.00040201	  0.00019973	  0.00020228	  0.00019973	  0.00000000	  0.00019280
     -0.0001	    683.4043	 8.6891	 6.972361	 0.017935	  0.00040200	  0.00019972	  0.00020228	  0.00019972	  0.00000000	  0.00019279
     -0.0001	    683.4073	 8.6891	 6.972414	 0.017936	  0.00040198	  0.00019971	  0.00020227	  0.00019971	  0.00000000	  0.00019278
     -0.0001	    683.4102	 8.6892	 6.972466	 0.017936	  0.00040199	  0.00019970	  0.00020230	  0.00019970	  0.00000000	  0.00019278
     -0.0001	    683.4131	 8.6892	 6.972518	 0.017937	  0.00040198	  0.00019968	  0.00020230	  0.00019968	  0.00000000	  0.00019277
     -0.0001	    683.4160	 8.6893	 6.972570	 0.017937	  0.00040198	  0.00019967	  0.00020231	  0.00019967	  0.00000000	  0.00019277
     -0.0001	    683.4188	 8.6894	 6.972621	 0.017938	  0.00040197	  0.00019966	  0.00020231	  0.00019966	  0.00000000	  0.00019276
     -0.0001	    683.4217	 8.6894	 6.972672	 0.017938	  0.00040197	  0.00019965	  0.00020232	  0.00019965	  0.00000000	  0.00019275
     -0.0001	    683.4245	 8.6895	 6.972723	 0.017939	  0.00040195	  0.00019963	  0.00020232	  0.00019963	  0.00000000	  0.00019275
     -0.0001	    683.4273	 8.6895	 6.972773	 0.017940	  0.00040195	  0.00019962	  0.00020233	  0.00019962	  0.00000000	  0.00019274
     -0.0001	    683.4301	 8.6896	 6.972822	 0.017940	  0.00040195	  0.00019961	  0.00020234	  0.00019961	  0.00000000	  0.00019274
     -0.0001	    683.4328	 8.6896	 6.972872	 0.017941	  0.00040194	  0.00019960	  0.00020234	  0.00019960	  0.00000000	  0.00019273
     -0.0001	    683.4355	 8.6897	 6.972921	 0.017941	  0.00040193	  0.00019959	  0.00020234	  0.00019959	  0.00000000	  0.00019272
     -0.0001	    683.4382	 8.6897	 6.972969	 0.017942	  0.00040193	  0.00019957	  0.00020235	  0.00019957	  0.00000000	  0.00019272
     -0.0001	    683.4409	 8.6898	 6.973017	 0.017942	  0.00040193	  0.00019956	  0.00020237	  0.00019956	  0.00000000	  0.00019271
     -0.0001	    683.4436	 8.6898	 6.973065	 0.017943	  0.00040191	  0.00019955	  0.00020236	  0.00019955	  0.00000000	  0.00019271
     -0.0001	    683.4462	 8.6899	 6.973112	 0.017943	  0.00040191	  0.00019954	  0.00020237	  0.00019954	  0.00000000	  0.00019270
     -0.0001	    683.4488	 8.6900	 6.973159	 0.017944	  0.00040190	  0.00019953	  0.00020237	  0.00019953	  0.00000000	  0.00019270
     -0.0001	    683.4514	 8.6900	 6.973206	 0.017945	  0.00040190	  0.00019952	  0.00020238	  0.00019952	  0.00000000	  0.00019269
     -0.0001	    683.4540	 8.6901	 6.973252	 0.017945	  0.00040191	  0.00019950	  0.00020240	  0.00019950	  0.00000000	  0.00019268
     -0.0001	    683.4566	 8.6901	 6.973298	 0.017946	  0.00040188	  0.00019949	  0.00020239	  0.00019949	  0.00000000	  0.00019268
     -0.0001	    683.4591	 8.6902	 6.973344	 0.017946	  0.00040188	  0.00019948	  0.00020240	  0.00019948	  0.00000000	  0.00019267
     -0.0001	    683.4616	 8.6902	 6.973389	 0.017947	  0.00040188	  0.00019947	  0.00020241	  0.00019947	  0.00000000	  0.00019267
     -0.0001	    683.4641	 8.6903	 6.973434	 0.017947	  0.00040187	  0.00019946	  0.00020241	  0.00019946	  0.00000000	  0.00019266
     -0.0001	    683.4666	 8.6903	 6.973478	 0.017948	  0.00040186	  0.00019945	  0.00020241	  0.00019945	  0.00000000	  0.00019266
     -0.0001	    683.4690	 8.6904	 6.973522	 0.017948	  0.00040187	  0.00019944	  0.00020244	  0.00019944	  0.00000000	  0.00019265
     -0.0001	    683.4715	 8.6904	 6.973566	 0.017949	  0.00040186	  0.00019943	  0.00020243	  0.00019943	  0.00000000	  0.00019265
     -0.0001	    683.4739	 8.6905	 6.973609	 0.017949	  0.00040184	  0.00019942	  0.00020242	  0.00019942	  0.00000000	  0.00019264
     -0.0001	    683.4763	 8.6905	 6.973652	 0.017950	  0.00040184	  0.00019941	  0.00020243	  0.00019941	  0.00000000	  0.00019264
     -0.0001	    683.4787	 8.6906	 6.973695	 0.017950	  0.00040185	  0.00019940	  0.00020245	  0.00019940	  0.00000000	  0.00019263
     -0.0001	    683.4810	 8.6906	 6.973737	 0.017950	  0.00040183	  0.00019939	  0.00020245	  0.00019939	  0.00000000	  0.00019263
     -0.0001	    683.4834	 8.6906	 6.973779	 0.017951	  0.00040183	  0.00019938	  0.00020246	  0.00019938	  0.00000000	  0.00019262
     -0.0001	    683.4857	 8.6907	 6.973821	 0.017951	  0.00040184	  0.00019937	  0.00020247	  0.00019937	  0.00000000	  0.00019262
     -0.0001	    683.4880	 8.6907	 6.973863	 0.017952	  0.00040181	  0.00019936	  0.00020245	  0.00019936	  0.00000000	  0.00019261
     -0.0001	    683.4903	 8.6908	 6.973904	 0.017952	  0.00040181	  0.00019935	  0.00020247	  0.00019935	  0.00000000	  0.00019261
     -0.0001	    683.4926	 8.6908	 6.973944	 0.017953	  0.00040181	  0.00019934	  0.00020248	  0.00019934	  0.00000000	  0.00019260
     -0.0001	    683.4948	 8.6909	 6.973985	 0.017953	  0.00040181	  0.00019933	  0.00020248	  0.00019933	  0.00000000	  0.00019260
     -0.0001	    683.4970	 8.6909	 6.974025	 0.017954	  0.00040181	  0.00019932	  0.00020250	  0.00019932	  0.00000000	  0.00019259
     -0.0001	    683.4993	 8.6910	 6.974064	 0.017954	  0.00040180	  0.00019931	  0.00020249	  0.00019931	  0.00000000	  0.00019259
     -0.0001	    683.5014	 8.6910	 6.974104	 0.017955	  0.00040179	  0.00019930	  0.00020249	  0.00019930	  0.00000000	  0.00019258
     -0.0001	    683.5036	 8.6910	 6.974143	 0.017955	  0.00040178	  0.00019929	  0.00020250	  0.00019929	  0.00000000	  0.00019258
     -0.0001	    683.5058	 8.6911	 6.974182	 0.017956	  0.00040179	  0.00019928	  0.00020251	  0.00019928	  0.00000000	  0.00019257
     -0.0001	    683.5079	 8.6911	 6.974220	 0.017956	  0.00040177	  0.00019927	  0.00020250	  0.00019927	  0.00000000	  0.00019257
     -0.0001	    683.5101	 8.6912	 6.974259	 0.017956	  0.00040178	  0.00019926	  0.00020252	  0.00019926	  0.00000000	  0.00019257
     -0.0001	    683.5122	 8.6912	 6.974296	 0.017957	  0.00040178	  0.00019925	  0.00020253	  0.00019925	  0.00000000	  0.00019256
     -0.0001	    683.5143	 8.6913	 6.974334	 0.017957	  0.00040176	  0.00019924	  0.00020252	  0.00019924	  0.00000000	  0.00019256
     -0.0001	    683.5163	 8.6913	 6.974371	 0.017958	  0.00040175	  0.00019923	  0.00020251	  0.00019923	  0.00000000	  0.00019255
     -0.0001	    683.5184	 8.6913	 6.974408	 0.017958	  0.00040176	  0.00019922	  0.00020254	  0.00019922	  0.00000000	  0.00019255
     -0.0001	    683.5204	 8.6914	 6.974445	 0.017958	  0.00040176	  0.00019921	  0.00020254	  0.00019921	  0.00000000	  0.00019254
     -0.0001	    683.5225	 8.6914	 6.974481	 0.017959	  0.00040175	  0.00019921	  0.00020255	  0.00019921	  0.00000000	  0.00019254
     -0.0001	    683.5245	 8.6915	 6.974517	 0.017959	  0.00040174	  0.00019920	  0.00020254	  0.00019920	  0.00000000	  0.00019253
     -0.0001	    683.5265	 8.6915	 6.974553	 0.017960	  0.00040173	  0.00019919	  0.00020254	  0.00019919	  0.00000000	  0.00019253
     -0.0001	    683.5285	 8.6915	 6.974589	 0.017960	  0.00040174	  0.00019918	  0.00020256	  0.00019918	  0.00000000	  0.00019253
     -0.0001	    683.5304	 8.6916	 6.974624	 0.017961	  0.00040173	  0.00019917	  0.00020256	  0.00019917	  0.00000000	  0.00019252
     -0.0001	    683.5324	 8.6916	 6.974659	 0.017961	  0.00040173	  0.00019916	  0.00020257	  0.00019916	  0.00000000	  0.00019252
     -0.0001	    683.5343	 8.6917	 6.974694	 0.017961	  0.00040173	  0.00019915	  0.00020258	  0.00019915	  0.00000000	  0.00019251
     -0.0001	    683.5362	 8.6917	 6.974728	 0.017962	  0.00040171	  0.00019915	  0.00020256	  0.00019915	  0.00000000	  0.00019251
     -0.0001	    683.5381	 8.6917	 6.974762	 0.017962	  0.00040173	  0.00019914	  0.00020259	  0.00019914	  0.00000000	  0.00019251
     -0.0001	    683.5400	 8.6918	 6.974796	 0.017962	  0.00040171	  0.00019913	  0.00020258	  0.00019913	  0.00000000	  0.00019250
     -0.0001	    683.5419	 8.6918	 6.974830	 0.017963	  0.00040170	  0.00019912	  0.00020258	  0.00019912	  0.00000000	  0.00019250
     -0.0001	    683.5437	 8.6919	 6.974863	 0.017963	  0.00040170	  0.00019911	  0.00020258	  0.00019911	  0.00000000	  0.00019249
     -0.0001	    683.5456	 8.6919	 6.974896	 0.017964	  0.00040170	  0.00019910	  0.00020260	  0.00019910	  0.00000000	  0.00019249
     -0.0001	    683.5474	 8.6919	 6.974929	 0.017964	  0.00040171	  0.00019910	  0.00020261	  0.00019910	  0.00000000	  0.00019249
     -0.0001	    683.5492	 8.6920	 6.974962	 0.017964	  0.00040169	  0.00019909	  0.00020260	  0.00019909	  0.00000000	  0.00019248
     -0.0001	    683.5510	 8.6920	 6.974994	 0.017965	  0.00040166	  0.00019908	  0.00020258	  0.00019908	  0.00000000	  0.00019248
     -0.0001	    683.5528	 8.6920	 6.975026	 0.017965	  0.00040170	  0.00019907	  0.00020263	  0.00019907	  0.00000000	  0.00019247
     -0.0001	    683.5546	 8.6921	 6.975058	 0.017965	  0.00040169	  0.00019906	  0.00020262	  0.00019906	  0.00000000	  0.00019247
     -0.0001	    683.5563	 8.6921	 6.975089	 0.017966	  0.00040167	  0.00019906	  0.00020262	  0.00019906	  0.00000000	  0.00019247
     -0.0001	    683.5581	 8.6921	 6.975121	 0.017966	  0.00040165	  0.00019905	  0.00020260	  0.00019905	  0.00000000	  0.00019246
     -0.0001	    683.5598	 8.6922	 6.975152	 0.017966	  0.00040168	  0.00019904	  0.00020264	  0.00019904	  0.00000000	  0.00019246
     -0.0001	    683.5615	 8.6922	 6.975182	 0.017967	  0.00040167	  0.00019903	  0.00020264	  0.00019903	  0.00000000	  0.00019246
     -0.0001	    683.5632	 8.6922	 6.975213	 0.017967	  0.00040166	  0.00019903	  0.00020263	  0.00019903	  0.00000000	  0.00019245
     -0.0001	    683.5649	 8.6923	 6.975243	 0.017967	  0.00040163	  0.00019902	  0.00020261	  0.00019902	  0.00000000	  0.00019245
     -0.0001	    683.5666	 8.6923	 6.975273	 0.017968	  0.00040167	  0.00019901	  0.00020266	  0.00019901	  0.00000000	  0.00019245
     -0.0001	    683.5682	 8.6923	 6.975303	 0.017968	  0.00040163	  0.00019901	  0.00020263	  0.00019901	  0.00000000	  0.00019244
     -0.0001	    683.5699	 8.6924	 6.975333	 0.017968	  0.00040164	  0.00019900	  0.00020265	  0.00019900	  0.00000000	  0.00019244
     -0.0001	    683.5715	 8.6924	 6.975362	 0.017969	  0.00040167	  0.00019899	  0.00020268	  0.00019899	  0.00000000	  0.00019243
     -0.0001	    683.5731	 8.6924	 6.975391	 0.017969	  0.00040165	  0.00019898	  0.00020266	  0.00019898	  0.00000000	  0.00019243
     -0.0001	    683.5747	 8.6925	 6.975420	 0.017969	  0.00040161	  0.00019898	  0.00020263	  0.00019898	  0.00000000	  0.00019243
     -0.0001	    683.5763	 8.6925	 6.975449	 0.017970	  0.00040163	  0.00019897	  0.00020266	  0.00019897	  0.00000000	  0.00019242
     -0.0001	    683.5779	 8.6925	 6.975477	 0.017970	  0.00040166	  0.00019896	  0.00020270	  0.00019896	  0.00000000	  0.00019242
     -0.0001	    683.5795	 8.6926	 6.975505	 0.017970	  0.00040162	  0.00019896	  0.00020266	  0.00019896	  0.00000000	  0.00019242
     -0.0001	    683.5810	 8.6926	 6.975533	 0.017971	  0.00040163	  0.00019895	  0.00020268	  0.00019895	  0.00000000	  0.00019241
     -0.0001	    683.5826	 8.6926	 6.975561	 0.017971	  0.00040162	  0.00019894	  0.00020268	  0.00019894	  0.00000000	  0.00019241
     -0.0001	    683.5841	 8.6927	 6.975589	 0.017971	  0.00040158	  0.00019894	  0.00020264	  0.00019894	  0.00000000	  0.00019241
     -0.0001	    683.5856	 8.6927	 6.975616	 0.017972	  0.00040161	  0.00019893	  0.00020268	  0.00019893	  0.00000000	  0.00019240
     -0.0001	    683.5871	 8.6927	 6.975643	 0.017972	  0.00040162	  0.00019892	  0.00020270	  0.00019892	  0.00000000	  0.00019240
     -0.0001	    683.5886	 8.6928	 6.975670	 0.017972	  0.00040160	  0.00019892	  0.00020269	  0.00019892	  0.00000000	  0.00019240
     -0.0001	    683.5901	 8.6928	 6.975697	 0.017973	  0.00040161	  0.00019891	  0.00020270	  0.00019891	  0.00000000	  0.00019240
     -0.0001	    683.5916	 8.6928	 6.975723	 0.017973	  0.00040156	  0.00019890	  0.00020265	  0.00019890	  0.00000000	  0.00019239
     -0.0001	    683.5930	 8.6928	 6.975749	 0.017973	  0.00040161	  0.00019890	  0.00020272	  0.00019890	  0.00000000	  0.00019239
     -0.0001	    683.5945	 8.6929	 6.975775	 0.017973	  0.00040162	  0.00019889	  0.00020273	  0.00019889	  0.00000000	  0.00019239
     -0.0001	    683.5959	 8.6929	 6.975801	 0.017974	  0.00040156	  0.00019888	  0.00020267	  0.00019888	  0.00000000	  0.00019238
     -0.0001	    683.5973	 8.6929	 6.975827	 0.017974	  0.00040158	  0.00019888	  0.00020270	  0.00019888	  0.00000000	  0.00019238
     -0.0001	    683.5988	 8.6930	 6.975852	 0.017974	  0.00040163	  0.00019887	  0.00020276	  0.00019887	  0.00000000	  0.00019238
     -0.0001	    683.6002	 8.6930	 6.975877	 0.017975	  0.00040157	  0.00019887	  0.00020271	  0.00019887	  0.00000000	  0.00019237
     -0.0001	    683.6016	 8.6930	 6.975902	 0.017975	  0.00040154	  0.00019886	  0.00020268	  0.00019886	  0.00000000	  0.00019237
     -0.0001	    683.6029	 8.6930	 6.975927	 0.017975	  0.00040157	  0.00019885	  0.00020272	  0.00019885	  0.00000000	  0.00019237
     -0.0001	    683.6043	 8.6931	 6.975952	 0.017975	  0.00040158	  0.00019885	  0.00020273	  0.00019885	  0.00000000	  0.00019237
     -0.0001	    683.6057	 8.6931	 6.975976	 0.017976	  0.00040159	  0.00019884	  0.00020275	  0.00019884	  0.00000000	  0.00019236
     -0.0001	    683.6070	 8.6931	 6.976000	 0.017976	  0.00040156	  0.00019884	  0.00020272	  0.00019884	  0.00000000	  0.00019236
     -0.0001	    683.6083	 8.6931	 6.976024	 0.017976	  0.00040158	  0.00019883	  0.00020275	  0.00019883	  0.00000000	  0.00019236
     -0.0001	    683.6097	 8.6932	 6.976048	 0.017977	  0.00040156	  0.00019882	  0.00020274	  0.00019882	  0.00000000	  0.00019235
     -0.0001	    683.6110	 8.6932	 6.976072	 0.017977	  0.00040154	  0.00019882	  0.00020272	  0.00019882	  0.00000000	  0.00019235
     -0.0001	    683.6123	 8.6932	 6.976095	 0.017977	  0.00040152	  0.00019881	  0.00020271	  0.00019881	  0.00000000	  0.00019235
     -0.0001	    683.6136	 8.6933	 6.976119	 0.017977	  0.00040158	  0.00019881	  0.00020277	  0.00019881	  0.00000000	  0.00019235
     -0.0001	    683.6149	 8.6933	 6.976142	 0.017978	  0.00040154	  0.00019880	  0.00020274	  0.00019880	  0.00000000	  0.00019234
     -0.0001	    683.6161	 8.6933	 6.976165	 0.017978	  0.00040153	  0.00019880	  0.00020273	  0.00019880	  0.00000000	  0.00019234
     -0.0001	    683.6174	 8.6933	 6.976187	 0.017978	  0.00040151	  0.00019879	  0.00020272	  0.00019879	  0.00000000	  0.00019234
     -0.0001	    683.6187	 8.6934	 6.976210	 0.017978	  0.00040159	  0.00019878	  0.00020281	  0.00019878	  0.00000000	  0.00019233
     -0.0001	    683.6199	 8.6934	 6.976232	 0.017979	  0.00040155	  0.00019878	  0.00020277	  0.00019878	  0.00000000	  0.00019233
     -0.0001	    683.6211	 8.6934	 6.976254	 0.017979	  0.00040145	  0.00019877	  0.00020268	  0.00019877	  0.00000000	  0.00019233
     -0.0001	    683.6224	 8.6934	 6.976276	 0.017979	  0.00040154	  0.00019877	  0.00020277	  0.00019877	  0.00000000	  0.00019233
     -0.0001	    683.6236	 8.6935	 6.976298	 0.017979	  0.00040157	  0.00019876	  0.00020281	  0.00019876	  0.00000000	  0.00019232
     -0.0001	    683.6248	 8.6935	 6.976320	 0.017980	  0.00040155	  0.00019876	  0.00020279	  0.00019876	  0.00000000	  0.00019232
     -0.0001	    683.6260	 8.6935	 6.976341	 0.017980	  0.00040149	  0.00019875	  0.00020274	  0.00019875	  0.00000000	  0.00019232
     -0.0001	    683.6272	 8.6935	 6.976363	 0.017980	  0.00040154	  0.00019875	  0.00020279	  0.00019875	  0.00000000	  0.00019232
     -0.0001	    683.6283	 8.6935	 6.976384	 0.017980	  0.00040148	  0.00019874	  0.00020273	  0.00019874	  0.00000000	  0.00019231
     -0.0001	    683.6295	 8.6936	 6.976405	 0.017981	  0.00040153	  0.00019874	  0.00020279	  0.00019874	  0.00000000	  0.00019231
     -0.0001	    683.6307	 8.6936	 6.976426	 0.017981	  0.00040154	  0.00019873	  0.00020281	  0.00019873	  0.00000000	  0.00019231
     -0.0001	    683.6318	 8.6936	 6.976446	 0.017981	  0.00040150	  0.00019873	  0.00020278	  0.00019873	  0.00000000	  0.00019231
     -0.0001	    683.6330	 8.6936	 6.976467	 0.017981	  0.00040151	  0.00019872	  0.00020278	  0.00019872	  0.00000000	  0.00019230
     -0.0001	    683.6341	 8.6937	 6.976487	 0.017982	  0.00040146	  0.00019872	  0.00020275	  0.00019872	  0.00000000	  0.00019230
     -0.0001	    683.6352	 8.6937	 6.976507	 0.017982	  0.00040151	  0.00019871	  0.00020280	  0.00019871	  0.00000000	  0.00019230
     -0.0001	    683.6363	 8.6937	 6.976527	 0.017982	  0.00040152	  0.00019871	  0.00020281	  0.00019871	  0.00000000	  0.00019230
     -0.0001	    683.6374	 8.6937	 6.976547	 0.017982	  0.00040148	  0.00019870	  0.00020278	  0.00019870	  0.00000000	  0.00019229
     -0.0001	    683.6385	 8.6938	 6.976567	 0.017982	  0.00040153	  0.00019870	  0.00020283	  0.00019870	  0.00000000	  0.00019229
     -0.0001	    683.6396	 8.6938	 6.976586	 0.017983	  0.00040150	  0.00019869	  0.00020281	  0.00019869	  0.00000000	  0.00019229
     -0.0001	    683.6407	 8.6938	 6.976606	 0.017983	  0.00040147	  0.00019869	  0.00020279	  0.00019869	  0.00000000	  0.00019229
     -0.0001	    683.6417	 8.6938	 6.976625	 0.017983	  0.00040144	  0.00019868	  0.00020275	  0.00019868	  0.00000000	  0.00019229
     -0.0001	    683.6428	 8.6938	 6.976644	 0.017983	  0.00040150	  0.00019868	  0.00020282	  0.00019868	  0.00000000	  0.00019228
     -0.0001	    683.6439	 8.6939	 6.976663	 0.017983	  0.00040152	  0.00019867	  0.00020285	  0.00019867	  0.00000000	  0.00019228
     -0.0001	    683.6449	 8.6939	 6.976682	 0.017984	  0.00040149	  0.00019867	  0.00020282	  0.00019867	  0.00000000	  0.00019228
     -0.0000	    683.6459	 8.6939	 6.976700	 0.017984	  0.00040157	  0.00019867	  0.00020290	  0.00019867	  0.00000000	  0.00019228
     -0.0000	    683.6470	 8.6939	 6.976719	 0.017984	  0.00040142	  0.00019866	  0.00020276	  0.00019866	  0.00000000	  0.00019227
     -0.0000	    683.6480	 8.6939	 6.976737	 0.017984	  0.00040142	  0.00019866	  0.00020276	  0.00019866	  0.00000000	  0.00019227
     -0.0000	    683.6490	 8.6940	 6.976755	 0.017985	  0.00040149	  0.00019865	  0.00020284	  0.00019865	  0.00000000	  0.00019227
     -0.0000	    683.6500	 8.6940	 6.976773	 0.017985	  0.00040150	  0.00019865	  0.00020286	  0.00019865	  0.00000000	  0.00019227
     -0.0000	    683.6510	 8.6940	 6.976791	 0.017985	  0.00040142	  0.00019864	  0.00020277	  0.00019864	  0.00000000	  0.00019227
     -0.0000	    683.6520	 8.6940	 6.976809	 0.017985	  0.00040150	  0.00019864	  0.00020286	  0.00019864	  0.00000000	  0.00019226
     -0.0000	    683.6529	 8.6940	 6.976826	 0.017985	  0.00040143	  0.00019864	  0.00020280	  0.00019864	  0.00000000	  0.00019226
     -0.0000	    683.6539	 8.6941	 6.976844	 0.017986	  0.00040149	  0.00019863	  0.00020286	  0.00019863	  0.00000000	  0.00019226
     -0.0000	    683.6549	 8.6941	 6.976861	 0.017986	  0.00040154	  0.00019863	  0.00020292	  0.00019863	  0.00000000	  0.00019226
     -0.0000	    683.6558	 8.6941	 6.976878	 0.017986	  0.00040149	  0.00019862	  0.00020287	  0.00019862	  0.00000000	  0.00019226
     -0.0000	    683.6568	 8.6941	 6.976895	 0.017986	  0.00040137	  0.00019862	  0.00020275	  0.00019862	  0.00000000	  0.00019225
     -0.0000	    683.6577	 8.6941	 6.976912	 0.017986	  0.00040140	  0.00019861	  0.00020278	  0.00019861	  0.00000000	  0.00019225
     -0.0000	    683.6587	 8.6942	 6.976929	 0.017986	  0.00040146	  0.00019861	  0.00020285	  0.00019861	  0.00000000	  0.00019225
     -0.0000	    683.6596	 8.6942	 6.976946	 0.017987	  0.00040158	  0.00019861	  0.00020297	  0.00019861	  0.00000000	  0.00019225
     -0.0000	    683.6605	 8.6942	 6.976962	 0.017987	  0.00040145	  0.00019860	  0.00020284	  0.00019860	  0.00000000	  0.00019225
     -0.0000	    683.6614	 8.6942	 6.976978	 0.017987	  0.00040136	  0.00019860	  0.00020277	  0.00019860	  0.00000000	  0.00019224
     -0.0000	    683.6623	 8.6942	 6.976995	 0.017987	  0.00040148	  0.00019859	  0.00020289	  0.00019859	  0.00000000	  0.00019224
     -0.0000	    683.6632	 8.6942	 6.977011	 0.017987	  0.00040143	  0.00019859	  0.00020284	  0.00019859	  0.00000000	  0.00019224
     -0.0000	    683.6641	 8.6943	 6.977027	 0.017988	  0.00040145	  0.00019859	  0.00020286	  0.00019859	  0.00000000	  0.00019224
     -0.0000	    683.6650	 8.6943	 6.977043	 0.017988	  0.00040155	  0.00019858	  0.00020296	  0.00019858	  0.00000000	  0.00019224
     -0.0000	    683.6659	 8.6943	 6.977058	 0.017988	  0.00040142	  0.00019858	  0.00020284	  0.00019858	  0.00000000	  0.00019223
     -0.0000	    683.6667	 8.6943	 6.977074	 0.017988	  0.00040139	  0.00019858	  0.00020282	  0.00019858	  0.00000000	  0.00019223
     -0.0000	    683.6676	 8.6943	 6.977089	 0.017988	  0.00040142	  0.00019857	  0.00020285	  0.00019857	  0.00000000	  0.00019223
     -0.0000	    683.6684	 8.6944	 6.977105	 0.017988	  0.00040149	  0.00019857	  0.00020292	  0.00019857	  0.00000000	  0.00019223
     -0.0000	    683.6693	 8.6944	 6.977120	 0.017989	  0.00040135	  0.00019856	  0.00020279	  0.00019856	  0.00000000	  0.00019223
     -0.0000	    683.6701	 8.6944	 6.977135	 0.017989	  0.00040147	  0.00019856	  0.00020291	  0.00019856	  0.00000000	  0.00019223
     -0.0000	    683.6710	 8.6944	 6.977150	 0.017989	  0.00040149	  0.00019856	  0.00020293	  0.00019856	  0.00000000	  0.00019222
     -0.0000	    683.6718	 8.6944	 6.977165	 0.017989	  0.00040138	  0.00019855	  0.00020283	  0.00019855	  0.00000000	  0.00019222
     -0.0000	    683.6726	 8.6944	 6.977180	 0.017989	  0.00040136	  0.00019855	  0.00020282	  0.00019855	  0.00000000	  0.00019222
     -0.0000	    683.6734	 8.6945	 6.977194	 0.017989	  0.00040158	  0.00019855	  0.00020303	  0.00019855	  0.00000000	  0.00019222
     -0.0000	    683.6742	 8.6945	 6.977209	 0.017990	  0.00040138	  0.00019854	  0.00020284	  0.00019854	  0.00000000	  0.00019222
     -0.0000	    683.6750	 8.6945	 6.977223	 0.017990	  0.00040134	  0.00019854	  0.00020281	  0.00019854	  0.00000000	  0.00019221
     -0.0000	    683.6758	 8.6945	 6.977238	 0.017990	  0.00040150	  0.00019854	  0.00020297	  0.00019854	  0.00000000	  0.00019221
     -0.0000	    683.6766	 8.6945	 6.977252	 0.017990	  0.00040144	  0.00019853	  0.00020291	  0.00019853	  0.00000000	  0.00019221
     -0.0000	    683.6774	 8.6945	 6.977266	 0.017990	  0.00040140	  0.00019853	  0.00020287	  0.00019853	  0.00000000	  0.00019221
     -0.0000	    683.6782	 8.6945	 6.977280	 0.017990	  0.00040145	  0.00019853	  0.00020292	  0.00019853	  0.00000000	  0.00019221
     -0.0000	    683.6789	 8.6946	 6.977294	 0.017991	  0.00040132	  0.00019852	  0.00020280	  0.00019852	  0.00000000	  0.00019221
     -0.0000	    683.6797	 8.6946	 6.977307	 0.017991	  0.00040135	  0.00019852	  0.00020283	  0.00019852	  0.00000000	  0.00019220
     -0.0000	    683.6804	 8.6946	 6.977321	 0.017991	  0.00040145	  0.00019852	  0.00020294	  0.00019852	  0.00000000	  0.00019220
     -0.0000	    683.6812	 8.6946	 6.977334	 0.017991	  0.00040154	  0.00019851	  0.00020303	  0.00019851	  0.00000000	  0.00019220
     -0.0000	    683.6819	 8.6946	 6.977348	 0.017991	  0.00040130	  0.00019851	  0.00020279	  0.00019851	  0.00000000	  0.00019220
     -0.0000	    683.6827	 8.6946	 6.977361	 0.017991	  0.00040150	  0.00019851	  0.00020299	  0.00019851	  0.00000000	  0.00019220
     -0.0000	    683.6834	 8.6947	 6.977374	 0.017992	  0.00040140	  0.00019850	  0.00020289	  0.00019850	  0.00000000	  0.00019220
     -0.0000	    683.6841	 8.6947	 6.977387	 0.017992	  0.00040142	  0.00019850	  0.00020292	  0.00019850	  0.00000000	  0.00019220
     -0.0000	    683.6849	 8.6947	 6.977400	 0.017992	  0.00040134	  0.00019850	  0.00020285	  0.00019850	  0.00000000	  0.00019219
     -0.0000	    683.6856	 8.6947	 6.977413	 0.017992	  0.00040144	  0.00019849	  0.00020294	  0.00019849	  0.00000000	  0.00019219
     -0.0000	    683.6863	 8.6947	 6.977426	 0.017992	  0.00040145	  0.00019849	  0.00020296	  0.00019849	  0.00000000	  0.00019219
     -0.0000	    683.6870	 8.6947	 6.977439	 0.017992	  0.00040146	  0.00019849	  0.00020297	  0.00019849	  0.00000000	  0.00019219
     -0.0000	    683.6877	 8.6947	 6.977451	 0.017992	  0.00040128	  0.00019848	  0.00020280	  0.00019848	  0.00000000	  0.00019219
     -0.0000	    683.6884	 8.6948	 6.977464	 0.017993	  0.00040150	  0.00019848	  0.00020302	  0.00019848	  0.00000000	  0.00019219
     -0.0000	    683.6891	 8.6948	 6.977476	 0.017993	  0.00040140	  0.00019848	  0.00020292	  0.00019848	  0.00000000	  0.00019218
     -0.0000	    683.6898	 8.6948	 6.977488	 0.017993	  0.00040136	  0.00019847	  0.00020288	  0.00019847	  0.00000000	  0.00019218
     -0.0000	    683.6904	 8.6948	 6.977501	 0.017993	  0.00040139	  0.00019847	  0.00020292	  0.00019847	  0.00000000	  0.00019218
     -0.0000	    683.6911	 8.6948	 6.977513	 0.017993	  0.00040146	  0.00019847	  0.00020299	  0.00019847	  0.00000000	  0.00019218
     -0.0000	    683.6918	 8.6948	 6.977525	 0.017993	  0.00040149	  0.00019847	  0.00020302	  0.00019847	  0.00000000	  0.00019218
     -0.0000	    683.6924	 8.6948	 6.977537	 0.017993	  0.00040130	  0.00019846	  0.00020284	  0.00019846	  0.00000000	  0.00019218
     -0.0000	    683.6931	 8.6948	 6.977548	 0.017993	  0.00040142	  0.00019846	  0.00020296	  0.00019846	  0.00000000	  0.00019218
     -0.0000	    683.6937	 8.6949	 6.977560	 0.017994	  0.00040131	  0.00019846	  0.00020286	  0.00019846	  0.00000000	  0.00019218
     -0.0000	    683.6944	 8.6949	 6.977572	 0.017994	  0.00040136	  0.00019845	  0.00020291	  0.00019845	  0.00000000	  0.00019217
     -0.0000	    683.6950	 8.6949	 6.977583	 0.017994	  0.00040143	  0.00019845	  0.00020297	  0.00019845	  0.00000000	  0.00019217
     -0.0000	    683.6957	 8.6949	 6.977595	 0.017994	  0.00040143	  0.00019845	  0.00020298	  0.00019845	  0.00000000	  0.00019217
     -0.0000	    683.6963	 8.6949	 6.977606	 0.017994	  0.00040137	  0.00019845	  0.00020293	  0.00019845	  0.00000000	  0.00019217
     -0.0000	    683.6969	 8.6949	 6.977617	 0.017994	  0.00040142	  0.00019844	  0.00020297	  0.00019844	  0.00000000	  0.00019217
     -0.0000	    683.6975	 8.6949	 6.977628	 0.017994	  0.00040129	  0.00019844	  0.00020285	  0.00019844	  0.00000000	  0.00019217
     -0.0000	    683.6981	 8.6949	 6.977639	 0.017995	  0.00040138	  0.00019844	  0.00020294	  0.00019844	  0.00000000	  0.00019217
     -0.0000	    683.6988	 8.6950	 6.977650	 0.017995	  0.00040127	  0.00019844	  0.00020284	  0.00019844	  0.00000000	  0.00019216
     -0.0000	    683.6994	 8.6950	 6.977661	 0.017995	  0.00040149	  0.00019843	  0.00020306	  0.00019843	  0.00000000	  0.00019216
     -0.0000	    683.7000	 8.6950	 6.977672	 0.017995	  0.00040150	  0.00019843	  0.00020307	  0.00019843	  0.00000000	  0.00019216
     -0.0000	    683.7006	 8.6950	 6.977683	 0.017995	  0.00040119	  0.00019843	  0.00020277	  0.00019843	  0.00000000	  0.00019216
     -0.0000	    683.7011	 8.6950	 6.977693	 0.017995	  0.00040152	  0.00019842	  0.00020310	  0.00019842	  0.00000000	  0.00019216
     -0.0000	    683.7017	 8.6950	 6.977704	 0.017995	  0.00040133	  0.00019842	  0.00020290	  0.00019842	  0.00000000	  0.00019216
     -0.0000	    683.7023	 8.6950	 6.977714	 0.017995	  0.00040107	  0.00019842	  0.00020265	  0.00019842	  0.00000000	  0.00019216
     -0.0000	    683.7029	 8.6950	 6.977725	 0.017995	  0.00040164	  0.00019842	  0.00020322	  0.00019842	  0.00000000	  0.00019216
     -0.0000	    683.7035	 8.6951	 6.977735	 0.017996	  0.00040161	  0.00019841	  0.00020320	  0.00019841	  0.00000000	  0.00019215
     -0.0000	    683.7040	 8.6951	 6.977745	 0.017996	  0.00040109	  0.00019841	  0.00020268	  0.00019841	  0.00000000	  0.00019215
     -0.0000	    683.7046	 8.6951	 6.977755	 0.017996	  0.00040133	  0.00019841	  0.00020292	  0.00019841	  0.00000000	  0.00019215
     -0.0000	    683.7051	 8.6951	 6.977765	 0.017996	  0.00040134	  0.00019841	  0.00020293	  0.00019841	  0.00000000	  0.00019215
     -0.0000	    683.7057	 8.6951	 6.977775	 0.017996	  0.00040130	  0.00019841	  0.00020290	  0.00019841	  0.00000000	  0.00019215
     -0.0000	    683.7062	 8.6951	 6.977785	 0.017996	  0.00040152	  0.00019840	  0.00020311	  0.00019840	  0.00000000	  0.00019215
     -0.0000	    683.7068	 8.6951	 6.977795	 0.017996	  0.00040140	  0.00019840	  0.00020300	  0.00019840	  0.00000000	  0.00019215
     -0.0000	    683.7073	 8.6951	 6.977805	 0.017996	  0.00040128	  0.00019840	  0.00020288	  0.00019840	  0.00000000	  0.00019215
     -0.0000	    683.7079	 8.6951	 6.977814	 0.017996	  0.00040129	  0.00019840	  0.00020290	  0.00019840	  0.00000000	  0.00019215
     -0.0000	    683.7084	 8.6952	 6.977824	 0.017997	  0.00040136	  0.00019839	  0.00020296	  0.00019839	  0.00000000	  0.00019214
     -0.0000	    683.7089	 8.6952	 6.977833	 0.017997	  0.00040137	  0.00019839	  0.00020298	  0.00019839	  0.00000000	  0.00019214
     -0.0000	    683.7095	 8.6952	 6.977843	 0.017997	  0.00040122	  0.00019839	  0.00020283	  0.00019839	  0.00000000	  0.00019214
     -0.0000	    683.7100	 8.6952	 6.977852	 0.017997	  0.00040141	  0.00019839	  0.00020303	  0.00019839	  0.00000000	  0.00019214
     -0.0000	    683.7105	 8.6952	 6.977862	 0.017997	  0.00040136	  0.00019838	  0.00020298	  0.00019838	  0.00000000	  0.00019214
     -0.0000	    683.7110	 8.6952	 6.977871	 0.017997	  0.00040144	  0.00019838	  0.00020305	  0.00019838	  0.00000000	  0.00019214
     -0.0000	    683.7115	 8.6952	 6.977880	 0.017997	  0.00040138	  0.00019838	  0.00020300	  0.00019838	  0.00000000	  0.00019214
     -0.0000	    683.7120	 8.6952	 6.977889	 0.017997	  0.00040126	  0.00019838	  0.00020288	  0.00019838	  0.00000000	  0.00019214
     -0.0000	    683.7125	 8.6952	 6.977898	 0.017997	  0.00040131	  0.00019838	  0.00020293	  0.00019838	  0.00000000	  0.00019214
     -0.0000	    683.7130	 8.6952	 6.977907	 0.017998	  0.00040125	  0.00019837	  0.00020288	  0.00019837	  0.00000000	  0.00019213
     -0.0000	    683.7135	 8.6953	 6.977916	 0.017998	  0.00040139	  0.00019837	  0.00020302	  0.00019837	  0.00000000	  0.00019213
     -0.0000	    683.7140	 8.6953	 6.977924	 0.017998	  0.00040150	  0.00019837	  0.00020313	  0.00019837	  0.00000000	  0.00019213
     -0.0000	    683.7145	 8.6953	 6.977933	 0.017998	  0.00040118	  0.00019837	  0.00020282	  0.00019837	  0.00000000	  0.00019213
     -0.0000	    683.7149	 8.6953	 6.977942	 0.017998	  0.00040131	  0.00019836	  0.00020295	  0.00019836	  0.00000000	  0.00019213
     -0.0000	    683.7154	 8.6953	 6.977950	 0.017998	  0.00040166	  0.00019836	  0.00020330	  0.00019836	  0.00000000	  0.00019213
     -0.0000	    683.7159	 8.6953	 6.977959	 0.017998	  0.00040116	  0.00019836	  0.00020280	  0.00019836	  0.00000000	  0.00019213
     -0.0000	    683.7164	 8.6953	 6.977967	 0.017998	  0.00040113	  0.00019836	  0.00020277	  0.00019836	  0.00000000	  0.00019213
     -0.0000	    683.7168	 8.6953	 6.977976	 0.017998	  0.00040145	  0.00019836	  0.00020309	  0.00019836	  0.00000000	  0.00019213
     -0.0000	    683.7173	 8.6953	 6.977984	 0.017998	  0.00040114	  0.00019835	  0.00020279	  0.00019835	  0.00000000	  0.00019213
     -0.0000	    683.7177	 8.6953	 6.977992	 0.017998	  0.00040134	  0.00019835	  0.00020299	  0.00019835	  0.00000000	  0.00019212
     -0.0000	    683.7182	 8.6953	 6.978000	 0.017999	  0.00040166	  0.00019835	  0.00020331	  0.00019835	  0.00000000	  0.00019212
     -0.0000	    683.7186	 8.6954	 6.978008	 0.017999	  0.00040108	  0.00019835	  0.00020273	  0.00019835	  0.00000000	  0.00019212
     -0.0000	    683.7191	 8.6954	 6.978016	 0.017999	  0.00040097	  0.00019835	  0.00020262	  0.00019835	  0.00000000	  0.00019212
     -0.0000	    683.7195	 8.6954	 6.978024	 0.017999	  0.00040175	  0.00019834	  0.00020340	  0.00019834	  0.00000000	  0.00019212
     -0.0000	    683.7200	 8.6954	 6.978032	 0.017999	  0.00040135	  0.00019834	  0.00020300	  0.00019834	  0.00000000	  0.00019212
     -0.0000	    683.7204	 8.6954	 6.978040	 0.017999	  0.00040136	  0.00019834	  0.00020302	  0.00019834	  0.00000000	  0.00019212
     -0.0000	    683.7208	 8.6954	 6.978048	 0.017999	  0.00040129	  0.00019834	  0.00020295	  0.00019834	  0.00000000	  0.00019212
     -0.0000	    683.7213	 8.6954	 6.978056	 0.017999	  0.00040157	  0.00019834	  0.00020324	  0.00019834	  0.00000000	  0.00019212
     -0.0000	    683.7217	 8.6954	 6.978063	 0.017999	  0.00040105	  0.00019834	  0.00020272	  0.00019834	  0.00000000	  0.00019212
     -0.0000	    683.7221	 8.6954	 6.978071	 0.017999	  0.00040088	  0.00019833	  0.00020254	  0.00019833	  0.00000000	  0.00019211
     -0.0000	    683.7225	 8.6954	 6.978078	 0.017999	  0.00040150	  0.00019833	  0.00020316	  0.00019833	  0.00000000	  0.00019211
     -0.0000	    683.7229	 8.6954	 6.978086	 0.018000	  0.00040163	  0.00019833	  0.00020331	  0.00019833	  0.00000000	  0.00019211
     -0.0000	    683.7234	 8.6955	 6.978093	 0.018000	  0.00040118	  0.00019833	  0.00020285	  0.00019833	  0.00000000	  0.00019211
     -0.0000	    683.7238	 8.6955	 6.978101	 0.018000	  0.00040160	  0.00019833	  0.00020327	  0.00019833	  0.00000000	  0.00019211
     -0.0000	    683.7242	 8.6955	 6.978108	 0.018000	  0.00040155	  0.00019832	  0.00020322	  0.00019832	  0.00000000	  0.00019211
     -0.0000	    683.7246	 8.6955	 6.978115	 0.018000	  0.00040106	  0.00019832	  0.00020274	  0.00019832	  0.00000000	  0.00019211
     -0.0000	    683.7250	 8.6955	 6.978122	 0.018000	  0.00040102	  0.00019832	  0.00020269	  0.00019832	  0.00000000	  0.00019211
     -0.0000	    683.7254	 8.6955	 6.978129	 0.018000	  0.00040169	  0.00019832	  0.00020337	  0.00019832	  0.00000000	  0.00019211
     -0.0000	    683.7258	 8.6955	 6.978136	 0.018000	  0.00040118	  0.00019832	  0.00020286	  0.00019832	  0.00000000	  0.00019211
     -0.0000	    683.7262	 8.6955	 6.978143	 0.018000	  0.00040134	  0.00019832	  0.00020303	  0.00019832	  0.00000000	  0.00019211
     -0.0000	    683.7265	 8.6955	 6.978150	 0.018000	  0.00040142	  0.00019831	  0.00020311	  0.00019831	  0.00000000	  0.00019211
     -0.0000	    683.7269	 8.6955	 6.978157	 0.018000	  0.00040138	  0.00019831	  0.00020307	  0.00019831	  0.00000000	  0.00019210
     -0.0000	    683.7273	 8.6955	 6.978164	 0.018000	  0.00040082	  0.00019831	  0.00020251	  0.00019831	  0.00000000	  0.00019210
     -0.0000	    683.7277	 8.6955	 6.978171	 0.018001	  0.00040171	  0.00019831	  0.00020340	  0.00019831	  0.00000000	  0.00019210
     -0.0000	    683.7281	 8.6955	 6.978178	 0.018001	  0.00040195	  0.00019831	  0.00020365	  0.00019831	  0.00000000	  0.00019210
     -0.0000	    683.7284	 8.6956	 6.978184	 0.018001	  0.00040089	  0.00019831	  0.00020258	  0.00019831	  0.00000000	  0.00019210
     -0.0000	    683.7288	 8.6956	 6.978191	 0.018001	  0.00040097	  0.00019830	  0.00020266	  0.00019830	  0.00000000	  0.00019210
     -0.0000	    683.7292	 8.6956	 6.978198	 0.018001	  0.00040137	  0.00019830	  0.00020307	  0.00019830	  0.00000000	  0.00019210
     -0.0000	    683.7295	 8.6956	 6.978204	 0.018001	  0.00040171	  0.00019830	  0.00020341	  0.00019830	  0.00000000	  0.00019210
     -0.0000	    683.7299	 8.6956	 6.978210	 0.018001	  0.00040112	  0.00019830	  0.00020282	  0.00019830	  0.00000000	  0.00019210
     -0.0000	    683.7302	 8.6956	 6.978217	 0.018001	  0.00040156	  0.00019830	  0.00020326	  0.00019830	  0.00000000	  0.00019210
     -0.0000	    683.7306	 8.6956	 6.978223	 0.018001	  0.00040136	  0.00019830	  0.00020306	  0.00019830	  0.00000000	  0.00019210
     -0.0000	    683.7309	 8.6956	 6.978230	 0.018001	  0.00040145	  0.00019829	  0.00020316	  0.00019829	  0.00000000	  0.00019210
     -0.0000	    683.7313	 8.6956	 6.978236	 0.018001	  0.00040115	  0.00019829	  0.00020286	  0.00019829	  0.00000000	  0.00019210
     -0.0000	    683.7316	 8.6956	 6.978242	 0.018001	  0.00040081	  0.00019829	  0.00020252	  0.00019829	  0.00000000	  0.00019209
     -0.0000	    683.7320	 8.6956	 6.978248	 0.018001	  0.00040169	  0.00019829	  0.00020340	  0.00019829	  0.00000000	  0.00019209
     -0.0000	    683.7323	 8.6956	 6.978254	 0.018001	  0.00040151	  0.00019829	  0.00020322	  0.00019829	  0.00000000	  0.00019209
     -0.0000	    683.7326	 8.6956	 6.978260	 0.018002	  0.00040100	  0.00019829	  0.00020271	  0.00019829	  0.00000000	  0.00019209
     -0.0000	    683.7330	 8.6956	 6.978266	 0.018002	  0.00040148	  0.00019829	  0.00020319	  0.00019829	  0.00000000	  0.00019209
     -0.0000	    683.7333	 8.6957	 6.978272	 0.018002	  0.00040134	  0.00019828	  0.00020306	  0.00019828	  0.00000000	  0.00019209
     -0.0000	    683.7336	 8.6957	 6.978278	 0.018002	  0.00040093	  0.00019828	  0.00020265	  0.00019828	  0.00000000	  0.00019209
     -0.0000	    683.7340	 8.6957	 6.978284	 0.018002	  0.00040150	  0.00019828	  0.00020322	  0.00019828	  0.00000000	  0.00019209
     -0.0000	    683.7343	 8.6957	 6.978290	 0.018002	  0.00040147	  0.00019828	  0.00020319	  0.00019828	  0.00000000	  0.00019209
     -0.0000	    683.7346	 8.6957	 6.978296	 0.018002	  0.00040116	  0.00019828	  0.00020288	  0.00019828	  0.00000000	  0.00019209
     -0.0000	    683.7349	 8.6957	 6.978302	 0.018002	  0.00040089	  0.00019828	  0.00020261	  0.00019828	  0.00000000	  0.00019209
     -0.0000	    683.7352	 8.6957	 6.978307	 0.018002	  0.00040206	  0.00019828	  0.00020378	  0.00019828	  0.00000000	  0.00019209
     -0.0000	    683.7356	 8.6957	 6.978313	 0.018002	  0.00040189	  0.00019827	  0.00020361	  0.00019827	  0.00000000	  0.00019209
     -0.0000	    683.7359	 8.6957	 6.978318	 0.018002	  0.00040068	  0.00019827	  0.00020241	  0.00019827	  0.00000000	  0.00019209
     -0.0000	    683.7362	 8.6957	 6.978324	 0.018002	  0.00040060	  0.00019827	  0.00020233	  0.00019827	  0.00000000	  0.00019208
     -0.0000	    683.7365	 8.6957	 6.978330	 0.018002	  0.00040163	  0.00019827	  0.00020336	  0.00019827	  0.00000000	  0.00019208
     -0.0000	    683.7368	 8.6957	 6.978335	 0.018002	  0.00040133	  0.00019827	  0.00020306	  0.00019827	  0.00000000	  0.00019208
     -0.0000	    683.7371	 8.6957	 6.978340	 0.018002	  0.00040097	  0.00019827	  0.00020270	  0.00019827	  0.00000000	  0.00019208
     -0.0000	    683.7374	 8.6957	 6.978346	 0.018002	  0.00040190	  0.00019827	  0.00020363	  0.00019827	  0.00000000	  0.00019208
     -0.0000	    683.7377	 8.6957	 6.978351	 0.018003	  0.00040097	  0.00019827	  0.00020271	  0.00019827	  0.00000000	  0.00019208
     -0.0000	    683.7380	 8.6957	 6.978356	 0.018003	  0.00040026	  0.00019826	  0.00020199	  0.00019826	  0.00000000	  0.00019208
     -0.0000	    683.7383	 8.6958	 6.978362	 0.018003	  0.00040176	  0.00019826	  0.00020350	  0.00019826	  0.00000000	  0.00019208
     -0.0000	    683.7386	 8.6958	 6.978367	 0.018003	  0.00040134	  0.00019826	  0.00020308	  0.00019826	  0.00000000	  0.00019208
     -0.0000	    683.7389	 8.6958	 6.978372	 0.018003	  0.00040158	  0.00019826	  0.00020332	  0.00019826	  0.00000000	  0.00019208
     -0.0000	    683.7391	 8.6958	 6.978377	 0.018003	  0.00040169	  0.00019826	  0.00020343	  0.00019826	  0.00000000	  0.00019208
     -0.0000	    683.7394	 8.6958	 6.978382	 0.018003	  0.00040042	  0.00019826	  0.00020217	  0.00019826	  0.00000000	  0.00019208
     -0.0000	    683.7397	 8.6958	 6.978387	 0.018003	  0.00040125	  0.00019826	  0.00020299	  0.00019826	  0.00000000	  0.00019208
     -0.0000	    683.7400	 8.6958	 6.978392	 0.018003	  0.00040125	  0.00019826	  0.00020300	  0.00019826	  0.00000000	  0.00019208
     -0.0000	    683.7403	 8.6958	 6.978397	 0.018003	  0.00040228	  0.00019825	  0.00020403	  0.00019825	  0.00000000	  0.00019208
     -0.0000	    683.7405	 8.6958	 6.978402	 0.018003	  0.00040068	  0.00019825	  0.00020242	  0.00019825	  0.00000000	  0.00019208
     -0.0000	    683.7408	 8.6958	 6.978407	 0.018003	  0.00040001	  0.00019825	  0.00020176	  0.00019825	  0.00000000	  0.00019208
     -0.0000	    683.7411	 8.6958	 6.978412	 0.018003	  0.00040193	  0.00019825	  0.00020368	  0.00019825	  0.00000000	  0.00019207
     -0.0000	    683.7413	 8.6958	 6.978417	 0.018003	  0.00040107	  0.00019825	  0.00020282	  0.00019825	  0.00000000	  0.00019207
     -0.0000	    683.7416	 8.6958	 6.978422	 0.018003	  0.00040171	  0.00019825	  0.00020346	  0.00019825	  0.00000000	  0.00019207
     -0.0000	    683.7419	 8.6958	 6.978426	 0.018003	  0.00040122	  0.00019825	  0.00020297	  0.00019825	  0.00000000	  0.00019207
     -0.0000	    683.7421	 8.6958	 6.978431	 0.018003	  0.00040121	  0.00019825	  0.00020296	  0.00019825	  0.00000000	  0.00019207
     -0.0000	    683.7424	 8.6958	 6.978436	 0.018003	  0.00040155	  0.00019825	  0.00020331	  0.00019825	  0.00000000	  0.00019207
     -0.0000	    683.7426	 8.6958	 6.978440	 0.018004	  0.00040127	  0.00019824	  0.00020303	  0.00019824	  0.00000000	  0.00019207
     -0.0000	    683.7429	 8.6958	 6.978445	 0.018004	  0.00040013	  0.00019824	  0.00020189	  0.00019824	  0.00000000	  0.00019207
     -0.0000	    683.7431	 8.6958	 6.978449	 0.018004	  0.00040120	  0.00019824	  0.00020296	  0.00019824	  0.00000000	  0.00019207
     -0.0000	    683.7434	 8.6959	 6.978454	 0.018004	  0.00040202	  0.00019824	  0.00020378	  0.00019824	  0.00000000	  0.00019207
     -0.0000	    683.7436	 8.6959	 6.978458	 0.018004	  0.00040120	  0.00019824	  0.00020296	  0.00019824	  0.00000000	  0.00019207
     -0.0000	    683.7439	 8.6959	 6.978463	 0.018004	  0.00040098	  0.00019824	  0.00020274	  0.00019824	  0.00000000	  0.00019207
     -0.0000	    683.7441	 8.6959	 6.978467	 0.018004	  0.00040182	  0.00019824	  0.00020359	  0.00019824	  0.00000000	  0.00019207
     -0.0000	    683.7444	 8.6959	 6.978472	 0.018004	  0.00040073	  0.00019824	  0.00020250	  0.00019824	  0.00000000	  0.00019207
     -0.0000	    683.7446	 8.6959	 6.978476	 0.018004	  0.00040156	  0.00019824	  0.00020332	  0.00019824	  0.00000000	  0.00019207
     -0.0000	    683.7449	 8.6959	 6.978480	 0.018004	  0.00040019	  0.00019823	  0.00020195	  0.00019823	  0.00000000	  0.00019207
     -0.0000	    683.7451	 8.6959	 6.978484	 0.018004	  0.00039287	  0.00019823	  0.00019464	  0.00019823	  0.00000000	  0.00019207
     -0.0000	    683.7453	 8.6959	 6.978488	 0.018004	  0.00020778	  0.00019823	  0.00000955	  0.00019823	  0.00000000	  0.00019207
     -0.0000	    683.7455	 8.6959	 6.978491	 0.018004	  0.00036768	  0.00019823	  0.00016945	  0.00019823	  0.00000000	  0.00019207
     -0.0000	    683.7457	 8.6959	 6.978496	 0.018004	  0.00047739	  0.00019823	  0.00027915	  0.00019823	  0.00000000	  0.00019206
     -0.0000	    683.7458	 8.6959	 6.978498	 0.018004	  0.00050105	  0.00019823	  0.00030282	  0.00019823	  0.00000000	  0.00019206
     -0.0000	    683.7461	 8.6959	 6.978502	 0.018004	  0.00043126	  0.00019823	  0.00023303	  0.00019823	  0.00000000	  0.00019206
     -0.0000	    683.7462	 8.6959	 6.978505	 0.018004	  0.00049287	  0.00019823	  0.00029464	  0.00019823	  0.00000000	  0.00019206
     -0.0000	    683.7464	 8.6959	 6.978508	 0.018004	  0.00021278	  0.00019823	  0.00001456	  0.00019823	  0.00000000	  0.00019206
     -0.0000	    683.7465	 8.6959	 6.978510	 0.018004	  0.00073964	  0.00019823	  0.00054141	  0.00019823	  0.00000000	  0.00019206
     -0.0000	    683.7467	 8.6959	 6.978512	 0.018004	  0.00092086	  0.00019823	  0.00072264	  0.00019823	  0.00000000	  0.00019206
     -0.0000	    683.7468	 8.6959	 6.978515	 0.018004	  0.00028578	  0.00019823	  0.00008756	  0.00019823	  0.00000000	  0.00019206
     -0.0000	    683.7469	 8.6959	 6.978517	 0.018004	  0.00028062	  0.00019823	  0.00008239	  0.00019823	  0.00000000	  0.00019206
     -0.0000	    683.7470	 8.6959	 6.978520	 0.018004	  0.00062027	  0.00019822	  0.00042204	  0.00019822	  0.00000000	  0.00019206
     -0.0000	    683.7471	 8.6959	 6.978521	 0.018004	  0.00024390	  0.00019822	  0.00004568	  0.00019822	  0.00000000	  0.00019206
     -0.0000	    683.7473	 8.6959	 6.978524	 0.018004	  0.00019415	  0.00019822	 -0.00000408	  0.00019822	  0.00000000	  0.00019206
     -0.0000	    683.7475	 8.6959	 6.978527	 0.018005	  0.00012622	  0.00019822	 -0.00007200	  0.00019822	  0.00000000	  0.00019206
     -0.0000	    683.7476	 8.6959	 6.978529	 0.018005	  0.00027103	  0.00019822	  0.00007281	  0.00019822	  0.00000000	  0.00019206
     -0.0000	    683.7477	 8.6959	 6.978531	 0.018005	  0.00043019	  0.00019822	  0.00023196	  0.00019822	  0.00000000	  0.00019206
     -0.0000	    683.7478	 8.6959	 6.978534	 0.018005	  0.00017567	  0.00019822	 -0.00002255	  0.00019822	  0.00000000	  0.00019206
     -0.0000	    683.7479	 8.6959	 6.978534	 0.018005	  0.00172302	  0.00019822	  0.00152480	  0.00019822	  0.00000000	  0.00019206
     -0.0000	    683.7480	 8.6959	 6.978537	 0.018005	  0.00035615	  0.00019822	  0.00015793	  0.00019822	  0.00000000	  0.00019206
     -0.0000	    683.7483	 8.6960	 6.978542	 0.018005	  0.00013107	  0.00019822	 -0.00006715	  0.00019822	  0.00000000	  0.00019206
     -0.0000	    683.7484	 8.6960	 6.978544	 0.018005	  0.00056801	  0.00019822	  0.00036979	  0.00019822	  0.00000000	  0.00019206
     -0.0000	    683.7485	 8.6960	 6.978546	 0.018005	  0.00036951	  0.00019822	  0.00017129	  0.00019822	  0.00000000	  0.00019206
     -0.0000	    683.7487	 8.6960	 6.978549	 0.018005	  0.00056527	  0.00019822	  0.00036705	  0.00019822	  0.00000000	  0.00019206
     -0.0000	    683.7488	 8.6960	 6.978551	 0.018005	  0.00068171	  0.00019822	  0.00048349	  0.00019822	  0.00000000	  0.00019206
     -0.0000	    683.7489	 8.6960	 6.978553	 0.018005	  0.00040153	  0.00019822	  0.00020332	  0.00019822	  0.00000000	  0.00019206
     -0.0000	    683.7492	 8.6960	 6.978558	 0.018005	  0.00037796	  0.00019822	  0.00017975	  0.00019822	  0.00000000	  0.00019206
     -0.0000	    683.7493	 8.6960	 6.978561	 0.018005	  0.00017337	  0.00019821	 -0.00002484	  0.00019821	  0.00000000	  0.00019206
     -0.0000	    683.7494	 8.6960	 6.978562	 0.018005	  0.00058964	  0.00019821	  0.00039142	  0.00019821	  0.00000000	  0.00019206
     -0.0000	    683.7496	 8.6960	 6.978565	 0.018005	  0.00016020	  0.00019821	 -0.00003801	  0.00019821	  0.00000000	  0.00019206
     -0.0000	    683.7497	 8.6960	 6.978567	 0.018005	  0.00011670	  0.00019821	 -0.00008152	  0.00019821	  0.00000000	  0.00019206
     -0.0000	    683.7498	 8.6960	 6.978569	 0.018005	  0.00036390	  0.00019821	  0.00016569	  0.00019821	  0.00000000	  0.00019206
     -0.0000	    683.7499	 8.6960	 6.978571	 0.018005	  0.00079186	  0.00019821	  0.00059365	  0.00019821	  0.00000000	  0.00019206
     -0.0000	    683.7500	 8.6960	 6.978573	 0.018005	  0.00037701	  0.00019821	  0.00017880	  0.00019821	  0.00000000	  0.00019206
     -0.0000	    683.7502	 8.6960	 6.978576	 0.018005	  0.00077662	  0.00019821	  0.00057841	  0.00019821	  0.00000000	  0.00019206
     -0.0000	    683.7503	 8.6960	 6.978578	 0.018005	  0.00088539	  0.00019821	  0.00068718	  0.00019821	  0.00000000	  0.00019205
     -0.0000	    683.7504	 8.6960	 6.978580	 0.018005	  0.00022389	  0.00019821	  0.00002568	  0.00019821	  0.00000000	  0.00019205
     -0.0000	    683.7505	 8.6960	 6.978581	 0.018005	  0.00073669	  0.00019821	  0.00053848	  0.00019821	  0.00000000	  0.00019205
     -0.0000	    683.7506	 8.6960	 6.978584	 0.018005	  0.00045388	  0.00019821	  0.00025567	  0.00019821	  0.00000000	  0.00019205
     -0.0000	    683.7508	 8.6960	 6.978588	 0.018005	  0.00038447	  0.00019821	  0.00018626	  0.00019821	  0.00000000	  0.00019205
     -0.0000	    683.7510	 8.6960	 6.978592	 0.018005	  0.00039491	  0.00019821	  0.00019670	  0.00019821	  0.00000000	  0.00019205
     -0.0000	    683.7512	 8.6960	 6.978595	 0.018005	  0.00039576	  0.00019821	  0.00019756	  0.00019821	  0.00000000	  0.00019205
     -0.0000	    683.7514	 8.6960	 6.978599	 0.018005	  0.00039862	  0.00019821	  0.00020041	  0.00019821	  0.00000000	  0.00019205
     -0.0000	    683.7516	 8.6960	 6.978602	 0.018005	  0.00040929	  0.00019820	  0.00021109	  0.00019820	  0.00000000	  0.00019205
     -0.0000	    683.7518	 8.6960	 6.978606	 0.018005	  0.00060030	  0.00019820	  0.00040210	  0.00019820	  0.00000000	  0.00019205
     -0.0000	    683.7519	 8.6960	 6.978607	 0.018005	  0.00018012	  0.00019820	 -0.00001808	  0.00019820	  0.00000000	  0.00019205
     -0.0000	    683.7520	 8.6960	 6.978609	 0.018005	  0.00032522	  0.00019820	  0.00012702	  0.00019820	  0.00000000	  0.00019205
     -0.0000	    683.7522	 8.6960	 6.978613	 0.018005	  0.00047243	  0.00019820	  0.00027423	  0.00019820	  0.00000000	  0.00019205
     -0.0000	    683.7524	 8.6960	 6.978617	 0.018006	  0.00041177	  0.00019820	  0.00021357	  0.00019820	  0.00000000	  0.00019205
     -0.0000	    683.7526	 8.6960	 6.978620	 0.018006	  0.00041541	  0.00019820	  0.00021721	  0.00019820	  0.00000000	  0.00019205
     -0.0000	    683.7528	 8.6960	 6.978624	 0.018006	  0.00040654	  0.00019820	  0.00020834	  0.00019820	  0.00000000	  0.00019205
     -0.0000	    683.7530	 8.6960	 6.978627	 0.018006	  0.00034064	  0.00019820	  0.00014244	  0.00019820	  0.00000000	  0.00019205
     -0.0000	    683.7531	 8.6960	 6.978629	 0.018006	  0.00035049	  0.00019820	  0.00015229	  0.00019820	  0.00000000	  0.00019205
     -0.0000	    683.7532	 8.6961	 6.978631	 0.018006	  0.00043533	  0.00019820	  0.00023713	  0.00019820	  0.00000000	  0.00019205
     -0.0000	    683.7533	 8.6961	 6.978633	 0.018006	  0.00031737	  0.00019820	  0.00011917	  0.00019820	  0.00000000	  0.00019205
     -0.0000	    683.7535	 8.6961	 6.978635	 0.018006	  0.00088835	  0.00019820	  0.00069015	  0.00019820	  0.00000000	  0.00019205
     -0.0000	    683.7536	 8.6961	 6.978637	 0.018006	  0.00058775	  0.00019820	  0.00038956	  0.00019820	  0.00000000	  0.00019205
     -0.0000	    683.7536	 8.6961	 6.978638	 0.018006	  0.00023437	  0.00019820	  0.00003617	  0.00019820	  0.00000000	  0.00019205
     -0.0000	    683.7538	 8.6961	 6.978642	 0.018006	  0.00049549	  0.00019820	  0.00029730	  0.00019820	  0.00000000	  0.00019205
     -0.0000	    683.7539	 8.6961	 6.978643	 0.018006	  0.00021826	  0.00019819	  0.00002007	  0.00019819	  0.00000000	  0.00019205
     -0.0000	    683.7540	 8.6961	 6.978645	 0.018006	  0.00052757	  0.00019819	  0.00032938	  0.00019819	  0.00000000	  0.00019205
     -0.0000	    683.7541	 8.6961	 6.978646	 0.018006	  0.00018647	  0.00019819	 -0.00001173	  0.00019819	  0.00000000	  0.00019205
     -0.0000	    683.7542	 8.6961	 6.978648	 0.018006	  0.00032878	  0.00019819	  0.00013059	  0.00019819	  0.00000000	  0.00019205
     -0.0000	    683.7543	 8.6961	 6.978650	 0.018006	  0.00015353	  0.00019819	 -0.00004466	  0.00019819	  0.00000000	  0.00019205
     -0.0000	    683.7543	 8.6961	 6.978651	 0.018006	  0.00058265	  0.00019819	  0.00038446	  0.00019819	  0.00000000	  0.00019205
     -0.0000	    683.7544	 8.6961	 6.978652	 0.018006	  0.00034349	  0.00019819	  0.00014530	  0.00019819	  0.00000000	  0.00019205
     -0.0000	    683.7545	 8.6961	 6.978654	 0.018006	  0.00079298	  0.00019819	  0.00059478	  0.00019819	  0.00000000	  0.00019205
     -0.0000	    683.7546	 8.6961	 6.978655	 0.018006	  0.00038111	  0.00019819	  0.00018291	  0.00019819	  0.00000000	  0.00019205
     -0.0000	    683.7547	 8.6961	 6.978657	 0.018006	  0.00043341	  0.00019819	  0.00023522	  0.00019819	  0.00000000	  0.00019205
     -0.0000	    683.7548	 8.6961	 6.978659	 0.018006	  0.00025306	  0.00019819	  0.00005487	  0.00019819	  0.00000000	  0.00019205
     -0.0000	    683.7549	 8.6961	 6.978661	 0.018006	  0.00080167	  0.00019819	  0.00060348	  0.00019819	  0.00000000	  0.00019205
     -0.0000	    683.7550	 8.6961	 6.978663	 0.018006	  0.00035475	  0.00019819	  0.00015656	  0.00019819	  0.00000000	  0.00019204
     -0.0000	    683.7551	 8.6961	 6.978665	 0.018006	  0.00023061	  0.00019819	  0.00003242	  0.00019819	  0.00000000	  0.00019204
     -0.0000	    683.7552	 8.6961	 6.978667	 0.018006	  0.00064887	  0.00019819	  0.00045068	  0.00019819	  0.00000000	  0.00019204
     -0.0000	    683.7553	 8.6961	 6.978668	 0.018006	  0.00025312	  0.00019819	  0.00005493	  0.00019819	  0.00000000	  0.00019204
     -0.0000	    683.7554	 8.6961	 6.978669	 0.018006	  0.00038561	  0.00019819	  0.00018742	  0.00019819	  0.00000000	  0.00019204
     -0.0000	    683.7555	 8.6961	 6.978672	 0.018006	  0.00027226	  0.00019819	  0.00007407	  0.00019819	  0.00000000	  0.00019204
     -0.0000	    683.7555	 8.6961	 6.978672	 0.018006	  0.00027181	  0.00019819	  0.00007363	  0.00019819	  0.00000000	  0.00019204
     -0.0000	    683.7556	 8.6961	 6.978674	 0.018006	  0.00038505	  0.00019819	  0.00018686	  0.00019819	  0.00000000	  0.00019204
     -0.0000	    683.7557	 8.6961	 6.978676	 0.018006	  0.00029193	  0.00019819	  0.00009375	  0.00019819	  0.00000000	  0.00019204
     -0.0000	    683.7558	 8.6961	 6.978678	 0.018006	  0.00013975	  0.00019819	 -0.00005843	  0.00019819	  0.00000000	  0.00019204
     -0.0000	    683.7560	 8.6961	 6.978680	 0.018006	  0.00020139	  0.00019819	  0.00000321	  0.00019819	  0.00000000	  0.00019204
     -0.0000	    683.7560	 8.6961	 6.978682	 0.018006	  0.00015864	  0.00019819	 -0.00003954	  0.00019819	  0.00000000	  0.00019204
     -0.0000	    683.7562	 8.6961	 6.978684	 0.018006	  0.00042040	  0.00019818	  0.00022221	  0.00019818	  0.00000000	  0.00019204
     -0.0000	    683.7562	 8.6961	 6.978684	 0.018006	  0.00027337	  0.00019818	  0.00007519	  0.00019818	  0.00000000	  0.00019204
     -0.0000	    683.7563	 8.6961	 6.978686	 0.018006	  0.00059721	  0.00019818	  0.00039902	  0.00019818	  0.00000000	  0.00019204
     -0.0000	    683.7564	 8.6961	 6.978687	 0.018006	  0.00022823	  0.00019818	  0.00003005	  0.00019818	  0.00000000	  0.00019204
     -0.0000	    683.7564	 8.6961	 6.978689	 0.018006	  0.00036565	  0.00019818	  0.00016747	  0.00019818	  0.00000000	  0.00019204
     -0.0000	    683.7565	 8.6961	 6.978690	 0.018006	  0.00018158	  0.00019818	 -0.00001660	  0.00019818	  0.00000000	  0.00019204
     -0.0000	    683.7566	 8.6961	 6.978691	 0.018006	  0.00037758	  0.00019818	  0.00017940	  0.00019818	  0.00000000	  0.00019204
     -0.0000	    683.7566	 8.6961	 6.978692	 0.018006	  0.00085294	  0.00019818	  0.00065476	  0.00019818	  0.00000000	  0.00019204
     -0.0000	    683.7567	 8.6961	 6.978693	 0.018006	  0.00238797	  0.00019818	  0.00218979	  0.00019818	  0.00000000	  0.00019204
     -0.0000	    683.7567	 8.6961	 6.978694	 0.018006	  0.00020578	  0.00019818	  0.00000759	  0.00019818	  0.00000000	  0.00019204
     -0.0000	    683.7568	 8.6961	 6.978695	 0.018006	  0.00044531	  0.00019818	  0.00024713	  0.00019818	  0.00000000	  0.00019204
     -0.0000	    683.7569	 8.6961	 6.978697	 0.018006	  0.00022431	  0.00019818	  0.00002612	  0.00019818	  0.00000000	  0.00019204
     -0.0000	    683.7570	 8.6961	 6.978698	 0.018006	  0.00026576	  0.00019818	  0.00006758	  0.00019818	  0.00000000	  0.00019204
     -0.0000	    683.7570	 8.6961	 6.978700	 0.018006	  0.00086740	  0.00019818	  0.00066922	  0.00019818	  0.00000000	  0.00019204
     -0.0000	    683.7571	 8.6961	 6.978701	 0.018006	  0.00039302	  0.00019818	  0.00019484	  0.00019818	  0.00000000	  0.00019204
     -0.0000	    683.7572	 8.6961	 6.978702	 0.018007	  0.00028711	  0.00019818	  0.00008893	  0.00019818	  0.00000000	  0.00019204
     -0.0000	    683.7572	 8.6961	 6.978703	 0.018007	  0.00058843	  0.00019818	  0.00039025	  0.00019818	  0.00000000	  0.00019204
     -0.0000	    683.7573	 8.6961	 6.978704	 0.018007	  0.00101957	  0.00019818	  0.00082139	  0.00019818	  0.00000000	  0.00019204
     -0.0000	    683.7574	 8.6961	 6.978706	 0.018007	  0.00015072	  0.00019818	 -0.00004746	  0.00019818	  0.00000000	  0.00019204
     -0.0000	    683.7575	 8.6961	 6.978708	 0.018007	  0.00037981	  0.00019818	  0.00018163	  0.00019818	  0.00000000	  0.00019204
     -0.0000	    683.7575	 8.6961	 6.978709	 0.018007	  0.00034995	  0.00019818	  0.00015177	  0.00019818	  0.00000000	  0.00019204
     -0.0000	    683.7576	 8.6961	 6.978710	 0.018007	  0.00019210	  0.00019818	 -0.00000608	  0.00019818	  0.00000000	  0.00019204
     -0.0000	    683.7577	 8.6961	 6.978712	 0.018007	  0.00062398	  0.00019818	  0.00042580	  0.00019818	  0.00000000	  0.00019204
     -0.0000	    683.7578	 8.6961	 6.978713	 0.018007	  0.00016812	  0.00019818	 -0.00003006	  0.00019818	  0.00000000	  0.00019204
     -0.0000	    683.7579	 8.6961	 6.978715	 0.018007	  0.00088748	  0.00019818	  0.00068931	  0.00019818	  0.00000000	  0.00019204
     -0.0000	    683.7580	 8.6961	 6.978716	 0.018007	  0.00048632	  0.00019818	  0.00028814	  0.00019818	  0.00000000	  0.00019204
     -0.0000	    683.7580	 8.6961	 6.978717	 0.018007	  0.00038909	  0.00019818	  0.00019092	  0.00019818	  0.00000000	  0.00019204
     -0.0000	    683.7581	 8.6962	 6.978718	 0.018007	  0.00024124	  0.00019818	  0.00004306	  0.00019818	  0.00000000	  0.00019204
     -0.0000	    683.7582	 8.6962	 6.978720	 0.018007	  0.00041214	  0.00019818	  0.00021396	  0.00019818	  0.00000000	  0.00019204
     -0.0000	    683.7582	 8.6962	 6.978721	 0.018007	  0.00012260	  0.00019818	 -0.00007558	  0.00019818	  0.00000000	  0.00019204
     -0.0000	    683.7584	 8.6962	 6.978724	 0.018007	  0.00060904	  0.00019818	  0.00041087	  0.00019818	  0.00000000	  0.00019204
     -0.0000	    683.7584	 8.6962	 6.978725	 0.018007	  0.00043088	  0.00019818	  0.00023270	  0.00019818	  0.00000000	  0.00019204
     -0.0000	    683.7586	 8.6962	 6.978727	 0.018007	  0.00078865	  0.00019817	  0.00059048	  0.00019817	  0.00000000	  0.00019204
     -0.0000	    683.7587	 8.6962	 6.978729	 0.018007	  0.00041086	  0.00019817	  0.00021269	  0.00019817	  0.00000000	  0.00019204
     -0.0000	    683.7588	 8.6962	 6.978732	 0.018007	  0.00022837	  0.00019817	  0.00003020	  0.00019817	  0.00000000	  0.00019204
     -0.0000	    683.7589	 8.6962	 6.978733	 0.018007	  0.00052973	  0.00019817	  0.00033156	  0.00019817	  0.00000000	  0.00019204
     -0.0000	    683.7590	 8.6962	 6.978735	 0.018007	  0.00047576	  0.00019817	  0.00027758	  0.00019817	  0.00000000	  0.00019204
     -0.0000	    683.7592	 8.6962	 6.978738	 0.018007	  0.00017856	  0.00019817	 -0.00001961	  0.00019817	  0.00000000	  0.00019204
     -0.0000	    683.7592	 8.6962	 6.978739	 0.018007	  0.00072550	  0.00019817	  0.00052733	  0.00019817	  0.00000000	  0.00019204
     -0.0000	    683.7594	 8.6962	 6.978741	 0.018007	  0.00015394	  0.00019817	 -0.00004423	  0.00019817	  0.00000000	  0.00019204
     -0.0000	    683.7595	 8.6962	 6.978744	 0.018007	  0.00078613	  0.00019817	  0.00058796	  0.00019817	  0.00000000	  0.00019204
     -0.0000	    683.7596	 8.6962	 6.978746	 0.018007	  0.00015451	  0.00019817	 -0.00004366	  0.00019817	  0.00000000	  0.00019204
     -0.0000	    683.7597	 8.6962	 6.978748	 0.018007	  0.00063759	  0.00019817	  0.00043943	  0.00019817	  0.00000000	  0.00019203
     -0.0000	    683.7598	 8.6962	 6.978750	 0.018007	  0.00025865	  0.00019817	  0.00006048	  0.00019817	  0.00000000	  0.00019203
     -0.0000	    683.7599	 8.6962	 6.978751	 0.018007	  0.00067637	  0.00019817	  0.00047820	  0.00019817	  0.00000000	  0.00019203
     -0.0000	    683.7600	 8.6962	 6.978753	 0.018007	  0.00039742	  0.00019817	  0.00019925	  0.00019817	  0.00000000	  0.00019203
     -0.0000	    683.7602	 8.6962	 6.978756	 0.018007	  0.00046485	  0.00019817	  0.00026668	  0.00019817	  0.00000000	  0.00019203
     -0.0000	    683.7603	 8.6962	 6.978759	 0.018007	  0.00044077	  0.00019817	  0.00024261	  0.00019817	  0.00000000	  0.00019203
     -0.0000	    683.7605	 8.6962	 6.978762	 0.018007	  0.00041128	  0.00019817	  0.00021311	  0.00019817	  0.00000000	  0.00019203
     -0.0000	    683.7606	 8.6962	 6.978764	 0.018007	  0.00030396	  0.00019817	  0.00010579	  0.00019817	  0.00000000	  0.00019203
     -0.0000	    683.7607	 8.6962	 6.978766	 0.018007	  0.00053436	  0.00019817	  0.00033620	  0.00019817	  0.00000000	  0.00019203
     -0.0000	    683.7609	 8.6962	 6.978770	 0.018007	  0.00037687	  0.00019816	  0.00017870	  0.00019816	  0.00000000	  0.00019203
     -0.0000	    683.7610	 8.6962	 6.978772	 0.018007	  0.00039683	  0.00019816	  0.00019866	  0.00019816	  0.00000000	  0.00019203
     -0.0000	    683.7611	 8.6962	 6.978774	 0.018007	  0.00013370	  0.00019816	 -0.00006447	  0.00019816	  0.00000000	  0.00019203
     -0.0000	    683.7613	 8.6962	 6.978775	 0.018007	  0.00076176	  0.00019816	  0.00056359	  0.00019816	  0.00000000	  0.00019203
     -0.0000	    683.7613	 8.6962	 6.978777	 0.018007	  0.00043116	  0.00019816	  0.00023300	  0.00019816	  0.00000000	  0.00019203
     -0.0000	    683.7615	 8.6962	 6.978779	 0.018007	  0.00051734	  0.00019816	  0.00031918	  0.00019816	  0.00000000	  0.00019203
     -0.0000	    683.7616	 8.6962	 6.978781	 0.018007	  0.00024957	  0.00019816	  0.00005141	  0.00019816	  0.00000000	  0.00019203
     -0.0000	    683.7617	 8.6962	 6.978783	 0.018007	  0.00019353	  0.00019816	 -0.00000463	  0.00019816	  0.00000000	  0.00019203
     -0.0000	    683.7618	 8.6962	 6.978785	 0.018007	  0.00038475	  0.00019816	  0.00018659	  0.00019816	  0.00000000	  0.00019203
     -0.0000	    683.7619	 8.6962	 6.978787	 0.018007	  0.00021503	  0.00019816	  0.00001687	  0.00019816	  0.00000000	  0.00019203
     -0.0000	    683.7620	 8.6962	 6.978789	 0.018008	  0.00058386	  0.00019816	  0.00038570	  0.00019816	  0.00000000	  0.00019203
     -0.0000	    683.7621	 8.6962	 6.978790	 0.018008	  0.00035599	  0.00019816	  0.00015783	  0.00019816	  0.00000000	  0.00019203
     -0.0000	    683.7622	 8.6962	 6.978793	 0.018008	  0.00037046	  0.00019816	  0.00017230	  0.00019816	  0.00000000	  0.00019203
     -0.0000	    683.7624	 8.6962	 6.978795	 0.018008	  0.00039904	  0.00019816	  0.00020088	  0.00019816	  0.00000000	  0.00019203
     -0.0000	    683.7625	 8.6962	 6.978798	 0.018008	  0.00042852	  0.00019816	  0.00023036	  0.00019816	  0.00000000	  0.00019203
     -0.0000	    683.7626	 8.6962	 6.978800	 0.018008	  0.00045532	  0.00019816	  0.00025716	  0.00019816	  0.00000000	  0.00019203
     -0.0000	    683.7627	 8.6962	 6.978802	 0.018008	  0.00032444	  0.00019816	  0.00012628	  0.00019816	  0.00000000	  0.00019203
     -0.0000	    683.7629	 8.6963	 6.978805	 0.018008	  0.00041055	  0.00019816	  0.00021240	  0.00019816	  0.00000000	  0.00019203
     -0.0000	    683.7630	 8.6963	 6.978807	 0.018008	  0.00040424	  0.00019816	  0.00020609	  0.00019816	  0.00000000	  0.00019203
     -0.0000	    683.7631	 8.6963	 6.978809	 0.018008	  0.00044730	  0.00019815	  0.00024914	  0.00019815	  0.00000000	  0.00019203
     -0.0000	    683.7633	 8.6963	 6.978812	 0.018008	  0.00040793	  0.00019815	  0.00020978	  0.00019815	  0.00000000	  0.00019203
     -0.0000	    683.7634	 8.6963	 6.978814	 0.018008	  0.00046824	  0.00019815	  0.00027009	  0.00019815	  0.00000000	  0.00019203
     -0.0000	    683.7635	 8.6963	 6.978816	 0.018008	  0.00034659	  0.00019815	  0.00014843	  0.00019815	  0.00000000	  0.00019203
     -0.0000	    683.7636	 8.6963	 6.978818	 0.018008	  0.00038412	  0.00019815	  0.00018597	  0.00019815	  0.00000000	  0.00019203
     -0.0000	    683.7638	 8.6963	 6.978820	 0.018008	  0.00041217	  0.00019815	  0.00021402	  0.00019815	  0.00000000	  0.00019203
     -0.0000	    683.7639	 8.6963	 6.978823	 0.018008	  0.00039178	  0.00019815	  0.00019363	  0.00019815	  0.00000000	  0.00019203
     -0.0000	    683.7640	 8.6963	 6.978825	 0.018008	  0.00037569	  0.00019815	  0.00017754	  0.00019815	  0.00000000	  0.00019203
     -0.0000	    683.7641	 8.6963	 6.978827	 0.018008	  0.00045806	  0.00019815	  0.00025991	  0.00019815	  0.00000000	  0.00019203
     -0.0000	    683.7642	 8.6963	 6.978829	 0.018008	  0.00052728	  0.00019815	  0.00032913	  0.00019815	  0.00000000	  0.00019203
     -0.0000	    683.7643	 8.6963	 6.978831	 0.018008	  0.00049681	  0.00019815	  0.00029866	  0.00019815	  0.00000000	  0.00019203
     -0.0000	    683.7644	 8.6963	 6.978833	 0.018008	  0.00033008	  0.00019815	  0.00013193	  0.00019815	  0.00000000	  0.00019202
     -0.0000	    683.7645	 8.6963	 6.978834	 0.018008	  0.00028679	  0.00019815	  0.00008864	  0.00019815	  0.00000000	  0.00019202
     -0.0000	    683.7646	 8.6963	 6.978836	 0.018008	  0.00035877	  0.00019815	  0.00016063	  0.00019815	  0.00000000	  0.00019202
     -0.0000	    683.7647	 8.6963	 6.978837	 0.018008	  0.00036259	  0.00019815	  0.00016445	  0.00019815	  0.00000000	  0.00019202
     -0.0000	    683.7648	 8.6963	 6.978840	 0.018008	  0.00073147	  0.00019815	  0.00053332	  0.00019815	  0.00000000	  0.00019202
     -0.0000	    683.7649	 8.6963	 6.978842	 0.018008	  0.00032177	  0.00019815	  0.00012363	  0.00019815	  0.00000000	  0.00019202
     -0.0000	    683.7650	 8.6963	 6.978844	 0.018008	  0.00034154	  0.00019815	  0.00014339	  0.00019815	  0.00000000	  0.00019202
     -0.0000	    683.7652	 8.6963	 6.978846	 0.018008	  0.00049944	  0.00019815	  0.00030130	  0.00019815	  0.00000000	  0.00019202
     -0.0000	    683.7653	 8.6963	 6.978848	 0.018008	  0.00036265	  0.00019815	  0.00016451	  0.00019815	  0.00000000	  0.00019202
     -0.0000	    683.7654	 8.6963	 6.978849	 0.018008	  0.00023296	  0.00019814	  0.00003481	  0.00019814	  0.00000000	  0.00019202
     -0.0000	    683.7654	 8.6963	 6.978851	 0.018008	  0.00032831	  0.00019814	  0.00013016	  0.00019814	  0.00000000	  0.00019202
     -0.0000	    683.7655	 8.6963	 6.978853	 0.018008	  0.00043522	  0.00019814	  0.00023708	  0.00019814	  0.00000000	  0.00019202
     -0.0000	    683.7656	 8.6963	 6.978854	 0.018008	  0.00042231	  0.00019814	  0.00022417	  0.00019814	  0.00000000	  0.00019202
     -0.0000	    683.7657	 8.6963	 6.978855	 0.018008	  0.00045168	  0.00019814	  0.00025354	  0.00019814	  0.00000000	  0.00019202
     -0.0000	    683.7658	 8.6963	 6.978858	 0.018008	  0.00047033	  0.00019814	  0.00027219	  0.00019814	  0.00000000	  0.00019202
     -0.0000	    683.7659	 8.6963	 6.978858	 0.018008	  0.00050742	  0.00019814	  0.00030928	  0.00019814	  0.00000000	  0.00019202
     -0.0000	    683.7659	 8.6963	 6.978860	 0.018008	  0.00062753	  0.00019814	  0.00042939	  0.00019814	  0.00000000	  0.00019202
     -0.0000	    683.7660	 8.6963	 6.978861	 0.018008	  0.00032153	  0.00019814	  0.00012339	  0.00019814	  0.00000000	  0.00019202
     -0.0000	    683.7661	 8.6963	 6.978862	 0.018008	  0.00040934	  0.00019814	  0.00021119	  0.00019814	  0.00000000	  0.00019202
     -0.0000	    683.7662	 8.6963	 6.978864	 0.018008	  0.00039077	  0.00019814	  0.00019262	  0.00019814	  0.00000000	  0.00019202
     -0.0000	    683.7663	 8.6963	 6.978866	 0.018008	  0.00045545	  0.00019814	  0.00025731	  0.00019814	  0.00000000	  0.00019202
     -0.0000	    683.7663	 8.6963	 6.978867	 0.018008	  0.00042992	  0.00019814	  0.00023178	  0.00019814	  0.00000000	  0.00019202
     -0.0000	    683.7664	 8.6963	 6.978868	 0.018008	  0.00039243	  0.00019814	  0.00019429	  0.00019814	  0.00000000	  0.00019202
     -0.0000	    683.7665	 8.6963	 6.978869	 0.018008	  0.00061756	  0.00019814	  0.00041942	  0.00019814	  0.00000000	  0.00019202
     -0.0000	    683.7666	 8.6963	 6.978871	 0.018008	  0.00030950	  0.00019814	  0.00011136	  0.00019814	  0.00000000	  0.00019202
     -0.0000	    683.7666	 8.6963	 6.978873	 0.018008	  0.00043425	  0.00019814	  0.00023611	  0.00019814	  0.00000000	  0.00019202
     -0.0000	    683.7667	 8.6963	 6.978873	 0.018008	  0.00035229	  0.00019814	  0.00015415	  0.00019814	  0.00000000	  0.00019202
     -0.0000	    683.7668	 8.6963	 6.978875	 0.018008	  0.00064962	  0.00019814	  0.00045148	  0.00019814	  0.00000000	  0.00019202
     -0.0000	    683.7668	 8.6963	 6.978876	 0.018008	  0.00031107	  0.00019814	  0.00011293	  0.00019814	  0.00000000	  0.00019202
     -0.0000	    683.7669	 8.6963	 6.978877	 0.018009	  0.00047305	  0.00019814	  0.00027491	  0.00019814	  0.00000000	  0.00019202
     -0.0000	    683.7670	 8.6963	 6.978879	 0.018009	  0.00034646	  0.00019814	  0.00014832	  0.00019814	  0.00000000	  0.00019202
     -0.0000	    683.7671	 8.6963	 6.978880	 0.018009	  0.00044879	  0.00019814	  0.00025066	  0.00019814	  0.00000000	  0.00019202
     -0.0000	    683.7672	 8.6963	 6.978882	 0.018009	  0.00041726	  0.00019814	  0.00021913	  0.00019814	  0.00000000	  0.00019202
     -0.0000	    683.7672	 8.6963	 6.978883	 0.018009	  0.00026831	  0.00019814	  0.00007018	  0.00019814	  0.00000000	  0.00019202
     -0.0000	    683.7673	 8.6963	 6.978885	 0.018009	  0.00053103	  0.00019814	  0.00033289	  0.00019814	  0.00000000	  0.00019202
     -0.0000	    683.7674	 8.6963	 6.978886	 0.018009	  0.00026389	  0.00019814	  0.00006575	  0.00019814	  0.00000000	  0.00019202
     -0.0000	    683.7675	 8.6963	 6.978888	 0.018009	  0.00046555	  0.00019814	  0.00026742	  0.00019814	  0.00000000	  0.00019202
     -0.0000	    683.7676	 8.6963	 6.978890	 0.018009	  0.00039363	  0.00019814	  0.00019549	  0.00019814	  0.00000000	  0.00019202
     -0.0000	    683.7677	 8.6963	 6.978891	 0.018009	  0.00036389	  0.00019813	  0.00016576	  0.00019813	  0.00000000	  0.00019202
     -0.0000	    683.7677	 8.6963	 6.978892	 0.018009	  0.00046013	  0.00019813	  0.00026200	  0.00019813	  0.00000000	  0.00019202
     -0.0000	    683.7678	 8.6964	 6.978894	 0.018009	  0.00030758	  0.00019813	  0.00010945	  0.00019813	  0.00000000	  0.00019202
     -0.0000	    683.7679	 8.6964	 6.978895	 0.018009	  0.00042858	  0.00019813	  0.00023044	  0.00019813	  0.00000000	  0.00019202
     -0.0000	    683.7680	 8.6964	 6.978897	 0.018009	  0.00054056	  0.00019813	  0.00034243	  0.00019813	  0.00000000	  0.00019202
     -0.0000	    683.7681	 8.6964	 6.978899	 0.018009	  0.00065726	  0.00019813	  0.00045913	  0.00019813	  0.00000000	  0.00019202
     -0.0000	    683.7681	 8.6964	 6.978899	 0.018009	  0.00045316	  0.00019813	  0.00025502	  0.00019813	  0.00000000	  0.00019202
     -0.0000	    683.7682	 8.6964	 6.978900	 0.018009	  0.00026979	  0.00019813	  0.00007166	  0.00019813	  0.00000000	  0.00019202
     -0.0000	    683.7683	 8.6964	 6.978902	 0.018009	  0.00052092	  0.00019813	  0.00032279	  0.00019813	  0.00000000	  0.00019202
     -0.0000	    683.7683	 8.6964	 6.978902	 0.018009	  0.00019701	  0.00019813	 -0.00000112	  0.00019813	  0.00000000	  0.00019202
     -0.0000	    683.7684	 8.6964	 6.978904	 0.018009	  0.00048919	  0.00019813	  0.00029106	  0.00019813	  0.00000000	  0.00019202
     -0.0000	    683.7685	 8.6964	 6.978906	 0.018009	  0.00057784	  0.00019813	  0.00037971	  0.00019813	  0.00000000	  0.00019202
     -0.0000	    683.7685	 8.6964	 6.978907	 0.018009	  0.00049254	  0.00019813	  0.00029441	  0.00019813	  0.00000000	  0.00019202
     -0.0000	    683.7686	 8.6964	 6.978908	 0.018009	  0.00056048	  0.00019813	  0.00036235	  0.00019813	  0.00000000	  0.00019202
     -0.0000	    683.7687	 8.6964	 6.978909	 0.018009	  0.00018122	  0.00019813	 -0.00001691	  0.00019813	  0.00000000	  0.00019202
     -0.0000	    683.7687	 8.6964	 6.978910	 0.018009	  0.00114346	  0.00019813	  0.00094533	  0.00019813	  0.00000000	  0.00019202
     -0.0000	    683.7688	 8.6964	 6.978912	 0.018009	  0.00042466	  0.00019813	  0.00022653	  0.00019813	  0.00000000	  0.00019202
     -0.0000	    683.7689	 8.6964	 6.978913	 0.018009	  0.00038208	  0.00019813	  0.00018395	  0.00019813	  0.00000000	  0.00019202
     -0.0000	    683.7690	 8.6964	 6.978914	 0.018009	  0.00041021	  0.00019813	  0.00021208	  0.00019813	  0.00000000	  0.00019202
     -0.0000	    683.7691	 8.6964	 6.978916	 0.018009	  0.00037641	  0.00019813	  0.00017829	  0.00019813	  0.00000000	  0.00019202
     -0.0000	    683.7691	 8.6964	 6.978917	 0.018009	  0.00039306	  0.00019813	  0.00019494	  0.00019813	  0.00000000	  0.00019201
     -0.0000	    683.7692	 8.6964	 6.978918	 0.018009	  0.00040311	  0.00019813	  0.00020498	  0.00019813	  0.00000000	  0.00019201
     -0.0000	    683.7693	 8.6964	 6.978919	 0.018009	  0.00027477	  0.00019813	  0.00007664	  0.00019813	  0.00000000	  0.00019201
     -0.0000	    683.7693	 8.6964	 6.978921	 0.018009	  0.00050272	  0.00019813	  0.00030459	  0.00019813	  0.00000000	  0.00019201
     -0.0000	    683.7694	 8.6964	 6.978922	 0.018009	  0.00034212	  0.00019813	  0.00014399	  0.00019813	  0.00000000	  0.00019201
     -0.0000	    683.7695	 8.6964	 6.978923	 0.018009	  0.00037738	  0.00019813	  0.00017926	  0.00019813	  0.00000000	  0.00019201
     -0.0000	    683.7695	 8.6964	 6.978925	 0.018009	  0.00051005	  0.00019813	  0.00031192	  0.00019813	  0.00000000	  0.00019201
     -0.0000	    683.7696	 8.6964	 6.978926	 0.018009	  0.00037292	  0.00019813	  0.00017480	  0.00019813	  0.00000000	  0.00019201
     -0.0000	    683.7697	 8.6964	 6.978927	 0.018009	  0.00024363	  0.00019813	  0.00004550	  0.00019813	  0.00000000	  0.00019201
      0.0000	    683.7697	 0.0000	 6.978927	 0.018009	  0.00000000	  0.00019813	 -0.00019813	  0.00019813	  0.00000000	  0.00019201
      0.0000	    685.3765	 0.0000	 7.007612	 0.017696	  0.00000000	  0.00019130	 -0.00019130	  0.00019130	  0.00000000	  0.00018863
      0.0000	    687.0118	 0.0000	 7.036297	 0.017389	  0.00000000	  0.00018471	 -0.00018471	  0.00018471	  0.00000000	  0.00018525
      0.0000	    688.6759	 0.0000	 7.064982	 0.017087	  0.00000000	  0.00017835	 -0.00017835	  0.00017835	  0.00000000	  0.00018188
      0.0000	    690.3695	 0.0000	 7.093667	 0.016790	  0.00000000	  0.00017221	 -0.00017221	  0.00017221	  0.00000000	  0.00017851
      0.0000	    692.0930	 0.0000	 7.122352	 0.016498	  0.00000000	  0.00016628	 -0.00016628	  0.00016628	  0.00000000	  0.00017514
      0.0000	    693.8470	 0.0000	 7.151037	 0.016212	  0.00000000	  0.00016055	 -0.00016055	  0.00016055	  0.00000000	  0.00017177
      0.0000	    695.6320	 0.0000	 7.179723	 0.015930	  0.00000000	  0.00015502	 -0.00015502	  0.00015502	  0.00000000	  0.00016842
      0.0000	    697.4486	 0.0000	 7.208408	 0.015653	  0.00000000	  0.00014968	 -0.00014968	  0.00014968	  0.00000000	  0.00016507
      0.0000	    699.2972	 0.0000	 7.237093	 0.015382	  0.00000000	  0.00014453	 -0.00014453	  0.00014453	  0.00000000	  0.00016173
      0.0000	    701.1786	 0.0000	 7.265778	 0.015114	  0.00000000	  0.00013955	 -0.00013955	  0.00013955	  0.00000000	  0.00015840
      0.0000	    703.0932	 0.0000	 7.294463	 0.014852	  0.00000000	  0.00013475	 -0.00013475	  0.00013475	  0.00000000	  0.00015509
      0.0000	    705.0416	 0.0000	 7.323148	 0.014594	  0.00000000	  0.00013011	 -0.00013011	  0.00013011	  0.00000000	  0.00015178
      0.0000	    707.0245	 0.0000	 7.351833	 0.014340	  0.00000000	  0.00012562	 -0.00012562	  0.00012562	  0.00000000	  0.00014849
      0.0000	    709.0424	 0.0000	 7.380518	 0.014091	  0.00000000	  0.00012130	 -0.00012130	  0.00012130	  0.00000000	  0.00014522
      0.0000	    711.0960	 0.0000	 7.409204	 0.013846	  0.00000000	  0.00011712	 -0.00011712	  0.00011712	  0.00000000	  0.00014196
      0.0000	    713.1860	 0.0000	 7.437889	 0.013606	  0.00000000	  0.00011309	 -0.00011309	  0.00011309	  0.00000000	  0.00013871
      0.0000	    715.3128	 0.0000	 7.466574	 0.013370	  0.00000000	  0.00010919	 -0.00010919	  0.00010919	  0.00000000	  0.00013549
      0.0000	    717.4773	 0.0000	 7.495259	 0.013137	  0.00000000	  0.00010543	 -0.00010543	  0.00010543	  0.00000000	  0.00013229
      0.0000	    719.6800	 0.0000	 7.523944	 0.012909	  0.00000000	  0.00010180	 -0.00010180	  0.00010180	  0.00000000	  0.00012911
      0.0000	    721.9217	 0.0000	 7.552629	 0.012685	  0.00000000	  0.00009830	 -0.00009830	  0.00009830	  0.00000000	  0.00012595
      0.0000	    724.2030	 0.0000	 7.581314	 0.012465	  0.00000000	  0.00009491	 -0.00009491	  0.00009491	  0.00000000	  0.00012281
      0.0000	    726.5246	 0.0000	 7.609999	 0.012248	  0.00000000	  0.00009164	 -0.00009164	  0.00009164	  0.00000000	  0.00011970
      0.0000	    728.8872	 0.0000	 7.638685	 0.012035	  0.00000000	  0.00008849	 -0.00008849	  0.00008849	  0.00000000	  0.00011661
      0.0000	    731.2917	 0.0000	 7.667370	 0.011826	  0.00000000	  0.00008544	 -0.00008544	  0.00008544	  0.00000000	  0.00011356
      0.0000	    733.7386	 0.0000	 7.696055	 0.011621	  0.00000000	  0.00008250	 -0.00008250	  0.00008250	  0.00000000	  0.00011053
      0.0000	    736.2288	 0.0000	 7.724740	 0.011419	  0.00000000	  0.00007965	 -0.00007965	  0.00007965	  0.00000000	  0.00010752
      0.0000	    738.7630	 0.0000	 7.753425	 0.011221	  0.00000000	  0.00007691	 -0.00007691	  0.00007691	  0.00000000	  0.00010455
      0.0000	    741.3420	 0.0000	 7.782110	 0.011026	  0.00000000	  0.00007426	 -0.00007426	  0.00007426	  0.00000000	  0.00010162
      0.0000	    743.9666	 0.0000	 7.810795	 0.010834	  0.00000000	  0.00007170	 -0.00007170	  0.00007170	  0.00000000	  0.00009871
      0.0000	    746.6376	 0.0000	 7.839480	 0.010646	  0.00000000	  0.00006924	 -0.00006924	  0.00006924	  0.00000000	  0.00009584
      0.0000	    749.3558	 0.0000	 7.868166	 0.010461	  0.00000000	  0.00006685	 -0.00006685	  0.00006685	  0.00000000	  0.00009300
      0.0000	    752.1220	 0.0000	 7.896851	 0.010279	  0.00000000	  0.00006455	 -0.00006455	  0.00006455	  0.00000000	  0.00009020
      0.0000	    754.9372	 0.0000	 7.925536	 0.010101	  0.00000000	  0.00006233	 -0.00006233	  0.00006233	  0.00000000	  0.00008744
      0.0000	    757.8021	 0.0000	 7.954221	 0.009925	  0.00000000	  0.00006018	 -0.00006018	  0.00006018	  0.00000000	  0.00008471
      0.0000	    760.7177	 0.0000	 7.982906	 0.009753	  0.00000000	  0.00005811	 -0.00005811	  0.00005811	  0.00000000	  0.00008203
      0.0000	    763.6848	 0.0000	 8.011591	 0.009583	  0.00000000	  0.00005611	 -0.00005611	  0.00005611	  0.00000000	  0.00007938
      0.0000	    766.7044	 0.0000	 8.040276	 0.009417	  0.00000000	  0.00005417	 -0.00005417	  0.00005417	  0.00000000	  0.00007677
      0.0000	    769.7773	 0.0000	 8.068961	 0.009253	  0.00000000	  0.00005231	 -0.00005231	  0.00005231	  0.00000000	  0.00007421
      0.0000	    772.9046	 0.0000	 8.097647	 0.009093	  0.00000000	  0.00005051	 -0.00005051	  0.00005051	  0.00000000	  0.00007169
      0.0000	    776.0871	 0.0000	 8.126332	 0.008935	  0.00000000	  0.00004877	 -0.00004877	  0.00004877	  0.00000000	  0.00006921
      0.0000	    779.3259	 0.0000	 8.155017	 0.008780	  0.00000000	  0.00004709	 -0.00004709	  0.00004709	  0.00000000	  0.00006678
      0.0000	    782.6220	 0.0000	 8.183702	 0.008627	  0.00000000	  0.00004547	 -0.00004547	  0.00004547	  0.00000000	  0.00006439
      0.0000	    785.9763	 0.0000	 8.212387	 0.008477	  0.00000000	  0.00004390	 -0.00004390	  0.00004390	  0.00000000	  0.00006204
      0.0000	    789.3899	 0.0000	 8.241072	 0.008330	  0.00000000	  0.00004239	 -0.00004239	  0.00004239	  0.00000000	  0.00005975
      0.0000	    792.8639	 0.0000	 8.269757	 0.008185	  0.00000000	  0.00004093	 -0.00004093	  0.00004093	  0.00000000	  0.00005750
      0.0000	    796.3993	 0.0000	 8.298442	 0.008043	  0.00000000	  0.00003952	 -0.00003952	  0.00003952	  0.00000000	  0.00005529
      0.0000	    799.9972	 0.0000	 8.327128	 0.007903	  0.00000000	  0.00003816	 -0.00003816	  0.00003816	  0.00000000	  0.00005314
      0.0000	    803.6586	 0.0000	 8.355813	 0.007766	  0.00000000	  0.00003684	 -0.00003684	  0.00003684	  0.00000000	  0.00005103
      0.0000	    807.3849	 0.0000	 8.384498	 0.007631	  0.00000000	  0.00003557	 -0.00003557	  0.00003557	  0.00000000	  0.00004897
      0.0000	    811.1769	 0.0000	 8.413183	 0.007499	  0.00000000	  0.00003435	 -0.00003435	  0.00003435	  0.00000000	  0.00004696
      0.0000	    815.0361	 0.0000	 8.441868	 0.007368	  0.00000000	  0.00003317	 -0.00003317	  0.00003317	  0.00000000	  0.00004500
      0.0000	    818.9634	 0.0000	 8.470553	 0.007240	  0.00000000	  0.00003202	 -0.00003202	  0.00003202	  0.00000000	  0.00004309
      0.0000	    822.9601	 0.0000	 8.499238	 0.007115	  0.00000000	  0.00003092	 -0.00003092	  0.00003092	  0.00000000	  0.00004123
      0.0000	    827.0276	 0.0000	 8.527923	 0.006991	  0.00000000	  0.00002986	 -0.00002986	  0.00002986	  0.00000000	  0.00003941
      0.0000	    831.1669	 0.0000	 8.556609	 0.006870	  0.00000000	  0.00002883	 -0.00002883	  0.00002883	  0.00000000	  0.00003765
      0.0000	    835.3794	 0.0000	 8.585294	 0.006750	  0.00000000	  0.00002784	 -0.00002784	  0.00002784	  0.00000000	  0.00003594
      0.0000	    839.6663	 0.0000	 8.613979	 0.006633	  0.00000000	  0.00002688	 -0.00002688	  0.00002688	  0.00000000	  0.00003427
      0.0000	    844.0291	 0.0000	 8.642664	 0.006518	  0.00000000	  0.00002595	 -0.00002595	  0.00002595	  0.00000000	  0.00003266
      0.0000	    848.4689	 0.0000	 8.671349	 0.006405	  0.00000000	  0.00002506	 -0.00002506	  0.00002506	  0.00000000	  0.00003110
      0.0000	    852.9873	 0.0000	 8.700034	 0.006293	  0.00000000	  0.00002419	 -0.00002419	  0.00002419	  0.00000000	  0.00002958
      0.0000	    857.5855	 0.0000	 8.728719	 0.006184	  0.00000000	  0.00002336	 -0.00002336	  0.00002336	  0.00000000	  0.00002812
      0.0000	    862.2650	 0.0000	 8.757404	 0.006077	  0.00000000	  0.00002256	 -0.00002256	  0.00002256	  0.00000000	  0.00002670
      0.0000	    867.0272	 0.0000	 8.786090	 0.005971	  0.00000000	  0.00002178	 -0.00002178	  0.00002178	  0.00000000	  0.00002533
      0.0000	    871.8737	 0.0000	 8.814775	 0.005867	  0.00000000	  0.00002103	 -0.00002103	  0.00002103	  0.00000000	  0.00002401
      0.0000	    876.8057	 0.0000	 8.843460	 0.005765	  0.00000000	  0.00002031	 -0.00002031	  0.00002031	  0.00000000	  0.00002273
      0.0000	    881.8250	 0.0000	 8.872145	 0.005665	  0.00000000	  0.00001961	 -0.00001961	  0.00001961	  0.00000000	  0.00002151
      0.0000	    886.9330	 0.0000	 8.900830	 0.005567	  0.00000000	  0.00001893	 -0.00001893	  0.00001893	  0.00000000	  0.00002033
      0.0000	    892.1313	 0.0000	 8.929515	 0.005470	  0.00000000	  0.00001828	 -0.00001828	  0.00001828	  0.00000000	  0.00001919
      0.0000	    897.4215	 0.0000	 8.958200	 0.005375	  0.00000000	  0.00001765	 -0.00001765	  0.00001765	  0.00000000	  0.00001810
      0.0000	    902.8053	 0.0000	 8.986885	 0.005282	  0.00000000	  0.00001704	 -0.00001704	  0.00001704	  0.00000000	  0.00001706
      0.0000	    908.2841	 0.0000	 9.015571	 0.005190	  0.00000000	  0.00001645	 -0.00001645	  0.00001645	  0.00000000	  0.00001605
      0.0000	    913.8599	 0.0000	 9.044256	 0.005100	  0.00000000	  0.00001589	 -0.00001589	  0.00001589	  0.00000000	  0.00001509
      0.0000	    919.5342	 0.0000	 9.072941	 0.005011	  0.00000000	  0.00001534	 -0.00001534	  0.00001534	  0.00000000	  0.00001418
      0.0000	    925.3088	 0.0000	 9.101626	 0.004924	  0.00000000	  0.00001481	 -0.00001481	  0.00001481	  0.00000000	  0.00001330
      0.0000	    931.1855	 0.0000	 9.130311	 0.004839	  0.00000000	  0.00001430	 -0.00001430	  0.00001430	  0.00000000	  0.00001246
      0.0000	    937.1661	 0.0000	 9.158996	 0.004755	  0.00000000	  0.00001381	 -0.00001381	  0.00001381	  0.00000000	  0.00001167
      0.0000	    943.2524	 0.0000	 9.187681	 0.004672	  0.00000000	  0.00001333	 -0.00001333	  0.00001333	  0.00000000	  0.00001091
      0.0000	    949.4463	 0.0000	 9.216366	 0.004591	  0.00000000	  0.00001287	 -0.00001287	  0.00001287	  0.00000000	  0.00001019
      0.0000	    955.7497	 0.0000	 9.245052	 0.004511	  0.00000000	  0.00001243	 -0.00001243	  0.00001243	  0.00000000	  0.00000950
      0.0000	    962.1645	 0.0000	 9.273737	 0.004433	  0.00000000	  0.00001200	 -0.00001200	  0.00001200	  0.00000000	  0.00000885
      0.0000	    968.6927	 0.0000	 9.302422	 0.004356	  0.00000000	  0.00001159	 -0.00001159	  0.00001159	  0.00000000	  0.00000823
      0.0000	    975.3364	 0.0000	 9.331107	 0.004280	  0.00000000	  0.00001119	 -0.00001119	  0.00001119	  0.00000000	  0.00000765
      0.0000	    982.0974	 0.0000	 9.359792	 0.004206	  0.00000000	  0.00001081	 -0.00001081	  0.00001081	  0.00000000	  0.00000710
      0.0000	    988.9780	 0.0000	 9.388477	 0.004133	  0.00000000	  0.00001043	 -0.00001043	  0.00001043	  0.00000000	  0.00000658
      0.0000	    995.9803	 0.0000	 9.417162	 0.004061	  0.00000000	  0.00001007	 -0.00001007	  0.00001007	  0.00000000	  0.00000609
      0.0000	   1003.1063	 0.0000	 9.445847	 0.003990	  0.00000000	  0.00000973	 -0.00000973	  0.00000973	  0.00000000	  0.00000563
      0.0000	   1010.3582	 0.0000	 9.474533	 0.003921	  0.00000000	  0.00000939	 -0.00000939	  0.00000939	  0.00000000	  0.00000519
      0.0000	   1017.7384	 0.0000	 9.503218	 0.003853	  0.00000000	  0.00000907	 -0.00000907	  0.00000907	  0.00000000	  0.00000479
      0.0000	   1025.2491	 0.0000	 9.531903	 0.003786	  0.00000000	  0.00000876	 -0.00000876	  0.00000876	  0.00000000	  0.00000441
      0.0000	   1032.8925	 0.0000	 9.560588	 0.003720	  0.00000000	  0.00000845	 -0.00000845	  0.00000845	  0.00000000	  0.00000405
      0.0000	   1040.6710	 0.0000	 9.589273	 0.003656	  0.00000000	  0.00000816	 -0.00000816	  0.00000816	  0.00000000	  0.00000372
      0.0000	   1048.5870	 0.0000	 9.617958	 0.003592	  0.00000000	  0.00000788	 -0.00000788	  0.00000788	  0.00000000	  0.00000340
      0.0000	   1056.6430	 0.0000	 9.646643	 0.003530	  0.00000000	  0.00000761	 -0.00000761	  0.00000761	  0.00000000	  0.00000311
      0.0000	   1064.8414	 0.0000	 9.675328	 0.003468	  0.00000000	  0.00000735	 -0.00000735	  0.00000735	  0.00000000	  0.00000284
      0.0000	   1073.1847	 0.0000	 9.704014	 0.003408	  0.00000000	  0.00000710	 -0.00000710	  0.00000710	  0.00000000	  0.00000259
      0.0000	   1081.6755	 0.0000	 9.732699	 0.003349	  0.00000000	  0.00000685	 -0.00000685	  0.00000685	  0.00000000	  0.00000236
      0.0000	   1090.3164	 0.0000	 9.761384	 0.003291	  0.00000000	  0.00000662	 -0.00000662	  0.00000662	  0.00000000	  0.00000215
      0.0000	   1099.1100	 0.0000	 9.790069	 0.003234	  0.00000000	  0.00000639	 -0.00000639	  0.00000639	  0.00000000	  0.00000195
      0.0000	   1108.0591	 0.0000	 9.818754	 0.003177	  0.00000000	  0.00000617	 -0.00000617	  0.00000617	  0.00000000	  0.00000176
      0.0000	   1117.1664	 0.0000	 9.847439	 0.003122	  0.00000000	  0.00000596	 -0.00000596	  0.00000596	  0.00000000	  0.00000160
      0.0000	   1126.4347	 0.0000	 9.876124	 0.003068	  0.00000000	  0.00000575	 -0.00000575	  0.00000575	  0.00000000	  0.00000144
      0.0000	   1135.8669	 0.0000	 9.904809	 0.003015	  0.00000000	  0.00000555	 -0.00000555	  0.00000555	  0.00000000	  0.00000130
      0.0000	   1145.4657	 0.0000	 9.933495	 0.002962	  0.00000000	  0.00000536	 -0.00000536	  0.00000536	  0.00000000	  0.00000117
      0.0000	   1155.2343	 0.0000	 9.962180	 0.002911	  0.00000000	  0.00000518	 -0.00000518	  0.00000518	  0.00000000	  0.00000105
      0.0000	   1165.1755	 0.0000	 9.990865	 0.002860	  0.00000000	  0.00000500	 -0.00000500	  0.00000500	  0.00000000	  0.00000094
      0.0000	   1175.2925	 0.0000	10.019550	 0.002811	  0.00000000	  0.00000483	 -0.00000483	  0.00000483	  0.00000000	  0.00000084
      0.0000	   1185.5884	 0.0000	10.048235	 0.002762	  0.00000000	  0.00000466	 -0.00000466	  0.00000466	  0.00000000	  0.00000075
      0.0000	   1196.0662	 0.0000	10.076920	 0.002714	  0.00000000	  0.00000450	 -0.00000450	  0.00000450	  0.00000000	  0.00000067
      0.0000	   1206.7293	 0.0000	10.105605	 0.002667	  0.00000000	  0.00000434	 -0.00000434	  0.00000434	  0.00000000	  0.00000059
      0.0000	   1217.5808	 0.0000	10.134290	 0.002620	  0.00000000	  0.00000419	 -0.00000419	  0.00000419	  0.00000000	  0.00000053
      0.0000	   1228.6242	 0.0000	10.162976	 0.002575	  0.00000000	  0.00000405	 -0.00000405	  0.00000405	  0.00000000	  0.00000047
      0.0000	   1239.8628	 0.0000	10.191661	 0.002530	  0.00000000	  0.00000391	 -0.00000391	  0.00000391	  0.00000000	  0.00000041
      0.0000	   1251.3001	 0.0000	10.220346	 0.002486	  0.00000000	  0.00000378	 -0.00000378	  0.00000378	  0.00000000	  0.00000036
      0.0000	   1262.9396	 0.0000	10.249031	 0.002443	  0.00000000	  0.00000365	 -0.00000365	  0.00000365	  0.00000000	  0.00000032
      0.0000	   1274.7848	 0.0000	10.277716	 0.002401	  0.00000000	  0.00000352	 -0.00000352	  0.00000352	  0.00000000	  0.00000028
      0.0000	   1286.8394	 0.0000	10.306401	 0.002359	  0.00000000	  0.00000340	 -0.00000340	  0.00000340	  0.00000000	  0.00000024
      0.0000	   1299.1071	 0.0000	10.335086	 0.002318	  0.00000000	  0.00000328	 -0.00000328	  0.00000328	  0.00000000	  0.00000021
      0.0000	   1311.5917	 0.0000	10.363771	 0.002278	  0.00000000	  0.00000317	 -0.00000317	  0.00000317	  0.00000000	  0.00000019
      0.0000	   1324.2970	 0.0000	10.392456	 0.002238	  0.00000000	  0.00000306	 -0.00000306	  0.00000306	  0.00000000	  0.00000016
      0.0000	   1337.2269	 0.0000	10.421142	 0.002199	  0.00000000	  0.00000295	 -0.00000295	  0.00000295	  0.00000000	  0.00000014
      0.0000	   1350.3853	 0.0000	10.449827	 0.002161	  0.00000000	  0.00000285	 -0.00000285	  0.00000285	  0.00000000	  0.00000012
      0.0000	   1363.7764	 0.0000	10.478512	 0.002123	  0.00000000	  0.00000275	 -0.00000275	  0.00000275	  0.00000000	  0.00000010
      0.0000	   1377.4042	 0.0000	10.507197	 0.002087	  0.00000000	  0.00000266	 -0.00000266	  0.00000266	  0.00000000	  0.00000009
      0.0000	   1391.2728	 0.0000	10.535882	 0.002050	  0.00000000	  0.00000257	 -0.00000257	  0.00000257	  0.00000000	  0.00000008
      0.0000	   1405.3867	 0.0000	10.564567	 0.002015	  0.00000000	  0.00000248	 -0.00000248	  0.00000248	  0.00000000	  0.00000007
      0.0000	   1419.7501	 0.0000	10.593252	 0.001980	  0.00000000	  0.00000239	 -0.00000239	  0.00000239	  0.00000000	  0.00000006
      0.0000	   1434.3673	 0.0000	10.621937	 0.001945	  0.00000000	  0.00000231	 -0.00000231	  0.00000231	  0.00000000	  0.00000005
      0.0000	   1449.2430	 0.0000	10.650623	 0.001912	  0.00000000	  0.00000223	 -0.00000223	  0.00000223	  0.00000000	  0.00000004
      0.0000	   1464.3816	 0.0000	10.679308	 0.001878	  0.00000000	  0.00000216	 -0.00000216	  0.00000216	  0.00000000	  0.00000003
      0.0000	   1479.7879	 0.0000	10.707993	 0.001846	  0.00000000	  0.00000208	 -0.00000208	  0.00000208	  0.00000000	  0.00000003
      0.0000	   1495.4665	 0.0000	10.736678	 0.001814	  0.00000000	  0.00000201	 -0.00000201	  0.00000201	  0.00000000	  0.00000002
      0.0000	   1511.4222	 0.0000	10.765363	 0.001782	  0.00000000	  0.00000194	 -0.00000194	  0.00000194	  0.00000000	  0.00000002
      0.0000	   1527.6601	 0.0000	10.794048	 0.001751	  0.00000000	  0.00000187	 -0.00000187	  0.00000187	  0.00000000	  0.00000002
      0.0000	   1544.1849	 0.0000	10.822733	 0.001721	  0.00000000	  0.00000181	 -0.00000181	  0.00000181	  0.00000000	  0.00000001
      0.0000	   1561.0019	 0.0000	10.851418	 0.001691	  0.00000000	  0.00000175	 -0.00000175	  0.00000175	  0.00000000	  0.00000001
      0.0000	   1578.1162	 0.0000	10.880104	 0.001661	  0.00000000	  0.00000169	 -0.00000169	  0.00000169	  0.00000000	  0.00000001
      0.0000	   1595.5330	 0.0000	10.908789	 0.001633	  0.00000000	  0.00000163	 -0.00000163	  0.00000163	  0.00000000	  0.00000001
      0.0000	   1613.2577	 0.0000	10.937474	 0.001604	  0.00000000	  0.00000157	 -0.00000157	  0.00000157	  0.00000000	  0.00000001
      0.0000	   1631.2957	 0.0000	10.966159	 0.001576	  0.00000000	  0.00000152	 -0.00000152	  0.00000152	  0.00000000	  0.00000001
      0.0000	   1649.6526	 0.0000	10.994844	 0.001549	  0.00000000	  0.00000147	 -0.00000147	  0.00000147	  0.00000000	  0.00000000
      0.0000	   1668.3340	 0.0000	11.023529	 0.001522	  0.00000000	  0.00000142	 -0.00000142	  0.00000142	  0.00000000	  0.00000000
      0.0000	   1687.3457	 0.0000	11.052214	 0.001496	  0.00000000	  0.00000137	 -0.00000137	  0.00000137	  0.00000000	  0.00000000
      0.0000	   1706.6934	 0.0000	11.080899	 0.001470	  0.00000000	  0.00000132	 -0.00000132	  0.00000132	  0.00000000	  0.00000000
      0.0000	   1726.3832	 0.0000	11.109585	 0.001444	  0.00000000	  0.00000127	 -0.00000127	  0.00000127	  0.00000000	  0.00000000
      0.0000	   1746.4210	 0.0000	11.138270	 0.001419	  0.00000000	  0.00000123	 -0.00000123	  0.00000123	  0.00000000	  0.00000000
      0.0000	   1766.8131	 0.0000	11.166955	 0.001394	  0.00000000	  0.00000119	 -0.00000119	  0.00000119	  0.00000000	  0.00000000
      0.0000	   1787.5656	 0.0000	11.195640	 0.001370	  0.00000000	  0.00000115	 -0.00000115	  0.00000115	  0.00000000	  0.00000000
      0.0000	   1808.6850	 0.0000	11.224325	 0.001346	  0.00000000	  0.00000111	 -0.00000111	  0.00000111	  0.00000000	  0.00000000
      0.0000	   1830.1777	 0.0000	11.253010	 0.001323	  0.00000000	  0.00000107	 -0.00000107	  0.00000107	  0.00000000	  0.00000000
      0.0000	   1852.0504	 0.0000	11.281695	 0.001300	  0.00000000	  0.00000103	 -0.00000103	  0.00000103	  0.00000000	  0.00000000
      0.0000	   1874.3097	 0.0000	11.310380	 0.001277	  0.00000000	  0.00000100	 -0.00000100	  0.00000100	  0.00000000	  0.00000000
      0.0000	   1896.9626	 0.0000	11.339066	 0.001255	  0.00000000	  0.00000096	 -0.00000096	  0.00000096	  0.00000000	  0.00000000
      0.0000	   1920.0158	 0.0000	11.367751	 0.001233	  0.00000000	  0.00000093	 -0.00000093	  0.00000093	  0.00000000	  0.00000000
      0.0000	   1943.4766	 0.0000	11.396436	 0.001212	  0.00000000	  0.00000090	 -0.00000090	  0.00000090	  0.00000000	  0.00000000
      0.0000	   1967.3522	 0.0000	11.425121	 0.001191	  0.00000000	  0.00000087	 -0.00000087	  0.00000087	  0.00000000	  0.00000000
      0.0000	   1991.6498	 0.0000	11.453806	 0.001170	  0.00000000	  0.00000084	 -0.00000084	  0.00000084	  0.00000000	  0.00000000
      0.0000	   2016.3769	 0.0000	11.482491	 0.001150	  0.00000000	  0.00000081	 -0.00000081	  0.00000081	  0.00000000	  0.00000000
      0.0000	   2041.5411	 0.0000	11.511176	 0.001130	  0.00000000	  0.00000078	 -0.00000078	  0.00000078	  0.00000000	  0.00000000
      0.0000	   2067.1502	 0.0000	11.539861	 0.001110	  0.00000000	  0.00000075	 -0.00000075	  0.00000075	  0.00000000	  0.00000000
      0.0000	   2093.2120	 0.0000	11.568547	 0.001091	  0.00000000	  0.00000073	 -0.00000073	  0.00000073	  0.00000000	  0.00000000
      0.0000	   2119.7345	 0.0000	11.597232	 0.001072	  0.00000000	  0.00000070	 -0.00000070	  0.00000070	  0.00000000	  0.00000000
      0.0000	   2146.7259	 0.0000	11.625917	 0.001053	  0.00000000	  0.00000068	 -0.00000068	  0.00000068	  0.00000000	  0.00000000
      0.0000	   2174.1944	 0.0000	11.654602	 0.001035	  0.00000000	  0.00000065	 -0.00000065	  0.00000065	  0.00000000	  0.00000000
      0.0000	   2202.1485	 0.0000	11.683287	 0.001017	  0.00000000	  0.00000063	 -0.00000063	  0.00000063	  0.00000000	  0.00000000
      0.0000	   2230.5967	 0.0000	11.711972	 0.001000	  0.00000000	  0.00000061	 -0.00000061	  0.00000061	  0.00000000	  0.00000000
      0.0000	   2259.5479	 0.0000	11.740657	 0.000982	  0.00000000	  0.00000059	 -0.00000059	  0.00000059	  0.00000000	  0.00000000
      0.0000	   2289.0108	 0.0000	11.769342	 0.000965	  0.00000000	  0.00000057	 -0.00000057	  0.00000057	  0.00000000	  0.00000000
      0.0000	   2318.9946	 0.0000	11.798028	 0.000948	  0.00000000	  0.00000055	 -0.00000055	  0.00000055	  0.00000000	  0.00000000
      0.0000	   2349.5084	 0.0000	11.826713	 0.000932	  0.00000000	  0.00000053	 -0.00000053	  0.00000053	  0.00000000	  0.00000000
      0.0000	   2380.5616	 0.0000	11.855398	 0.000916	  0.00000000	  0.00000051	 -0.00000051	  0.00000051	  0.00000000	  0.00000000
      0.0000	   2412.1638	 0.0000	11.884083	 0.000900	  0.00000000	  0.00000049	 -0.00000049	  0.00000049	  0.00000000	  0.00000000
      0.0000	   2444.3246	 0.0000	11.912768	 0.000884	  0.00000000	  0.00000048	 -0.00000048	  0.00000048	  0.00000000	  0.00000000
      0.0000	   2477.0540	 0.0000	11.941453	 0.000869	  0.00000000	  0.00000046	 -0.00000046	  0.00000046	  0.00000000	  0.00000000
      0.0000	   2510.3619	 0.0000	11.970138	 0.000854	  0.00000000	  0.00000045	 -0.00000045	  0.00000045	  0.00000000	  0.00000000
      0.0000	   2544.2587	 0.0000	11.998823	 0.000839	  0.00000000	  0.00000043	 -0.00000043	  0.00000043	  0.00000000	  0.00000000
      0.0000	   2578.7546	 0.0000	12.027509	 0.000824	  0.00000000	  0.00000042	 -0.00000042	  0.00000042	  0.00000000	  0.00000000
      0.0000	   2613.8604	 0.0000	12.056194	 0.000810	  0.00000000	  0.00000040	 -0.00000040	  0.00000040	  0.00000000	  0.00000000
      0.0000	   2649.5868	 0.0000	12.084879	 0.000796	  0.00000000	  0.00000039	 -0.00000039	  0.00000039	  0.00000000	  0.00000000
      0.0000	   2685.9447	 0.0000	12.113564	 0.000782	  0.00000000	  0.00000037	 -0.00000037	  0.00000037	  0.00000000	  0.00000000
      0.0000	   2722.9453	 0.0000	12.142249	 0.000769	  0.00000000	  0.00000036	 -0.00000036	  0.00000036	  0.00000000	  0.00000000
      0.0000	   2760.6000	 0.0000	12.170934	 0.000755	  0.00000000	  0.00000035	 -0.00000035	  0.00000035	  0.00000000	  0.00000000
      0.0000	   2798.9204	 0.0000	12.199619	 0.000742	  0.00000000	  0.00000034	 -0.00000034	  0.00000034	  0.00000000	  0.00000000
      0.0000	   2837.9182	 0.0000	12.228304	 0.000729	  0.00000000	  0.00000032	 -0.00000032	  0.00000032	  0.00000000	  0.00000000
      0.0000	   2877.6054	 0.0000	12.256990	 0.000716	  0.00000000	  0.00000031	 -0.00000031	  0.00000031	  0.00000000	  0.00000000
      0.0000	   2917.9941	 0.0000	12.285675	 0.000704	  0.00000000	  0.00000030	 -0.00000030	  0.00000030	  0.00000000	  0.00000000
      0.0000	   2959.0969	 0.0000	12.314360	 0.000692	  0.00000000	  0.00000029	 -0.00000029	  0.00000029	  0.00000000	  0.00000000
      0.0000	   3000.9262	 0.0000	12.343045	 0.000680	  0.00000000	  0.00000028	 -0.00000028	  0.00000028	  0.00000000	  0.00000000
      0.0000	   3043.4950	 0.0000	12.371730	 0.000668	  0.00000000	  0.00000027	 -0.00000027	  0.00000027	  0.00000000	  0.00000000
      0.0000	   3086.8163	 0.0000	12.400415	 0.000656	  0.00000000	  0.00000026	 -0.00000026	  0.00000026	  0.00000000	  0.00000000
      0.0000	   3130.9034	 0.0000	12.429100	 0.000645	  0.00000000	  0.00000025	 -0.00000025	  0.00000025	  0.00000000	  0.00000000
      0.0000	   3175.7699	 0.0000	12.457785	 0.000634	  0.00000000	  0.00000025	 -0.00000025	  0.00000025	  0.00000000	  0.00000000
      0.0000	   3221.4295	 0.0000	12.486471	 0.000623	  0.00000000	  0.00000024	 -0.00000024	  0.00000024	  0.00000000	  0.00000000
      0.0000	   3267.8962	 0.0000	12.515156	 0.000612	  0.00000000	  0.00000023	 -0.00000023	  0.00000023	  0.00000000	  0.00000000
      0.0000	   3315.1844	 0.0000	12.543841	 0.000601	  0.00000000	  0.00000022	 -0.00000022	  0.00000022	  0.00000000	  0.00000000
      0.0000	   3363.3085	 0.0000	12.572526	 0.000591	  0.00000000	  0.00000021	 -0.00000021	  0.00000021	  0.00000000	  0.00000000
      0.0000	   3412.2834	 0.0000	12.601211	 0.000581	  0.00000000	  0.00000021	 -0.00000021	  0.00000021	  0.00000000	  0.00000000
      0.0000	   3462.1240	 0.0000	12.629896	 0.000571	  0.00000000	  0.00000020	 -0.00000020	  0.00000020	  0.00000000	  0.00000000
      0.0000	   3512.8457	 0.0000	12.658581	 0.000561	  0.00000000	  0.00000019	 -0.00000019	  0.00000019	  0.00000000	  0.00000000
      0.0000	   3564.4640	 0.0000	12.687266	 0.000551	  0.00000000	  0.00000019	 -0.00000019	  0.00000019	  0.00000000	  0.00000000
      0.0000	   3616.9948	 0.0000	12.715952	 0.000541	  0.00000000	  0.00000018	 -0.00000018	  0.00000018	  0.00000000	  0.00000000
      0.0000	   3670.4543	 0.0000	12.744637	 0.000532	  0.00000000	  0.00000017	 -0.00000017	  0.00000017	  0.00000000	  0.00000000
      0.0000	   3724.8587	 0.0000	12.773322	 0.000523	  0.00000000	  0.00000017	 -0.00000017	  0.00000017	  0.00000000	  0.00000000
      0.0000	   3780.2250	 0.0000	12.802007	 0.000514	  0.00000000	  0.00000016	 -0.00000016	  0.00000016	  0.00000000	  0.00000000
      0.0000	   3836.5699	 0.0000	12.830692	 0.000505	  0.00000000	  0.00000016	 -0.00000016	  0.00000016	  0.00000000	  0.00000000
      0.0000	   3893.9109	 0.0000	12.859377	 0.000496	  0.00000000	  0.00000015	 -0.00000015	  0.00000015	  0.00000000	  0.00000000
      0.0000	   3952.2656	 0.0000	12.888062	 0.000487	  0.00000000	  0.00000015	 -0.00000015	  0.00000015	  0.00000000	  0.00000000
      0.0000	   4011.6519	 0.0000	12.916747	 0.000479	  0.00000000	  0.00000014	 -0.00000014	  0.00000014	  0.00000000	  0.00000000
      0.0000	   4072.0879	 0.0000	12.945433	 0.000471	  0.00000000	  0.00000014	 -0.00000014	  0.00000014	  0.00000000	  0.00000000
      0.0000	   4133.5923	 0.0000	12.974118	 0.000462	  0.00000000	  0.00000013	 -0.00000013	  0.00000013	  0.00000000	  0.00000000
      0.0000	   4196.1840	 0.0000	13.002803	 0.000454	  0.00000000	  0.00000013	 -0.00000013	  0.00000013	  0.00000000	  0.00000000
      0.0000	   4259.8822	 0.0000	13.031488	 0.000446	  0.00000000	  0.00000012	 -0.00000012	  0.00000012	  0.00000000	  0.00000000
      0.0000	   4324.7063	 0.0000	13.060173	 0.000439	  0.00000000	  0.00000012	 -0.00000012	  0.00000012	  0.00000000	  0.00000000
      0.0000	   4390.6765	 0.0000	13.088858	 0.000431	  0.00000000	  0.00000011	 -0.00000011	  0.00000011	  0.00000000	  0.00000000
      0.0000	   4457.8128	 0.0000	13.117543	 0.000424	  0.00000000	  0.00000011	 -0.00000011	  0.00000011	  0.00000000	  0.00000000
      0.0000	   4526.1359	 0.0000	13.146228	 0.000416	  0.00000000	  0.00000011	 -0.00000011	  0.00000011	  0.00000000	  0.00000000
      0.0000	   4595.6669	 0.0000	13.174914	 0.000409	  0.00000000	  0.00000010	 -0.00000010	  0.00000010	  0.00000000	  0.00000000
      0.0000	   4666.4269	 0.0000	13.203599	 0.000402	  0.00000000	  0.00000010	 -0.00000010	  0.00000010	  0.00000000	  0.00000000
      0.0000	   4738.4379	 0.0000	13.232284	 0.000395	  0.00000000	  0.00000010	 -0.00000010	  0.00000010	  0.00000000	  0.00000000
      0.0000	   4811.7218	 0.0000	13.260969	 0.000388	  0.00000000	  0.00000009	 -0.00000009	  0.00000009	  0.00000000	  0.00000000
      0.0000	   4886.3012	 0.0000	13.289654	 0.000381	  0.00000000	  0.00000009	 -0.00000009	  0.00000009	  0.00000000	  0.00000000
      0.0000	   4962.1991	 0.0000	13.318339	 0.000375	  0.00000000	  0.00000009	 -0.00000009	  0.00000009	  0.00000000	  0.00000000
      0.0000	   5039.4386	 0.0000	13.347024	 0.000368	  0.00000000	  0.00000008	 -0.00000008	  0.00000008	  0.00000000	  0.00000000
      0.0000	   5118.0435	 0.0000	13.375709	 0.000362	  0.00000000	  0.00000008	 -0.00000008	  0.00000008	  0.00000000	  0.00000000
      0.0000	   5198.0380	 0.0000	13.404395	 0.000355	  0.00000000	  0.00000008	 -0.00000008	  0.00000008	  0.00000000	  0.00000000
      0.0000	   5279.4466	 0.0000	13.433080	 0.000349	  0.00000000	  0.00000007	 -0.00000007	  0.00000007	  0.00000000	  0.00000000
      0.0000	   5362.2943	 0.0000	13.461765	 0.000343	  0.00000000	  0.00000007	 -0.00000007	  0.00000007	  0.00000000	  0.00000000
      0.0000	   5446.6065	 0.0000	13.490450	 0.000337	  0.00000000	  0.00000007	 -0.00000007	  0.00000007	  0.00000000	  0.00000000
      0.0000	   5532.4093	 0.0000	13.519135	 0.000331	  0.00000000	  0.00000007	 -0.00000007	  0.00000007	  0.00000000	  0.00000000
      0.0000	   5619.7288	 0.0000	13.547820	 0.000326	  0.00000000	  0.00000006	 -0.00000006	  0.00000006	  0.00000000	  0.00000000
      0.0000	   5708.5919	 0.0000	13.576505	 0.000320	  0.00000000	  0.00000006	 -0.00000006	  0.00000006	  0.00000000	  0.00000000
      0.0000	   5799.0259	 0.0000	13.605190	 0.000314	  0.00000000	  0.00000006	 -0.00000006	  0.00000006	  0.00000000	  0.00000000
      0.0000	   5891.0585	 0.0000	13.633876	 0.000309	  0.00000000	  0.00000006	 -0.00000006	  0.00000006	  0.00000000	  0.00000000
      0.0000	   5984.7181	 0.0000	13.662561	 0.000304	  0.00000000	  0.00000006	 -0.00000006	  0.00000006	  0.00000000	  0.00000000
      0.0000	   6080.0334	 0.0000	13.691246	 0.000298	  0.00000000	  0.00000005	 -0.00000005	  0.00000005	  0.00000000	  0.00000000
      0.0000	   6177.0336	 0.0000	13.719931	 0.000293	  0.00000000	  0.00000005	 -0.00000005	  0.00000005	  0.00000000	  0.00000000
      0.0000	   6275.7485	 0.0000	13.748616	 0.000288	  0.00000000	  0.00000005	 -0.00000005	  0.00000005	  0.00000000	  0.00000000
      0.0000	   6376.2086	 0.0000	13.777301	 0.000283	  0.00000000	  0.00000005	 -0.00000005	  0.00000005	  0.00000000	  0.00000000
      0.0000	   6478.4445	 0.0000	13.805986	 0.000278	  0.00000000	  0.00000005	 -0.00000005	  0.00000005	  0.00000000	  0.00000000
      0.0000	   6582.4877	 0.0000	13.834671	 0.000273	  0.00000000	  0.00000005	 -0.00000005	  0.00000005	  0.00000000	  0.00000000
      0.0000	   6688.3701	 0.0000	13.863357	 0.000269	  0.00000000	  0.00000004	 -0.00000004	  0.00000004	  0.00000000	  0.00000000
      0.0000	   6796.1243	 0.0000	13.892042	 0.000264	  0.00000000	  0.00000004	 -0.00000004	  0.00000004	  0.00000000	  0.00000000
      0.0000	   6905.7833	 0.0000	13.920727	 0.000259	  0.00000000	  0.00000004	 -0.00000004	  0.00000004	  0.00000000	  0.00000000
      0.0000	   7017.3809	 0.0000	13.949412	 0.000255	  0.00000000	  0.00000004	 -0.00000004	  0.00000004	  0.00000000	  0.00000000
      0.0000	   7130.9512	 0.0000	13.978097	 0.000250	  0.00000000	  0.00000004	 -0.00000004	  0.00000004	  0.00000000	  0.00000000
      0.0000	   7246.5292	 0.0000	14.006782	 0.000246	  0.00000000	  0.00000004	 -0.00000004	  0.00000004	  0.00000000	  0.00000000
      0.0000	   7364.1504	 0.0000	14.035467	 0.000242	  0.00000000	  0.00000004	 -0.00000004	  0.00000004	  0.00000000	  0.00000000
      0.0000	   7483.8508	 0.0000	14.064152	 0.000238	  0.00000000	  0.00000003	 -0.00000003	  0.00000003	  0.00000000	  0.00000000
      0.0000	   7605.6672	 0.0000	14.092838	 0.000233	  0.00000000	  0.00000003	 -0.00000003	  0.00000003	  0.00000000	  0.00000000
      0.0000	   7729.6371	 0.0000	14.121523	 0.000229	  0.00000000	  0.00000003	 -0.00000003	  0.00000003	  0.00000000	  0.00000000
      0.0000	   7855.7984	 0.0000	14.150208	 0.000225	  0.00000000	  0.00000003	 -0.00000003	  0.00000003	  0.00000000	  0.00000000
      0.0000	   7984.1901	 0.0000	14.178893	 0.000221	  0.00000000	  0.00000003	 -0.00000003	  0.00000003	  0.00000000	  0.00000000
      0.0000	   8114.8513	 0.0000	14.207578	 0.000218	  0.00000000	  0.00000003	 -0.00000003	  0.00000003	  0.00000000	  0.00000000
      0.0000	   8247.8224	 0.0000	14.236263	 0.000214	  0.00000000	  0.00000003	 -0.00000003	  0.00000003	  0.00000000	  0.00000000
      0.0000	   8383.1441	 0.0000	14.264948	 0.000210	  0.00000000	  0.00000003	 -0.00000003	  0.00000003	  0.00000000	  0.00000000
      0.0000	   8520.8579	 0.0000	14.293633	 0.000206	  0.00000000	  0.00000003	 -0.00000003	  0.00000003	  0.00000000	  0.00000000
      0.0000	   8661.0062	 0.0000	14.322319	 0.000203	  0.00000000	  0.00000003	 -0.00000003	  0.00000003	  0.00000000	  0.00000000
      0.0000	   8803.6320	 0.0000	14.351004	 0.000199	  0.00000000	  0.00000002	 -0.00000002	  0.00000002	  0.00000000	  0.00000000
      0.0000	   8948.7791	 0.0000	14.379689	 0.000196	  0.00000000	  0.00000002	 -0.00000002	  0.00000002	  0.00000000	  0.00000000
      0.0000	   9096.4921	 0.0000	14.408374	 0.000193	  0.00000000	  0.00000002	 -0.00000002	  0.00000002	  0.00000000	  0.00000000
      0.0000	   9246.8163	 0.0000	14.437059	 0.000189	  0.00000000	  0.00000002	 -0.00000002	  0.00000002	  0.00000000	  0.00000000
      0.0000	   9399.7978	 0.0000	14.465744	 0.000186	  0.00000000	  0.00000002	 -0.00000002	  0.00000002	  0.00000000	  0.00000000
      0.0000	   9555.4837	 0.0000	14.494429	 0.000183	  0.00000000	  0.00000002	 -0.00000002	  0.00000002	  0.00000000	  0.00000000
      0.0000	   9713.9218	 0.0000	14.523114	 0.000179	  0.00000000	  0.00000002	 -0.00000002	  0.00000002	  0.00000000	  0.00000000
      0.0000	   9875.1607	 0.0000	14.551800	 0.000176	  0.00000000	  0.00000002	 -0.00000002	  0.00000002	  0.00000000	  0.00000000
      0.0000	  10039.2499	 0.0000	14.580485	 0.000173	  0.00000000	  0.00000002	 -0.00000002	  0.00000002	  0.00000000	  0.00000000
      0.0000	  10206.2399	 0.0000	14.609170	 0.000170	  0.00000000	  0.00000002	 -0.00000002	  0.00000002	  0.00000000	  0.00000000
      0.0000	  10376.1818	 0.0000	14.637855	 0.000167	  0.00000000	  0.00000002	 -0.00000002	  0.00000002	  0.00000000	  0.00000000
      0.0000	  10549.1279	 0.0000	14.666540	 0.000164	  0.00000000	  0.00000002	 -0.00000002	  0.00000002	  0.00000000	  0.00000000
      0.0000	  10725.1313	 0.0000	14.695225	 0.000162	  0.00000000	  0.00000002	 -0.00000002	  0.00000002	  0.00000000	  0.00000000
      0.0000	  10904.2460	 0.0000	14.723910	 0.000159	  0.00000000	  0.00000002	 -0.00000002	  0.00000002	  0.00000000	  0.00000000
      0.0000	  11086.5271	 0.0000	14.752595	 0.000156	  0.00000000	  0.00000001	 -0.00000001	  0.00000001	  0.00000000	  0.00000000
      0.0000	  11272.0305	 0.0000	14.781281	 0.000153	  0.00000000	  0.00000001	 -0.00000001	  0.00000001	  0.00000000	  0.00000000
      0.0000	  11460.8131	 0.0000	14.809966	 0.000151	  0.00000000	  0.00000001	 -0.00000001	  0.00000001	  0.00000000	  0.00000000
      0.0000	  11652.9330	 0.0000	14.838651	 0.000148	  0.00000000	  0.00000001	 -0.00000001	  0.00000001	  0.00000000	  0.00000000
      0.0000	  11848.4491	 0.0000	14.867336	 0.000145	  0.00000000	  0.00000001	 -0.00000001	  0.00000001	  0.00000000	  0.00000000
      0.0000	  12047.4214	 0.0000	14.896021	 0.000143	  0.00000000	  0.00000001	 -0.00000001	  0.00000001	  0.00000000	  0.00000000
      0.0000	  12249.9112	 0.0000	14.924706	 0.000140	  0.00000000	  0.00000001	 -0.00000001	  0.00000001	  0.00000000	  0.00000000
      0.0000	  12455.9804	 0.0000	14.953391	 0.000138	  0.00000000	  0.00000001	 -0.00000001	  0.00000001	  0.00000000	  0.00000000
      0.0000	  12665.6925	 0.0000	14.982076	 0.000136	  0.00000000	  0.00000001	 -0.00000001	  0.00000001	  0.00000000	  0.00000000
      0.0000	  12879.1119	 0.0000	15.010762	 0.000133	  0.00000000	  0.00000001	 -0.00000001	  0.00000001	  0.00000000	  0.00000000
      0.0000	  13096.3039	 0.0000	15.039447	 0.000131	  0.00000000	  0.00000001	 -0.00000001	  0.00000001	  0.00000000	  0.00000000
      0.0000	  13317.3355	 0.0000	15.068132	 0.000129	  0.00000000	  0.00000001	 -0.00000001	  0.00000001	  0.00000000	  0.00000000
      0.0000	  13542.2743	 0.0000	15.096817	 0.000126	  0.00000000	  0.00000001	 -0.00000001	  0.00000001	  0.00000000	  0.00000000
      0.0000	  13771.1896	 0.0000	15.125502	 0.000124	  0.00000000	  0.00000001	 -0.00000001	  0.00000001	  0.00000000	  0.00000000
      0.0000	  14004.1515	 0.0000	15.154187	 0.000122	  0.00000000	  0.00000001	 -0.00000001	  0.00000001	  0.00000000	  0.00000000
      0.0000	  14241.2317	 0.0000	15.182872	 0.000120	  0.00000000	  0.00000001	 -0.00000001	  0.00000001	  0.00000000	  0.00000000
      0.0000	  14482.5029	 0.0000	15.211557	 0.000118	  0.00000000	  0.00000001	 -0.00000001	  0.00000001	  0.00000000	  0.00000000
      0.0000	  14728.0392	 0.0000	15.240243	 0.000116	  0.00000000	  0.00000001	 -0.00000001	  0.00000001	  0.00000000	  0.00000000
      0.0000	  14977.9160	 0.0000	15.268928	 0.000114	  0.00000000	  0.00000001	 -0.00000001	  0.00000001	  0.00000000	  0.00000000
      0.0000	  15232.2100	 0.0000	15.297613	 0.000112	  0.00000000	  0.00000001	 -0.00000001	  0.00000001	  0.00000000	  0.00000000
      0.0000	  15490.9994	 0.0000	15.326298	 0.000110	  0.00000000	  0.00000001	 -0.00000001	  0.00000001	  0.00000000	  0.00000000
      0.0000	  15754.3636	 0.0000	15.354983	 0.000108	  0.00000000	  0.00000001	 -0.00000001	  0.00000001	  0.00000000	  0.00000000
      0.0000	  16022.3834	 0.0000	15.383668	 0.000106	  0.00000000	  0.00000001	 -0.00000001	  0.00000001	  0.00000000	  0.00000000
      0.0000	  16295.1412	 0.0000	15.412353	 0.000104	  0.00000000	  0.00000001	 -0.00000001	  0.00000001	  0.00000000	  0.00000000
      0.0000	  16572.7207	 0.0000	15.441038	 0.000102	  0.00000000	  0.00000001	 -0.00000001	  0.00000001	  0.00000000	  0.00000000
      0.0000	  16855.2072	 0.0000	15.469724	 0.000101	  0.00000000	  0.00000001	 -0.00000001	  0.00000001	  0.00000000	  0.00000000
      0.0000	  17142.6874	 0.0000	15.498409	 0.000099	  0.00000000	  0.00000001	 -0.00000001	  0.00000001	  0.00000000	  0.00000000
      0.0000	  17435.2495	 0.0000	15.527094	 0.000097	  0.00000000	  0.00000001	 -0.00000001	  0.00000001	  0.00000000	  0.00000000
      0.0000	  17732.9835	 0.0000	15.555779	 0.000096	  0.00000000	  0.00000001	 -0.00000001	  0.00000001	  0.00000000	  0.00000000
      0.0000	  18035.9808	 0.0000	15.584464	 0.000094	  0.00000000	  0.00000001	 -0.00000001	  0.00000001	  0.00000000	  0.00000000
      0.0000	  18344.3343	 0.0000	15.613149	 0.000092	  0.00000000	  0.00000001	 -0.00000001	  0.00000001	  0.00000000	  0.00000000
      0.0000	  18658.1387	 0.0000	15.641834	 0.000091	  0.00000000	  0.00000001	 -0.00000001	  0.00000001	  0.00000000	  0.00000000
      0.0000	  18977.4906	 0.0000	15.670519	 0.000089	  0.00000000	  0.00000000	 -0.00000000	  0.00000000	  0.00000000	  0.00000000
      0.0000	  19302.4878	 0.0000	15.699205	 0.000087	  0.00000000	  0.00000000	 -0.00000000	  0.00000000	  0.00000000	  0.00000000
      0.0000	  19633.2302	 0.0000	15.727890	 0.000086	  0.00000000	  0.00000000	 -0.00000000	  0.00000000	  0.00000000	  0.00000000
      0.0000	  19969.8193	 0.0000	15.756575	 0.000084	  0.00000000	  0.00000000	 -0.00000000	  0.00000000	  0.00000000	  0.00000000
      0.0000	  20312.3586	 0.0000	15.785260	 0.000083	  0.00000000	  0.00000000	 -0.00000000	  0.00000000	  0.00000000	  0.00000000
      0.0000	  20660.9531	 0.0000	15.813945	 0.000082	  0.00000000	  0.00000000	 -0.00000000	  0.00000000	  0.00000000	  0.00000000
      0.0000	  21015.7100	 0.0000	15.842630	 0.000080	  0.00000000	  0.00000000	 -0.00000000	  0.00000000	  0.00000000	  0.00000000
      0.0000	  21376.7382	 0.0000	15.871315	 0.000079	  0.00000000	  0.00000000	 -0.00000000	  0.00000000	  0.00000000	  0.00000000
      0.0000	  21744.1485	 0.0000	15.900000	 0.000077	  0.00000000	  0.00000000	 -0.00000000	  0.00000000	  0.00000000	  0.00000000
      0.0000	  22118.0538	 0.0000	15.928686	 0.000076	  0.00000000	  0.00000000	 -0.00000000	  0.00000000	  0.00000000	  0.00000000
      0.0000	  22498.5689	 0.0000	15.957371	 0.000075	  0.00000000	  0.00000000	 -0.00000000	  0.00000000	  0.00000000	  0.00000000
      0.0000	  22885.8105	 0.0000	15.986056	 0.000073	  0.00000000	  0.00000000	 -0.00000000	  0.00000000	  0.00000000	  0.00000000
      0.0000	  23279.8977	 0.0000	16.014741	 0.000072	  0.00000000	  0.00000000	 -0.00000000	  0.00000000	  0.00000000	  0.00000000
      0.0000	  23680.9515	 0.0000	16.043426	 0.000071	  0.00000000	  0.00000000	 -0.00000000	  0.00000000	  0.00000000	  0.00000000
      0.0000	  24089.0949	 0.0000	16.072111	 0.000070	  0.00000000	  0.00000000	 -0.00000000	  0.00000000	  0.00000000	  0.00000000
      0.0000	  24504.4534	 0.0000	16.100796	 0.000068	  0.00000000	  0.00000000	 -0.00000000	  0.00000000	  0.00000000	  0.00000000
      0.0000	  24927.1544	 0.0000	16.129481	 0.000067	  0.00000000	  0.00000000	 -0.00000000	  0.00000000	  0.00000000	  0.00000000
      0.0000	  25357.3278	 0.0000	16.158167	 0.000066	  0.00000000	  0.00000000	 -0.00000000	  0.00000000	  0.00000000	  0.00000000
      0.0000	  25795.1057	 0.0000	16.186852	 0.000065	  0.00000000	  0.00000000	 -0.00000000	  0.00000000	  0.00000000	  0.00000000
      0.0000	  26240.6224	 0.0000	16.215537	 0.000064	  0.00000000	  0.00000000	 -0.00000000	  0.00000000	  0.00000000	  0.00000000
      0.0000	  26694.0149	 0.0000	16.244222	 0.000063	  0.00000000	  0.00000000	 -0.00000000	  0.00000000	  0.00000000	  0.00000000
      0.0000	  27155.4222	 0.0000	16.272907	 0.000062	  0.00000000	  0.00000000	 -0.00000000	  0.00000000	  0.00000000	  0.00000000
      0.0000	  27624.9862	 0.0000	16.301592	 0.000061	  0.00000000	  0.00000000	 -0.00000000	  0.00000000	  0.00000000	  0.00000000
      0.0000	  28102.8510	 0.0000	16.330277	 0.000060	  0.00000000	  0.00000000	 -0.00000000	  0.00000000	  0.00000000	  0.00000000
      0.0000	  28589.1633	 0.0000	16.358962	 0.000058	  0.00000000	  0.00000000	 -0.00000000	  0.00000000	  0.00000000	  0.00000000
      0.0000	  29084.0725	 0.0000	16.387648	 0.000057	  0.00000000	  0.00000000	 -0.00000000	  0.00000000	  0.00000000	  0.00000000
      0.0000	  29587.7305	 0.0000	16.416333	 0.000056	  0.00000000	  0.00000000	 -0.00000000	  0.00000000	  0.00000000	  0.00000000
      0.0000	  30100.2921	 0.0000	16.445018	 0.000055	  0.00000000	  0.00000000	 -0.00000000	  0.00000000	  0.00000000	  0.00000000
      0.0000	  30621.9145	 0.0000	16.473703	 0.000055	  0.00000000	  0.00000000	 -0.00000000	  0.00000000	  0.00000000	  0.00000000
      0.0000	  31152.7580	 0.0000	16.502388	 0.000054	  0.00000000	  0.00000000	 -0.00000000	  0.00000000	  0.00000000	  0.00000000
      0.0000	  31692.9855	 0.0000	16.531073	 0.000053	  0.00000000	  0.00000000	 -0.00000000	  0.00000000	  0.00000000	  0.00000000
      0.0000	  32242.7631	 0.0000	16.559758	 0.000052	  0.00000000	  0.00000000	 -0.00000000	  0.00000000	  0.00000000	  0.00000000
      0.0000	  32802.2594	 0.0000	16.588443	 0.000051	  0.00000000	  0.00000000	 -0.00000000	  0.00000000	  0.00000000	  0.00000000
      0.0000	  33371.6463	 0.0000	16.617129	 0.000050	  0.00000000	  0.00000000	 -0.00000000	  0.00000000	  0.00000000	  0.00000000
      0.0000	  33951.0986	 0.0000	16.645814	 0.000049	  0.00000000	  0.00000000	 -0.00000000	  0.00000000	  0.00000000	  0.00000000
      0.0000	  34540.7943	 0.0000	16.674499	 0.000048	  0.00000000	  0.00000000	 -0.00000000	  0.00000000	  0.00000000	  0.00000000
      0.0000	  35140.9145	 0.0000	16.703184	 0.000047	  0.00000000	  0.00000000	 -0.00000000	  0.00000000	  0.00000000	  0.00000000
      0.0000	  35751.6434	 0.0000	16.731869	 0.000047	  0.00000000	  0.00000000	 -0.00000000	  0.00000000	  0.00000000	  0.00000000
      0.0000	  36373.1685	 0.0000	16.760554	 0.000046	  0.00000000	  0.00000000	 -0.00000000	  0.00000000	  0.00000000	  0.00000000
      0.0000	  37005.6808	 0.0000	16.789239	 0.000045	  0.00000000	  0.00000000	 -0.00000000	  0.00000000	  0.00000000	  0.00000000
      0.0000	  37649.3744	 0.0000	16.817924	 0.000044	  0.00000000	  0.00000000	 -0.00000000	  0.00000000	  0.00000000	  0.00000000
      0.0000	  38304.4470	 0.0000	16.846610	 0.000043	  0.00000000	  0.00000000	 -0.00000000	  0.00000000	  0.00000000	  0.00000000
      0.0000	  38971.0997	 0.0000	16.875295	 0.000043	  0.00000000	  0.00000000	 -0.00000000	  0.00000000	  0.00000000	  0.00000000
      0.0000	  39649.5374	 0.0000	16.903980	 0.000042	  0.00000000	  0.00000000	 -0.00000000	  0.00000000	  0.00000000	  0.00000000
      0.0000	  40339.9682	 0.0000	16.932665	 0.000041	  0.00000000	  0.00000000	 -0.00000000	  0.00000000	  0.00000000	  0.00000000
      0.0000	  41042.6042	 0.0000	16.961350	 0.000040	  0.00000000	  0.00000000	 -0.00000000	  0.00000000	  0.00000000	  0.00000000
      0.0000	  41757.6612	 0.0000	16.990035	 0.000040	  0.00000000	  0.00000000	 -0.00000000	  0.00000000	  0.00000000	  0.00000000
      0.0000	  42485.3588	 0.0000	17.018720	 0.000039	  0.00000000	  0.00000000	 -0.00000000	  0.00000000	  0.00000000	  0.00000000
      0.0000	  43225.9203	 0.0000	17.047405	 0.000038	  0.00000000	  0.00000000	 -0.00000000	  0.00000000	  0.00000000	  0.00000000
      0.0000	  43979.5732	 0.0000	17.076091	 0.000038	  0.00000000	  0.00000000	 -0.00000000	  0.00000000	  0.00000000	  0.00000000
      0.0000	  44746.5490	 0.0000	17.104776	 0.000037	  0.00000000	  0.00000000	 -0.00000000	  0.00000000	  0.00000000	  0.00000000
      0.0000	  45527.0831	 0.0000	17.133461	 0.000036	  0.00000000	  0.00000000	 -0.00000000	  0.00000000	  0.00000000	  0.00000000
      0.0000	  46321.4153	 0.0000	17.162146	 0.000036	  0.00000000	  0.00000000	 -0.00000000	  0.00000000	  0.00000000	  0.00000000
      0.0000	  47129.7893	 0.0000	17.190831	 0.000035	  0.00000000	  0.00000000	 -0.00000000	  0.00000000	  0.00000000	  0.00000000
      0.0000	  47952.4536	 0.0000	17.219516	 0.000035	  0.00000000	  0.00000000	 -0.00000000	  0.00000000	  0.00000000	  0.00000000
      0.0000	  48789.6606	 0.0000	17.248201	 0.000034	  0.00000000	  0.00000000	 -0.00000000	  0.00000000	  0.00000000	  0.00000000
      0.0000	  49641.6675	 0.0000	17.276886	 0.000033	  0.00000000	  0.00000000	 -0.00000000	  0.00000000	  0.00000000	  0.00000000
      0.0000	  50508.7359	 0.0000	17.305572	 0.000033	  0.00000000	  0.00000000	 -0.00000000	  0.00000000	  0.00000000	  0.00000000
      0.0000	  51391.1321	 0.0000	17.334257	 0.000032	  0.00000000	  0.00000000	 -0.00000000	  0.00000000	  0.00000000	  0.00000000
      0.0000	  52289.1269	 0.0000	17.362942	 0.000032	  0.00000000	  0.00000000	 -0.00000000	  0.00000000	  0.00000000	  0.00000000
      0.0000	  53202.9963	 0.0000	17.391627	 0.000031	  0.00000000	  0.00000000	 -0.00000000	  0.00000000	  0.00000000	  0.00000000
      0.0000	  54133.0207	 0.0000	17.420312	 0.000031	  0.00000000	  0.00000000	 -0.00000000	  0.00000000	  0.00000000	  0.00000000
      0.0000	  55079.4857	 0.0000	17.448997	 0.000030	  0.00000000	  0.00000000	 -0.00000000	  0.00000000	  0.00000000	  0.00000000
      0.0000	  56042.6821	 0.0000	17.477682	 0.000030	  0.00000000	  0.00000000	 -0.00000000	  0.00000000	  0.00000000	  0.00000000
      0.0000	  57022.9055	 0.0000	17.506367	 0.000029	  0.00000000	  0.00000000	 -0.00000000	  0.00000000	  0.00000000	  0.00000000
      0.0000	  58020.4570	 0.0000	17.535052	 0.000029	  0.00000000	  0.00000000	 -0.00000000	  0.00000000	  0.00000000	  0.00000000
      0.0000	  59035.6429	 0.0000	17.563738	 0.000028	  0.00000000	  0.00000000	 -0.00000000	  0.00000000	  0.00000000	  0.00000000
      0.0000	  60068.7749	 0.0000	17.592423	 0.000028	  0.00000000	  0.00000000	 -0.00000000	  0.00000000	  0.00000000	  0.00000000
      0.0000	  61120.1702	 0.0000	17.621108	 0.000027	  0.00000000	  0.00000000	 -0.00000000	  0.00000000	  0.00000000	  0.00000000
      0.0000	  62190.1518	 0.0000	17.649793	 0.000027	  0.00000000	  0.00000000	 -0.00000000	  0.00000000	  0.00000000	  0.00000000
      0.0000	  63279.0482	 0.0000	17.678478	 0.000026	  0.00000000	  0.00000000	 -0.00000000	  0.00000000	  0.00000000	  0.00000000
      0.0000	  64387.1937	 0.0000	17.707163	 0.000026	  0.00000000	  0.00000000	 -0.00000000	  0.00000000	  0.00000000	  0.00000000
      0.0000	  65514.9286	 0.0000	17.735848	 0.000025	  0.00000000	  0.00000000	 -0.00000000	  0.00000000	  0.00000000	  0.00000000
      0.0000	  66662.5993	 0.0000	17.764533	 0.000025	  0.00000000	  0.00000000	 -0.00000000	  0.00000000	  0.00000000	  0.00000000
      0.0000	  67830.5581	 0.0000	17.793219	 0.000024	  0.00000000	  0.00000000	 -0.00000000	  0.00000000	  0.00000000	  0.00000000
      0.0000	  69019.1637	 0.0000	17.821904	 0.000024	  0.00000000	  0.00000000	 -0.00000000	  0.00000000	  0.00000000	  0.00000000
      0.0000	  70228.7811	 0.0000	17.850589	 0.000024	  0.00000000	  0.00000000	 -0.00000000	  0.00000000	  0.00000000	  0.00000000
      0.0000	  71459.7817	 0.0000	17.879274	 0.000023	  0.00000000	  0.00000000	 -0.00000000	  0.00000000	  0.00000000	  0.00000000
      0.0000	  72712.5435	 0.0000	17.907959	 0.000023	  0.00000000	  0.00000000	 -0.00000000	  0.00000000	  0.00000000	  0.00000000
      0.0000	  73987.4512	 0.0000	17.936644	 0.000022	  0.00000000	  0.00000000	 -0.00000000	  0.00000000	  0.00000000	  0.00000000
      0.0000	  75284.8964	 0.0000	17.965329	 0.000022	  0.00000000	  0.00000000	 -0.00000000	  0.00000000	  0.00000000	  0.00000000
      0.0000	  76605.2773	 0.0000	17.994014	 0.000022	  0.00000000	  0.00000000	 -0.00000000	  0.00000000	  0.00000000	  0.00000000
      0.0000	  77948.9995	 0.0000	18.022700	 0.000021	  0.00000000	  0.00000000	 -0.00000000	  0.00000000	  0.00000000	  0.00000000
      0.0000	  79316.4756	 0.0000	18.051385	 0.000021	  0.00000000	  0.00000000	 -0.00000000	  0.00000000	  0.00000000	  0.00000000
      0.0000	  80708.1254	 0.0000	18.080070	 0.000020	  0.00000000	  0.00000000	 -0.00000000	  0.00000000	  0.00000000	  0.00000000
      0.0000	  82124.3764	 0.0000	18.108755	 0.000020	  0.00000000	  0.00000000	 -0.00000000	  0.00000000	  0.00000000	  0.00000000
      0.0000	  83565.6634	 0.0000	18.137440	 0.000020	  0.00000000	  0.00000000	 -0.00000000	  0.00000000	  0.00000000	  0.00000000
      0.0000	  85032.4290	 0.0000	18.166125	 0.000019	  0.00000000	  0.00000000	 -0.00000000	  0.00000000	  0.00000000	  0.00000000
      0.0000	  86525.1236	 0.0000	18.194810	 0.000019	  0.00000000	  0.00000000	 -0.00000000	  0.00000000	  0.00000000	  0.00000000
      0.0000	  88044.2056	 0.0000	18.223495	 0.000019	  0.00000000	  0.00000000	 -0.00000000	  0.00000000	  0.00000000	  0.00000000
      0.0000	  89590.1414	 0.0000	18.252181	 0.000018	  0.00000000	  0.00000000	 -0.00000000	  0.00000000	  0.00000000	  0.00000000
      0.0000	  91163.4057	 0.0000	18.280866	 0.000018	  0.00000000	  0.00000000	 -0.00000000	  0.00000000	  0.00000000	  0.00000000
      0.0000	  92764.4817	 0.0000	18.309551	 0.000018	  0.00000000	  0.00000000	 -0.00000000	  0.00000000	  0.00000000	  0.00000000
      0.0000	  94393.8609	 0.0000	18.338236	 0.000017	  0.00000000	  0.00000000	 -0.00000000	  0.00000000	  0.00000000	  0.00000000
      0.0000	  96052.0438	 0.0000	18.366921	 0.000017	  0.00000000	  0.00000000	 -0.00000000	  0.00000000	  0.00000000	  0.00000000
      0.0000	  97739.5396	 0.0000	18.395606	 0.000017	  0.00000000	  0.00000000	 -0.00000000	  0.00000000	  0.00000000	  0.00000000
      0.0000	  99456.8663	 0.0000	18.424291	 0.000017	  0.00000000	  0.00000000	 -0.00000000	  0.00000000	  0.00000000	  0.00000000
