x0	xt	v	phi	E	ni	ne	rho
  -500.0000	   -500.0000	 0.0000	 0.000000	 0.000000	  1.00000000	  1.00000000	  0.00000000
  -497.1300	   -497.1300	 0.0000	 0.000000	 0.000000	  1.00000000	  1.00000000	 -0.00000000
  -494.2765	   -494.2765	 0.0000	-0.000000	 0.000000	  1.00000000	  1.00000000	 -0.00000000
  -491.4394	   -491.4394	 0.0000	-0.000000	 0.000000	  1.00000000	  1.00000000	 -0.00000000
  -488.6185	   -488.6185	 0.0000	-0.000000	 0.000000	  1.00000000	  1.00000000	 -0.00000000
  -485.8138	   -485.8138	 0.0000	 0.000000	 0.000000	  1.00000000	  1.00000000	  0.00000000
  -483.0253	   -483.0253	 0.0000	-0.000000	 0.000000	  1.00000000	  1.00000000	  0.00000000
  -480.2527	   -480.2527	 0.0000	-0.000000	 0.000000	  1.00000000	  1.00000000	  0.00000000
  -477.4961	   -477.4961	 0.0000	 0.000000	-0.000000	  1.00000000	  1.00000000	 -0.00000000
  -474.7552	   -474.7552	 0.0000	 0.000000	-0.000000	  1.00000000	  1.00000000	 -0.00000000
  -472.0302	   -472.0302	 0.0000	 0.000000	 0.000000	  1.00000000	  1.00000000	  0.00000000
  -469.3207	   -469.3207	 0.0000	 0.000000	 0.000000	  1.00000000	  1.00000000	 -0.00000000
  -466.6268	   -466.6268	 0.0000	 0.000000	-0.000000	  1.00000000	  1.00000000	  0.00000000
  -463.9484	   -463.9484	 0.0000	 0.000000	 0.000000	  1.00000000	  1.00000000	 -0.00000000
  -461.2853	   -461.2853	 0.0000	-0.000000	-0.000000	  1.00000000	  1.00000000	  0.00000000
  -458.6376	   -458.6376	 0.0000	-0.000000	-0.000000	  1.00000000	  1.00000000	 -0.00000000
  -456.0050	   -456.0050	 0.0000	 0.000000	 0.000000	  1.00000000	  1.00000000	  0.00000000
  -453.3875	   -453.3875	 0.0000	 0.000000	 0.000000	  1.00000000	  1.00000000	 -0.00000000
  -450.7851	   -450.7851	 0.0000	 0.000000	-0.000000	  1.00000000	  1.00000000	 -0.00000000
  -448.1976	   -448.1976	 0.0000	 0.000000	-0.000000	  1.00000000	  1.00000000	 -0.00000000
  -445.6249	   -445.6249	 0.0000	 0.000000	 0.000000	  1.00000000	  1.00000000	 -0.00000000
  -443.0670	   -443.0670	 0.0000	-0.000000	 0.000000	  1.00000000	  1.00000000	  0.00000000
  -440.5238	   -440.5238	 0.0000	-0.000000	-0.000000	  1.00000000	  1.00000000	 -0.00000000
  -437.9952	   -437.9952	 0.0000	-0.000000	-0.000000	  1.00000000	  1.00000000	 -0.00000000
  -435.4811	   -435.4811	 0.0000	-0.000000	-0.000000	  1.00000000	  1.00000000	  0.00000000
  -432.9815	   -432.9815	 0.0000	 0.000000	-0.000000	  1.00000000	  1.00000000	 -0.00000000
  -430.4962	   -430.4962	 0.0000	 0.000000	-0.000000	  1.00000000	  1.00000000	  0.00000000
  -428.0251	   -428.0251	 0.0000	 0.000000	-0.000000	  1.00000000	  1.00000000	 -0.00000000
  -425.5683	   -425.5683	 0.0000	 0.000000	 0.000000	  1.00000000	  1.00000000	  0.00000000
  -423.1255	   -423.1255	 0.0000	-0.000000	-0.000000	  1.00000000	  1.00000000	 -0.00000000
  -420.6968	   -420.6968	 0.0000	 0.000000	 0.000000	  1.00000000	  1.00000000	  0.00000000
  -418.2820	   -418.2820	 0.0000	 0.000000	-0.000000	  1.00000000	  1.00000000	  0.00000000
  -415.8810	   -415.8810	 0.0000	 0.000000	 0.000000	  1.00000000	  1.00000000	 -0.00000000
  -413.4939	   -413.4939	 0.0000	 0.000000	 0.000000	  1.00000000	  1.00000000	 -0.00000000
  -411.1204	   -411.1204	 0.0000	 0.000000	 0.000000	  1.00000000	  1.00000000	 -0.00000000
  -408.7606	   -408.7606	 0.0000	 0.000000	 0.000000	  1.00000000	  1.00000000	  0.00000000
  -406.4143	   -406.4143	 0.0000	-0.000000	 0.000000	  1.00000000	  1.00000000	  0.00000000
  -404.0815	   -404.0815	 0.0000	-0.000000	-0.000000	  1.00000000	  1.00000000	 -0.00000000
  -401.7621	   -401.7621	 0.0000	 0.000000	 0.000000	  1.00000000	  1.00000000	 -0.00000000
  -399.4560	   -399.4560	 0.0000	 0.000000	-0.000000	  1.00000000	  1.00000000	  0.00000000
  -397.1631	   -397.1631	 0.0000	 0.000000	 0.000000	  1.00000000	  1.00000000	  0.00000000
  -394.8834	   -394.8834	 0.0000	 0.000000	 0.000000	  1.00000000	  1.00000000	  0.00000000
  -392.6167	   -392.6167	 0.0000	 0.000000	-0.000000	  1.00000000	  1.00000000	 -0.00000000
  -390.3631	   -390.3631	 0.0000	 0.000000	-0.000000	  1.00000000	  1.00000000	 -0.00000000
  -388.1224	   -388.1224	 0.0000	 0.000000	-0.000000	  1.00000000	  1.00000000	  0.00000000
  -385.8946	   -385.8946	 0.0000	 0.000000	-0.000000	  1.00000000	  1.00000000	  0.00000000
  -383.6796	   -383.6796	 0.0000	 0.000000	-0.000000	  1.00000000	  1.00000000	  0.00000000
  -381.4773	   -381.4773	 0.0000	 0.000000	-0.000000	  1.00000000	  1.00000000	 -0.00000000
  -379.2876	   -379.2876	 0.0000	 0.000000	 0.000000	  1.00000000	  1.00000000	  0.00000000
  -377.1105	   -377.1105	 0.0000	 0.000000	 0.000000	  1.00000000	  1.00000000	  0.00000000
  -374.9459	   -374.9459	 0.0000	 0.000000	-0.000000	  1.00000000	  1.00000000	  0.00000000
  -372.7937	   -372.7937	 0.0000	 0.000000	 0.000000	  1.00000000	  1.00000000	  0.00000000
  -370.6538	   -370.6538	 0.0000	 0.000000	-0.000000	  1.00000000	  1.00000000	  0.00000000
  -368.5263	   -368.5263	 0.0000	-0.000000	-0.000000	  1.00000000	  1.00000000	  0.00000000
  -366.4109	   -366.4109	 0.0000	 0.000000	-0.000000	  1.00000000	  1.00000000	 -0.00000000
  -364.3077	   -364.3077	 0.0000	 0.000000	-0.000000	  1.00000000	  1.00000000	  0.00000000
  -362.2166	   -362.2166	 0.0000	-0.000000	-0.000000	  1.00000000	  1.00000000	 -0.00000000
  -360.1375	   -360.1375	 0.0000	-0.000000	 0.000000	  1.00000000	  1.00000000	  0.00000000
  -358.0703	   -358.0703	 0.0000	 0.000000	-0.000000	  1.00000000	  1.00000000	  0.00000000
  -356.0150	   -356.0150	 0.0000	 0.000000	-0.000000	  1.00000000	  1.00000000	  0.00000000
  -353.9714	   -353.9714	 0.0000	-0.000000	-0.000000	  1.00000000	  1.00000000	 -0.00000000
  -351.9396	   -351.9396	 0.0000	-0.000000	 0.000000	  1.00000000	  1.00000000	  0.00000000
  -349.9195	   -349.9195	 0.0000	-0.000000	 0.000000	  1.00000000	  1.00000000	  0.00000000
  -347.9110	   -347.9110	 0.0000	-0.000000	-0.000000	  1.00000000	  1.00000000	  0.00000000
  -345.9139	   -345.9139	 0.0000	-0.000000	 0.000000	  1.00000000	  1.00000000	 -0.00000000
  -343.9284	   -343.9284	 0.0000	 0.000000	 0.000000	  1.00000000	  1.00000000	  0.00000000
  -341.9542	   -341.9542	 0.0000	 0.000000	 0.000000	  1.00000000	  1.00000000	  0.00000000
  -339.9914	   -339.9914	 0.0000	 0.000000	-0.000000	  1.00000000	  1.00000000	 -0.00000000
  -338.0399	   -338.0399	 0.0000	 0.000000	-0.000000	  1.00000000	  1.00000000	 -0.00000000
  -336.0995	   -336.0995	 0.0000	 0.000000	 0.000000	  1.00000000	  1.00000000	 -0.00000000
  -334.1703	   -334.1703	 0.0000	-0.000000	-0.000000	  1.00000000	  1.00000000	  0.00000000
  -332.2522	   -332.2522	 0.0000	-0.000000	-0.000000	  1.00000000	  1.00000000	  0.00000000
  -330.3450	   -330.3450	 0.0000	 0.000000	-0.000000	  1.00000000	  1.00000000	  0.00000000
  -328.4488	   -328.4488	 0.0000	 0.000000	-0.000000	  1.00000000	  1.00000000	  0.00000000
  -326.5635	   -326.5635	 0.0000	 0.000000	-0.000000	  1.00000000	  1.00000000	 -0.00000000
  -324.6891	   -324.6891	 0.0000	 0.000000	-0.000000	  1.00000000	  1.00000000	 -0.00000000
  -322.8253	   -322.8253	 0.0000	-0.000000	-0.000000	  1.00000000	  1.00000000	  0.00000000
  -320.9723	   -320.9723	 0.0000	-0.000000	 0.000000	  1.00000000	  1.00000000	  0.00000000
  -319.1299	   -319.1299	 0.0000	 0.000000	 0.000000	  1.00000000	  1.00000000	  0.00000000
  -317.2981	   -317.2981	 0.0000	-0.000000	-0.000000	  1.00000000	  1.00000000	  0.00000000
  -315.4768	   -315.4768	 0.0000	 0.000000	 0.000000	  1.00000000	  1.00000000	  0.00000000
  -313.6660	   -313.6660	 0.0000	-0.000000	-0.000000	  1.00000000	  1.00000000	  0.00000000
  -311.8655	   -311.8655	 0.0000	 0.000000	-0.000000	  1.00000000	  1.00000000	 -0.00000000
  -310.0754	   -310.0754	 0.0000	 0.000000	-0.000000	  1.00000000	  1.00000000	 -0.00000000
  -308.2956	   -308.2956	 0.0000	 0.000000	 0.000000	  1.00000000	  1.00000000	 -0.00000000
  -306.5260	   -306.5260	 0.0000	 0.000000	 0.000000	  1.00000000	  1.00000000	  0.00000000
  -304.7665	   -304.7665	 0.0000	 0.000000	 0.000000	  1.00000000	  1.00000000	 -0.00000000
  -303.0171	   -303.0171	 0.0000	 0.000000	-0.000000	  1.00000000	  1.00000000	  0.00000000
  -301.2778	   -301.2778	 0.0000	-0.000000	-0.000000	  1.00000000	  1.00000000	  0.00000000
  -299.5485	   -299.5485	 0.0000	 0.000000	 0.000000	  1.00000000	  1.00000000	 -0.00000000
  -297.8291	   -297.8291	 0.0000	 0.000000	 0.000000	  1.00000000	  1.00000000	  0.00000000
  -296.1195	   -296.1195	 0.0000	 0.000000	-0.000000	  1.00000000	  1.00000000	  0.00000000
  -294.4198	   -294.4198	 0.0000	-0.000000	-0.000000	  1.00000000	  1.00000000	  0.00000000
  -292.7298	   -292.7298	 0.0000	 0.000000	-0.000000	  1.00000000	  1.00000000	  0.00000000
  -291.0495	   -291.0495	 0.0000	 0.000000	 0.000000	  1.00000000	  1.00000000	  0.00000000
  -289.3789	   -289.3789	 0.0000	 0.000000	 0.000000	  1.00000000	  1.00000000	  0.00000000
  -287.7178	   -287.7178	 0.0000	 0.000000	-0.000000	  1.00000000	  1.00000000	  0.00000000
  -286.0663	   -286.0663	 0.0000	 0.000000	-0.000000	  1.00000000	  1.00000000	 -0.00000000
  -284.4243	   -284.4243	 0.0000	-0.000000	-0.000000	  1.00000000	  1.00000000	 -0.00000000
  -282.7917	   -282.7917	 0.0000	-0.000000	-0.000000	  1.00000000	  1.00000000	 -0.00000000
  -281.1685	   -281.1685	 0.0000	 0.000000	 0.000000	  1.00000000	  1.00000000	 -0.00000000
  -279.5546	   -279.5546	 0.0000	 0.000000	 0.000000	  1.00000000	  1.00000000	  0.00000000
  -277.9499	   -277.9499	 0.0000	 0.000000	 0.000000	  1.00000000	  1.00000000	  0.00000000
  -276.3545	   -276.3545	 0.0000	-0.000000	-0.000000	  1.00000000	  1.00000000	 -0.00000000
  -274.7682	   -274.7682	 0.0000	 0.000000	-0.000000	  1.00000000	  1.00000000	 -0.00000000
  -273.1910	   -273.1910	 0.0000	-0.000000	-0.000000	  1.00000000	  1.00000000	  0.00000000
  -271.6229	   -271.6229	 0.0000	-0.000000	 0.000000	  1.00000000	  1.00000000	  0.00000000
  -270.0638	   -270.0638	 0.0000	 0.000000	 0.000000	  1.00000000	  1.00000000	 -0.00000000
  -268.5136	   -268.5136	 0.0000	 0.000000	-0.000000	  1.00000000	  1.00000000	  0.00000000
  -266.9723	   -266.9723	 0.0000	-0.000000	-0.000000	  1.00000000	  1.00000000	 -0.00000000
  -265.4399	   -265.4399	 0.0000	-0.000000	 0.000000	  1.00000000	  1.00000000	  0.00000000
  -263.9162	   -263.9162	 0.0000	-0.000000	-0.000000	  1.00000000	  1.00000000	  0.00000000
  -262.4014	   -262.4014	 0.0000	-0.000000	 0.000000	  1.00000000	  1.00000000	  0.00000000
  -260.8952	   -260.8952	 0.0000	-0.000000	 0.000000	  1.00000000	  1.00000000	 -0.00000000
  -259.3976	   -259.3976	 0.0000	 0.000000	 0.000000	  1.00000000	  1.00000000	 -0.00000000
  -257.9087	   -257.9087	 0.0000	-0.000000	-0.000000	  1.00000000	  1.00000000	 -0.00000000
  -256.4283	   -256.4283	 0.0000	-0.000000	-0.000000	  1.00000000	  1.00000000	  0.00000000
  -254.9563	   -254.9563	 0.0000	-0.000000	 0.000000	  1.00000000	  1.00000000	 -0.00000000
  -253.4929	   -253.4929	 0.0000	-0.000000	 0.000000	  1.00000000	  1.00000000	  0.00000000
  -252.0378	   -252.0378	 0.0000	-0.000000	-0.000000	  1.00000000	  1.00000000	 -0.00000000
  -250.5911	   -250.5911	 0.0000	-0.000000	 0.000000	  1.00000000	  1.00000000	 -0.00000000
  -249.1527	   -249.1527	 0.0000	 0.000000	 0.000000	  1.00000000	  1.00000000	 -0.00000000
  -247.7226	   -247.7226	 0.0000	-0.000000	-0.000000	  1.00000000	  1.00000000	 -0.00000000
  -246.3006	   -246.3006	 0.0000	-0.000000	 0.000000	  1.00000000	  1.00000000	 -0.00000000
  -244.8869	   -244.8869	 0.0000	-0.000000	-0.000000	  1.00000000	  1.00000000	  0.00000000
  -243.4812	   -243.4812	 0.0000	 0.000000	 0.000000	  1.00000000	  1.00000000	 -0.00000000
  -242.0836	   -242.0836	 0.0000	 0.000000	-0.000000	  1.00000000	  1.00000000	  0.00000000
  -240.6940	   -240.6940	 0.0000	 0.000000	-0.000000	  1.00000000	  1.00000000	 -0.00000000
  -239.3124	   -239.3124	 0.0000	 0.000000	-0.000000	  1.00000000	  1.00000000	 -0.00000000
  -237.9388	   -237.9388	 0.0000	-0.000000	-0.000000	  1.00000000	  1.00000000	  0.00000000
  -236.5730	   -236.5730	 0.0000	-0.000000	-0.000000	  1.00000000	  1.00000000	  0.00000000
  -235.2151	   -235.2151	 0.0000	 0.000000	 0.000000	  1.00000000	  1.00000000	 -0.00000000
  -233.8649	   -233.8649	 0.0000	 0.000000	 0.000000	  1.00000000	  1.00000000	  0.00000000
  -232.5225	   -232.5225	 0.0000	 0.000000	-0.000000	  1.00000000	  1.00000000	 -0.00000000
  -231.1878	   -231.1878	 0.0000	 0.000000	 0.000000	  1.00000000	  1.00000000	 -0.00000000
  -229.8608	   -229.8608	 0.0000	 0.000000	 0.000000	  1.00000000	  1.00000000	 -0.00000000
  -228.5414	   -228.5414	 0.0000	 0.000000	-0.000000	  1.00000000	  1.00000000	  0.00000000
  -227.2295	   -227.2295	 0.0000	 0.000000	-0.000000	  1.00000000	  1.00000000	  0.00000000
  -225.9252	   -225.9252	 0.0000	 0.000000	 0.000000	  1.00000000	  1.00000000	  0.00000000
  -224.6284	   -224.6284	 0.0000	 0.000000	 0.000000	  1.00000000	  1.00000000	 -0.00000000
  -223.3390	   -223.3390	 0.0000	 0.000000	 0.000000	  1.00000000	  1.00000000	 -0.00000000
  -222.0571	   -222.0571	 0.0000	 0.000000	-0.000000	  1.00000000	  1.00000000	  0.00000000
  -220.7824	   -220.7824	 0.0000	 0.000000	 0.000000	  1.00000000	  1.00000000	  0.00000000
  -219.5151	   -219.5151	 0.0000	 0.000000	 0.000000	  1.00000000	  1.00000000	 -0.00000000
  -218.2551	   -218.2551	 0.0000	 0.000000	-0.000000	  1.00000000	  1.00000000	  0.00000000
  -217.0023	   -217.0023	 0.0000	 0.000000	-0.000000	  1.00000000	  1.00000000	  0.00000000
  -215.7567	   -215.7567	 0.0000	 0.000000	-0.000000	  1.00000000	  1.00000000	 -0.00000000
  -214.5182	   -214.5182	 0.0000	-0.000000	-0.000000	  1.00000000	  1.00000000	  0.00000000
  -213.2869	   -213.2869	 0.0000	-0.000000	 0.000000	  1.00000000	  1.00000000	 -0.00000000
  -212.0626	   -212.0626	 0.0000	 0.000000	 0.000000	  1.00000000	  1.00000000	 -0.00000000
  -210.8454	   -210.8454	 0.0000	 0.000000	-0.000000	  1.00000000	  1.00000000	  0.00000000
  -209.6351	   -209.6351	 0.0000	 0.000000	-0.000000	  1.00000000	  1.00000000	 -0.00000000
  -208.4318	   -208.4318	 0.0000	-0.000000	-0.000000	  1.00000000	  1.00000000	  0.00000000
  -207.2354	   -207.2354	 0.0000	 0.000000	 0.000000	  1.00000000	  1.00000000	  0.00000000
  -206.0458	   -206.0458	 0.0000	 0.000000	-0.000000	  1.00000000	  1.00000000	  0.00000000
  -204.8631	   -204.8631	 0.0000	-0.000000	-0.000000	  1.00000000	  1.00000000	 -0.00000000
  -203.6872	   -203.6872	 0.0000	-0.000000	-0.000000	  1.00000000	  1.00000000	  0.00000000
  -202.5180	   -202.5180	 0.0000	 0.000000	 0.000000	  1.00000000	  1.00000000	  0.00000000
  -201.3555	   -201.3555	 0.0000	 0.000000	-0.000000	  1.00000000	  1.00000000	  0.00000000
  -200.1997	   -200.1997	 0.0000	-0.000000	 0.000000	  1.00000000	  1.00000000	  0.00000000
  -199.0506	   -199.0506	 0.0000	-0.000000	 0.000000	  1.00000000	  1.00000000	  0.00000000
  -197.9080	   -197.9080	 0.0000	 0.000000	 0.000000	  1.00000000	  1.00000000	 -0.00000000
  -196.7720	   -196.7720	 0.0000	-0.000000	-0.000000	  1.00000000	  1.00000000	 -0.00000000
  -195.6425	   -195.6425	 0.0000	-0.000000	-0.000000	  1.00000000	  1.00000000	 -0.00000000
  -194.5195	   -194.5195	 0.0000	-0.000000	 0.000000	  1.00000000	  1.00000000	  0.00000000
  -193.4030	   -193.4030	 0.0000	-0.000000	 0.000000	  1.00000000	  1.00000000	 -0.00000000
  -192.2928	   -192.2928	 0.0000	-0.000000	-0.000000	  1.00000000	  1.00000000	  0.00000000
  -191.1890	   -191.1890	 0.0000	-0.000000	-0.000000	  1.00000000	  1.00000000	 -0.00000000
  -190.0916	   -190.0916	 0.0000	 0.000000	 0.000000	  1.00000000	  1.00000000	 -0.00000000
  -189.0005	   -189.0005	 0.0000	 0.000000	 0.000000	  1.00000000	  1.00000000	  0.00000000
  -187.9156	   -187.9156	 0.0000	 0.000000	-0.000000	  1.00000000	  1.00000000	 -0.00000000
  -186.8369	   -186.8369	 0.0000	-0.000000	-0.000000	  1.00000000	  1.00000000	  0.00000000
  -185.7645	   -185.7645	 0.0000	-0.000000	 0.000000	  1.00000000	  1.00000000	 -0.00000000
  -184.6982	   -184.6982	 0.0000	 0.000000	 0.000000	  1.00000000	  1.00000000	 -0.00000000
  -183.6380	   -183.6380	 0.0000	 0.000000	-0.000000	  1.00000000	  1.00000000	  0.00000000
  -182.5839	   -182.5839	 0.0000	 0.000000	 0.000000	  1.00000000	  1.00000000	  0.00000000
  -181.5358	   -181.5358	 0.0000	 0.000000	-0.000000	  1.00000000	  1.00000000	 -0.00000000
  -180.4938	   -180.4938	 0.0000	 0.000000	-0.000000	  1.00000000	  1.00000000	 -0.00000000
  -179.4578	   -179.4578	 0.0000	 0.000000	 0.000000	  1.00000000	  1.00000000	  0.00000000
  -178.4277	   -178.4277	 0.0000	 0.000000	-0.000000	  1.00000000	  1.00000000	 -0.00000000
  -177.4035	   -177.4035	 0.0000	 0.000000	 0.000000	  1.00000000	  1.00000000	 -0.00000000
  -176.3852	   -176.3852	 0.0000	 0.000000	 0.000000	  1.00000000	  1.00000000	 -0.00000000
  -175.3727	   -175.3727	 0.0000	 0.000000	 0.000000	  1.00000000	  1.00000000	 -0.00000000
  -174.3660	   -174.3660	 0.0000	 0.000000	-0.000000	  1.00000000	  1.00000000	 -0.00000000
  -173.3652	   -173.3652	 0.0000	 0.000000	 0.000000	  1.00000000	  1.00000000	 -0.00000000
  -172.3700	   -172.3700	 0.0000	 0.000000	-0.000000	  1.00000000	  1.00000000	  0.00000000
  -171.3806	   -171.3806	 0.0000	 0.000000	-0.000000	  1.00000000	  1.00000000	 -0.00000000
  -170.3969	   -170.3969	 0.0000	 0.000000	 0.000000	  1.00000000	  1.00000000	  0.00000000
  -169.4188	   -169.4188	 0.0000	 0.000000	 0.000000	  1.00000000	  1.00000000	 -0.00000000
  -168.4463	   -168.4463	 0.0000	 0.000000	-0.000000	  1.00000000	  1.00000000	  0.00000000
  -167.4794	   -167.4794	 0.0000	-0.000000	 0.000000	  1.00000000	  1.00000000	 -0.00000000
  -166.5180	   -166.5180	 0.0000	 0.000000	 0.000000	  1.00000000	  1.00000000	  0.00000000
  -165.5622	   -165.5622	 0.0000	 0.000000	 0.000000	  1.00000000	  1.00000000	 -0.00000000
  -164.6119	   -164.6119	 0.0000	 0.000000	-0.000000	  1.00000000	  1.00000000	  0.00000000
  -163.6670	   -163.6670	 0.0000	 0.000000	 0.000000	  1.00000000	  1.00000000	 -0.00000000
  -162.7275	   -162.7275	 0.0000	 0.000000	-0.000000	  1.00000000	  1.00000000	  0.00000000
  -161.7934	   -161.7934	 0.0000	 0.000000	-0.000000	  1.00000000	  1.00000000	  0.00000000
  -160.8647	   -160.8647	 0.0000	 0.000000	-0.000000	  1.00000000	  1.00000000	 -0.00000000
  -159.9414	   -159.9414	 0.0000	 0.000000	-0.000000	  1.00000000	  1.00000000	  0.00000000
  -159.0233	   -159.0233	 0.0000	 0.000000	 0.000000	  1.00000000	  1.00000000	  0.00000000
  -158.1105	   -158.1105	 0.0000	 0.000000	-0.000000	  1.00000000	  1.00000000	 -0.00000000
  -157.2029	   -157.2029	 0.0000	 0.000000	 0.000000	  1.00000000	  1.00000000	 -0.00000000
  -156.3005	   -156.3005	 0.0000	 0.000000	-0.000000	  1.00000000	  1.00000000	 -0.00000000
  -155.4033	   -155.4033	 0.0000	 0.000000	 0.000000	  1.00000000	  1.00000000	 -0.00000000
  -154.5113	   -154.5113	 0.0000	 0.000000	-0.000000	  1.00000000	  1.00000000	 -0.00000000
  -153.6244	   -153.6244	 0.0000	-0.000000	-0.000000	  1.00000000	  1.00000000	  0.00000000
  -152.7426	   -152.7426	 0.0000	-0.000000	 0.000000	  1.00000000	  1.00000000	  0.00000000
  -151.8658	   -151.8658	 0.0000	 0.000000	 0.000000	  1.00000000	  1.00000000	 -0.00000000
  -150.9941	   -150.9941	 0.0000	 0.000000	 0.000000	  1.00000000	  1.00000000	  0.00000000
  -150.1274	   -150.1274	 0.0000	 0.000000	-0.000000	  1.00000000	  1.00000000	  0.00000000
  -149.2656	   -149.2656	 0.0000	 0.000000	-0.000000	  1.00000000	  1.00000000	 -0.00000000
  -148.4088	   -148.4088	 0.0000	 0.000000	-0.000000	  1.00000000	  1.00000000	  0.00000000
  -147.5569	   -147.5569	 0.0000	 0.000000	-0.000000	  1.00000000	  1.00000000	 -0.00000000
  -146.7099	   -146.7099	 0.0000	 0.000000	-0.000000	  1.00000000	  1.00000000	 -0.00000000
  -145.8678	   -145.8678	 0.0000	 0.000000	 0.000000	  1.00000000	  1.00000000	  0.00000000
  -145.0305	   -145.0305	 0.0000	 0.000000	 0.000000	  1.00000000	  1.00000000	  0.00000000
  -144.1980	   -144.1980	 0.0000	 0.000000	-0.000000	  1.00000000	  1.00000000	  0.00000000
  -143.3703	   -143.3703	 0.0000	 0.000000	-0.000000	  1.00000000	  1.00000000	  0.00000000
  -142.5473	   -142.5473	 0.0000	 0.000000	 0.000000	  1.00000000	  1.00000000	  0.00000000
  -141.7291	   -141.7291	 0.0000	 0.000000	 0.000000	  1.00000000	  1.00000000	 -0.00000000
  -140.9156	   -140.9156	 0.0000	 0.000000	-0.000000	  1.00000000	  1.00000000	 -0.00000000
  -140.1067	   -140.1067	 0.0000	 0.000000	-0.000000	  1.00000000	  1.00000000	 -0.00000000
  -139.3025	   -139.3025	 0.0000	 0.000000	 0.000000	  1.00000000	  1.00000000	 -0.00000000
  -138.5028	   -138.5028	 0.0000	 0.000000	-0.000000	  1.00000000	  1.00000000	 -0.00000000
  -137.7078	   -137.7078	 0.0000	 0.000000	 0.000000	  1.00000000	  1.00000000	 -0.00000000
  -136.9174	   -136.9174	 0.0000	-0.000000	 0.000000	  1.00000000	  1.00000000	  0.00000000
  -136.1314	   -136.1314	 0.0000	-0.000000	 0.000000	  1.00000000	  1.00000000	  0.00000000
  -135.3500	   -135.3500	 0.0000	 0.000000	 0.000000	  1.00000000	  1.00000000	  0.00000000
  -134.5731	   -134.5731	 0.0000	 0.000000	 0.000000	  1.00000000	  1.00000000	 -0.00000000
  -133.8006	   -133.8006	 0.0000	 0.000000	-0.000000	  1.00000000	  1.00000000	 -0.00000000
  -133.0326	   -133.0326	 0.0000	 0.000000	-0.000000	  1.00000000	  1.00000000	 -0.00000000
  -132.2690	   -132.2690	 0.0000	-0.000000	-0.000000	  1.00000000	  1.00000000	 -0.00000000
  -131.5097	   -131.5097	 0.0000	-0.000000	 0.000000	  1.00000000	  1.00000000	 -0.00000000
  -130.7548	   -130.7548	 0.0000	-0.000000	 0.000000	  1.00000000	  1.00000000	  0.00000000
  -130.0043	   -130.0043	 0.0000	 0.000000	 0.000000	  1.00000000	  1.00000000	 -0.00000000
  -129.2580	   -129.2580	 0.0000	 0.000000	-0.000000	  1.00000000	  1.00000000	 -0.00000000
  -128.5161	   -128.5161	 0.0000	 0.000000	 0.000000	  1.00000000	  1.00000000	  0.00000000
  -127.7784	   -127.7784	 0.0000	 0.000000	-0.000000	  1.00000000	  1.00000000	  0.00000000
  -127.0449	   -127.0449	 0.0000	 0.000000	 0.000000	  1.00000000	  1.00000000	  0.00000000
  -126.3156	   -126.3156	 0.0000	 0.000000	 0.000000	  1.00000000	  1.00000000	 -0.00000000
  -125.5906	   -125.5906	 0.0000	 0.000000	-0.000000	  1.00000000	  1.00000000	 -0.00000000
  -124.8697	   -124.8697	 0.0000	 0.000000	-0.000000	  1.00000000	  1.00000000	 -0.00000000
  -124.1529	   -124.1529	 0.0000	 0.000000	 0.000000	  1.00000000	  1.00000000	 -0.00000000
  -123.4402	   -123.4402	 0.0000	 0.000000	 0.000000	  1.00000000	  1.00000000	 -0.00000000
  -122.7317	   -122.7317	 0.0000	 0.000000	 0.000000	  1.00000000	  1.00000000	  0.00000000
  -122.0272	   -122.0272	 0.0000	 0.000000	-0.000000	  1.00000000	  1.00000000	 -0.00000000
  -121.3267	   -121.3267	 0.0000	 0.000000	-0.000000	  1.00000000	  1.00000000	 -0.00000000
  -120.6303	   -120.6303	 0.0000	 0.000000	-0.000000	  1.00000000	  1.00000000	  0.00000000
  -119.9378	   -119.9378	 0.0000	 0.000000	-0.000000	  1.00000000	  1.00000000	 -0.00000000
  -119.2494	   -119.2494	 0.0000	 0.000000	 0.000000	  1.00000000	  1.00000000	  0.00000000
  -118.5649	   -118.5649	 0.0000	 0.000000	 0.000000	  1.00000000	  1.00000000	 -0.00000000
  -117.8843	   -117.8843	 0.0000	 0.000000	-0.000000	  1.00000000	  1.00000000	  0.00000000
  -117.2076	   -117.2076	 0.0000	 0.000000	 0.000000	  1.00000000	  1.00000000	  0.00000000
  -116.5348	   -116.5348	 0.0000	 0.000000	 0.000000	  1.00000000	  1.00000000	 -0.00000000
  -115.8659	   -115.8659	 0.0000	 0.000000	-0.000000	  1.00000000	  1.00000000	  0.00000000
  -115.2008	   -115.2008	 0.0000	 0.000000	 0.000000	  1.00000000	  1.00000000	 -0.00000000
  -114.5395	   -114.5395	 0.0000	 0.000000	-0.000000	  1.00000000	  1.00000000	 -0.00000000
  -113.8821	   -113.8821	 0.0000	 0.000000	 0.000000	  1.00000000	  1.00000000	 -0.00000000
  -113.2283	   -113.2283	 0.0000	 0.000000	-0.000000	  1.00000000	  1.00000000	  0.00000000
  -112.5784	   -112.5784	 0.0000	 0.000000	 0.000000	  1.00000000	  1.00000000	  0.00000000
  -111.9322	   -111.9322	 0.0000	 0.000000	 0.000000	  1.00000000	  1.00000000	  0.00000000
  -111.2897	   -111.2897	 0.0000	 0.000000	-0.000000	  1.00000000	  1.00000000	  0.00000000
  -110.6508	   -110.6508	 0.0000	 0.000000	-0.000000	  1.00000000	  1.00000000	 -0.00000000
  -110.0157	   -110.0157	 0.0000	 0.000000	-0.000000	  1.00000000	  1.00000000	  0.00000000
  -109.3842	   -109.3842	 0.0000	 0.000000	 0.000000	  1.00000000	  1.00000000	 -0.00000000
  -108.7563	   -108.7563	 0.0000	 0.000000	-0.000000	  1.00000000	  1.00000000	  0.00000000
  -108.1320	   -108.1320	 0.0000	 0.000000	 0.000000	  1.00000000	  1.00000000	 -0.00000000
  -107.5113	   -107.5113	 0.0000	 0.000000	 0.000000	  1.00000000	  1.00000000	 -0.00000000
  -106.8942	   -106.8942	 0.0000	 0.000000	 0.000000	  1.00000000	  1.00000000	 -0.00000000
  -106.2806	   -106.2806	 0.0000	 0.000000	-0.000000	  1.00000000	  1.00000000	  0.00000000
  -105.6705	   -105.6705	 0.0000	 0.000000	 0.000000	  1.00000000	  1.00000000	  0.00000000
  -105.0639	   -105.0639	 0.0000	 0.000000	 0.000000	  1.00000000	  1.00000000	  0.00000000
  -104.4609	   -104.4609	 0.0000	 0.000000	 0.000000	  1.00000000	  1.00000000	 -0.00000000
  -103.8612	   -103.8612	 0.0000	 0.000000	 0.000000	  1.00000000	  1.00000000	  0.00000000
  -103.2650	   -103.2650	 0.0000	 0.000000	 0.000000	  1.00000000	  1.00000000	 -0.00000000
  -102.6723	   -102.6723	 0.0000	 0.000000	-0.000000	  1.00000000	  1.00000000	  0.00000000
  -102.0829	   -102.0829	 0.0000	 0.000000	-0.000000	  1.00000000	  1.00000000	 -0.00000000
  -101.4969	   -101.4969	 0.0000	 0.000000	-0.000000	  1.00000000	  1.00000000	  0.00000000
  -100.9143	   -100.9143	 0.0000	 0.000000	 0.000000	  1.00000000	  1.00000000	  0.00000000
  -100.3351	   -100.3351	 0.0000	 0.000000	 0.000000	  1.00000000	  1.00000000	  0.00000000
   -99.7591	    -99.7591	 0.0000	 0.000000	 0.000000	  1.00000000	  1.00000000	 -0.00000000
   -99.1865	    -99.1865	 0.0000	 0.000000	 0.000000	  1.00000000	  1.00000000	 -0.00000000
   -98.6171	    -98.6171	 0.0000	 0.000000	-0.000000	  1.00000000	  1.00000000	  0.00000000
   -98.0510	    -98.0510	 0.0000	 0.000000	-0.000000	  1.00000000	  1.00000000	  0.00000000
   -97.4882	    -97.4882	 0.0000	 0.000000	-0.000000	  1.00000000	  1.00000000	  0.00000000
   -96.9286	    -96.9286	 0.0000	 0.000000	 0.000000	  1.00000000	  1.00000000	  0.00000000
   -96.3722	    -96.3722	 0.0000	 0.000000	-0.000000	  1.00000000	  1.00000000	  0.00000000
   -95.8190	    -95.8190	 0.0000	-0.000000	 0.000000	  1.00000000	  1.00000000	 -0.00000000
   -95.2690	    -95.2690	 0.0000	 0.000000	 0.000000	  1.00000000	  1.00000000	  0.00000000
   -94.7221	    -94.7221	 0.0000	 0.000000	 0.000000	  1.00000000	  1.00000000	 -0.00000000
   -94.1784	    -94.1784	 0.0000	 0.000000	 0.000000	  1.00000000	  1.00000000	  0.00000000
   -93.6378	    -93.6378	 0.0000	 0.000000	-0.000000	  1.00000000	  1.00000000	 -0.00000000
   -93.1003	    -93.1003	 0.0000	 0.000000	 0.000000	  1.00000000	  1.00000000	 -0.00000000
   -92.5659	    -92.5659	 0.0000	 0.000000	 0.000000	  1.00000000	  1.00000000	 -0.00000000
   -92.0345	    -92.0345	 0.0000	 0.000000	-0.000000	  1.00000000	  1.00000000	 -0.00000000
   -91.5062	    -91.5062	 0.0000	 0.000000	-0.000000	  1.00000000	  1.00000000	  0.00000000
   -90.9810	    -90.9810	 0.0000	 0.000000	 0.000000	  1.00000000	  1.00000000	  0.00000000
   -90.4587	    -90.4587	 0.0000	 0.000000	-0.000000	  1.00000000	  1.00000000	 -0.00000000
   -89.9394	    -89.9394	 0.0000	 0.000000	-0.000000	  1.00000000	  1.00000000	  0.00000000
   -89.4232	    -89.4232	 0.0000	 0.000000	-0.000000	  1.00000000	  1.00000000	 -0.00000000
   -88.9099	    -88.9099	 0.0000	 0.000000	-0.000000	  1.00000000	  1.00000000	 -0.00000000
   -88.3995	    -88.3995	 0.0000	-0.000000	-0.000000	  1.00000000	  1.00000000	  0.00000000
   -87.8921	    -87.8921	 0.0000	 0.000000	 0.000000	  1.00000000	  1.00000000	 -0.00000000
   -87.3875	    -87.3875	 0.0000	 0.000000	-0.000000	  1.00000000	  1.00000000	 -0.00000000
   -86.8859	    -86.8859	 0.0000	-0.000000	 0.000000	  1.00000000	  1.00000000	  0.00000000
   -86.3872	    -86.3872	 0.0000	 0.000000	 0.000000	  1.00000000	  1.00000000	 -0.00000000
   -85.8913	    -85.8913	 0.0000	 0.000000	-0.000000	  1.00000000	  1.00000000	  0.00000000
   -85.3982	    -85.3982	 0.0000	-0.000000	-0.000000	  1.00000000	  1.00000000	 -0.00000000
   -84.9080	    -84.9080	 0.0000	-0.000000	-0.000000	  1.00000000	  1.00000000	 -0.00000000
   -84.4206	    -84.4206	 0.0000	-0.000000	-0.000000	  1.00000000	  1.00000000	  0.00000000
   -83.9360	    -83.9360	 0.0000	-0.000000	 0.000000	  1.00000000	  1.00000000	  0.00000000
   -83.4542	    -83.4542	 0.0000	-0.000000	 0.000000	  1.00000000	  1.00000000	 -0.00000000
   -82.9752	    -82.9752	 0.0000	 0.000000	 0.000000	  1.00000000	  1.00000000	 -0.00000000
   -82.4989	    -82.4989	 0.0000	 0.000000	 0.000000	  1.00000000	  1.00000000	  0.00000000
   -82.0253	    -82.0253	 0.0000	 0.000000	-0.000000	  1.00000000	  1.00000000	 -0.00000000
   -81.5545	    -81.5545	 0.0000	 0.000000	-0.000000	  1.00000000	  1.00000000	  0.00000000
   -81.0863	    -81.0863	 0.0000	-0.000000	-0.000000	  1.00000000	  1.00000000	  0.00000000
   -80.6209	    -80.6209	 0.0000	-0.000000	-0.000000	  1.00000000	  1.00000000	  0.00000000
   -80.1581	    -80.1581	 0.0000	-0.000000	-0.000000	  1.00000000	  1.00000000	 -0.00000000
   -79.6979	    -79.6979	 0.0000	-0.000000	-0.000000	  1.00000000	  1.00000000	 -0.00000000
   -79.2405	    -79.2405	 0.0000	-0.000000	-0.000000	  1.00000000	  1.00000000	 -0.00000000
   -78.7856	    -78.7856	 0.0000	-0.000000	 0.000000	  1.00000000	  1.00000000	 -0.00000000
   -78.3333	    -78.3333	 0.0000	-0.000000	-0.000000	  1.00000000	  1.00000000	 -0.00000000
   -77.8837	    -77.8837	 0.0000	-0.000000	 0.000000	  1.00000000	  1.00000000	  0.00000000
   -77.4366	    -77.4366	 0.0000	-0.000000	 0.000000	  1.00000000	  1.00000000	  0.00000000
   -76.9921	    -76.9921	 0.0000	-0.000000	 0.000000	  1.00000000	  1.00000000	  0.00000000
   -76.5501	    -76.5501	 0.0000	 0.000000	 0.000000	  1.00000000	  1.00000000	 -0.00000000
   -76.1107	    -76.1107	 0.0000	 0.000000	-0.000000	  1.00000000	  1.00000000	  0.00000000
   -75.6738	    -75.6738	 0.0000	 0.000000	-0.000000	  1.00000000	  1.00000000	  0.00000000
   -75.2394	    -75.2394	 0.0000	-0.000000	-0.000000	  1.00000000	  1.00000000	 -0.00000000
   -74.8075	    -74.8075	 0.0000	-0.000000	-0.000000	  1.00000000	  1.00000000	  0.00000000
   -74.3781	    -74.3781	 0.0000	-0.000000	-0.000000	  1.00000000	  1.00000000	 -0.00000000
   -73.9512	    -73.9512	 0.0000	-0.000000	 0.000000	  1.00000000	  1.00000000	  0.00000000
   -73.5267	    -73.5267	 0.0000	-0.000000	 0.000000	  1.00000000	  1.00000000	 -0.00000000
   -73.1046	    -73.1046	 0.0000	 0.000000	 0.000000	  1.00000000	  1.00000000	  0.00000000
   -72.6849	    -72.6849	 0.0000	 0.000000	 0.000000	  1.00000000	  1.00000000	  0.00000000
   -72.2677	    -72.2677	 0.0000	 0.000000	 0.000000	  1.00000000	  1.00000000	  0.00000000
   -71.8529	    -71.8529	 0.0000	 0.000000	 0.000000	  1.00000000	  1.00000000	 -0.00000000
   -71.4404	    -71.4404	 0.0000	 0.000000	 0.000000	  1.00000000	  1.00000000	 -0.00000000
   -71.0303	    -71.0303	 0.0000	 0.000000	 0.000000	  1.00000000	  1.00000000	 -0.00000000
   -70.6226	    -70.6226	 0.0000	 0.000000	 0.000000	  1.00000000	  1.00000000	 -0.00000000
   -70.2172	    -70.2172	 0.0000	 0.000000	 0.000000	  1.00000000	  1.00000000	  0.00000000
   -69.8141	    -69.8141	 0.0000	 0.000000	-0.000000	  1.00000000	  1.00000000	 -0.00000000
   -69.4134	    -69.4134	 0.0000	 0.000000	-0.000000	  1.00000000	  1.00000000	  0.00000000
   -69.0149	    -69.0149	 0.0000	 0.000000	-0.000000	  1.00000000	  1.00000000	  0.00000000
   -68.6187	    -68.6187	 0.0000	 0.000000	 0.000000	  1.00000000	  1.00000000	  0.00000000
   -68.2248	    -68.2248	 0.0000	 0.000000	 0.000000	  1.00000000	  1.00000000	  0.00000000
   -67.8332	    -67.8332	 0.0000	 0.000000	-0.000000	  1.00000000	  1.00000000	 -0.00000000
   -67.4438	    -67.4438	 0.0000	 0.000000	-0.000000	  1.00000000	  1.00000000	  0.00000000
   -67.0567	    -67.0567	 0.0000	 0.000000	-0.000000	  1.00000000	  1.00000000	 -0.00000000
   -66.6717	    -66.6717	 0.0000	 0.000000	-0.000000	  1.00000000	  1.00000000	 -0.00000000
   -66.2890	    -66.2890	 0.0000	 0.000000	 0.000000	  1.00000000	  1.00000000	  0.00000000
   -65.9085	    -65.9085	 0.0000	 0.000000	 0.000000	  1.00000000	  1.00000000	 -0.00000000
   -65.5302	    -65.5302	 0.0000	 0.000000	-0.000000	  1.00000000	  1.00000000	 -0.00000000
   -65.1540	    -65.1540	 0.0000	 0.000000	 0.000000	  1.00000000	  1.00000000	  0.00000000
   -64.7800	    -64.7800	 0.0000	 0.000000	-0.000000	  1.00000000	  1.00000000	 -0.00000000
   -64.4081	    -64.4081	 0.0000	 0.000000	 0.000000	  1.00000000	  1.00000000	  0.00000000
   -64.0384	    -64.0384	 0.0000	 0.000000	 0.000000	  1.00000000	  1.00000000	  0.00000000
   -63.6708	    -63.6708	 0.0000	 0.000000	 0.000000	  1.00000000	  1.00000000	 -0.00000000
   -63.3053	    -63.3053	 0.0000	 0.000000	 0.000000	  1.00000000	  1.00000000	 -0.00000000
   -62.9419	    -62.9419	 0.0000	 0.000000	-0.000000	  1.00000000	  1.00000000	  0.00000000
   -62.5806	    -62.5806	 0.0000	 0.000000	-0.000000	  1.00000000	  1.00000000	  0.00000000
   -62.2214	    -62.2214	 0.0000	 0.000000	-0.000000	  1.00000000	  1.00000000	 -0.00000000
   -61.8642	    -61.8642	 0.0000	 0.000000	 0.000000	  1.00000000	  1.00000000	 -0.00000000
   -61.5091	    -61.5091	 0.0000	 0.000000	-0.000000	  1.00000000	  1.00000000	  0.00000000
   -61.1560	    -61.1560	 0.0000	 0.000000	-0.000000	  1.00000000	  1.00000000	 -0.00000000
   -60.8049	    -60.8049	 0.0000	 0.000000	 0.000000	  1.00000000	  1.00000000	  0.00000000
   -60.4559	    -60.4559	 0.0000	 0.000000	-0.000000	  1.00000000	  1.00000000	 -0.00000000
   -60.1088	    -60.1088	 0.0000	 0.000000	 0.000000	  1.00000000	  1.00000000	  0.00000000
   -59.7638	    -59.7638	 0.0000	 0.000000	-0.000000	  1.00000000	  1.00000000	 -0.00000000
   -59.4207	    -59.4207	 0.0000	 0.000000	 0.000000	  1.00000000	  1.00000000	  0.00000000
   -59.0796	    -59.0796	 0.0000	 0.000000	-0.000000	  1.00000000	  1.00000000	 -0.00000000
   -58.7405	    -58.7405	 0.0000	 0.000000	 0.000000	  1.00000000	  1.00000000	  0.00000000
   -58.4033	    -58.4033	 0.0000	 0.000000	 0.000000	  1.00000000	  1.00000000	 -0.00000000
   -58.0680	    -58.0680	 0.0000	 0.000000	-0.000000	  1.00000000	  1.00000000	 -0.00000000
   -57.7347	    -57.7347	 0.0000	 0.000000	-0.000000	  1.00000000	  1.00000000	  0.00000000
   -57.4033	    -57.4033	 0.0000	 0.000000	 0.000000	  1.00000000	  1.00000000	  0.00000000
   -57.0737	    -57.0737	 0.0000	 0.000000	 0.000000	  1.00000000	  1.00000000	  0.00000000
   -56.7461	    -56.7461	 0.0000	 0.000000	 0.000000	  1.00000000	  1.00000000	 -0.00000000
   -56.4204	    -56.4204	 0.0000	 0.000000	 0.000000	  1.00000000	  1.00000000	  0.00000000
   -56.0965	    -56.0965	 0.0000	 0.000000	 0.000000	  1.00000000	  1.00000000	 -0.00000000
   -55.7745	    -55.7745	 0.0000	 0.000000	 0.000000	  1.00000000	  1.00000000	 -0.00000000
   -55.4543	    -55.4543	 0.0000	 0.000000	-0.000000	  1.00000000	  1.00000000	 -0.00000000
   -55.1360	    -55.1360	 0.0000	 0.000000	-0.000000	  1.00000000	  1.00000000	  0.00000000
   -54.8195	    -54.8195	 0.0000	 0.000000	-0.000000	  1.00000000	  1.00000000	 -0.00000000
   -54.5048	    -54.5048	 0.0000	 0.000000	-0.000000	  1.00000000	  1.00000000	 -0.00000000
   -54.1919	    -54.1919	 0.0000	 0.000000	-0.000000	  1.00000000	  1.00000000	  0.00000000
   -53.8808	    -53.8808	 0.0000	 0.000000	-0.000000	  1.00000000	  1.00000000	 -0.00000000
   -53.5715	    -53.5715	 0.0000	 0.000000	-0.000000	  1.00000000	  1.00000000	  0.00000000
   -53.2640	    -53.2640	 0.0000	 0.000000	-0.000000	  1.00000000	  1.00000000	 -0.00000000
   -52.9582	    -52.9582	 0.0000	 0.000000	-0.000000	  1.00000000	  1.00000000	  0.00000000
   -52.6542	    -52.6542	 0.0000	 0.000000	-0.000000	  1.00000000	  1.00000000	 -0.00000000
   -52.3520	    -52.3520	 0.0000	 0.000000	-0.000000	  1.00000000	  1.00000000	  0.00000000
   -52.0514	    -52.0514	 0.0000	 0.000000	-0.000000	  1.00000000	  1.00000000	  0.00000000
   -51.7526	    -51.7526	 0.0000	 0.000000	 0.000000	  1.00000000	  1.00000000	 -0.00000000
   -51.4555	    -51.4555	 0.0000	 0.000000	-0.000000	  1.00000000	  1.00000000	  0.00000000
   -51.1602	    -51.1602	 0.0000	 0.000000	 0.000000	  1.00000000	  1.00000000	  0.00000000
   -50.8665	    -50.8665	 0.0000	 0.000000	 0.000000	  1.00000000	  1.00000000	 -0.00000000
   -50.5745	    -50.5745	 0.0000	 0.000000	-0.000000	  1.00000000	  1.00000000	  0.00000000
   -50.2842	    -50.2842	 0.0000	 0.000000	 0.000000	  1.00000000	  1.00000000	 -0.00000000
   -49.9955	    -49.9955	 0.0000	 0.000000	 0.000000	  1.00000000	  1.00000000	  0.00000000
   -49.7085	    -49.7085	 0.0000	 0.000000	 0.000000	  1.00000000	  1.00000000	 -0.00000000
   -49.4231	    -49.4231	 0.0000	 0.000000	 0.000000	  1.00000000	  1.00000000	 -0.00000000
   -49.1394	    -49.1394	 0.0000	 0.000000	-0.000000	  1.00000000	  1.00000000	  0.00000000
   -48.8573	    -48.8573	 0.0000	 0.000000	-0.000000	  1.00000000	  1.00000000	 -0.00000000
   -48.5769	    -48.5769	 0.0000	 0.000000	-0.000000	  1.00000000	  1.00000000	  0.00000000
   -48.2980	    -48.2980	 0.0000	 0.000000	-0.000000	  1.00000000	  1.00000000	 -0.00000000
   -48.0208	    -48.0208	 0.0000	 0.000000	-0.000000	  1.00000000	  1.00000000	 -0.00000000
   -47.7451	    -47.7451	 0.0000	-0.000000	-0.000000	  1.00000000	  1.00000000	  0.00000000
   -47.4710	    -47.4710	 0.0000	-0.000000	 0.000000	  1.00000000	  1.00000000	  0.00000000
   -47.1985	    -47.1985	 0.0000	-0.000000	-0.000000	  1.00000000	  1.00000000	 -0.00000000
   -46.9276	    -46.9276	 0.0000	-0.000000	-0.000000	  1.00000000	  1.00000000	 -0.00000000
   -46.6582	    -46.6582	 0.0000	-0.000000	-0.000000	  1.00000000	  1.00000000	 -0.00000000
   -46.3903	    -46.3903	 0.0000	 0.000000	 0.000000	  1.00000000	  1.00000000	 -0.00000000
   -46.1240	    -46.1240	 0.0000	 0.000000	 0.000000	  1.00000000	  1.00000000	 -0.00000000
   -45.8593	    -45.8593	 0.0000	 0.000000	 0.000000	  1.00000000	  1.00000000	 -0.00000000
   -45.5960	    -45.5960	 0.0000	 0.000000	 0.000000	  1.00000000	  1.00000000	  0.00000000
   -45.3343	    -45.3343	 0.0000	 0.000000	 0.000000	  1.00000000	  1.00000000	  0.00000000
   -45.0740	    -45.0740	 0.0000	 0.000000	 0.000000	  1.00000000	  1.00000000	 -0.00000000
   -44.8153	    -44.8153	 0.0000	 0.000000	 0.000000	  1.00000000	  1.00000000	 -0.00000000
   -44.5580	    -44.5580	 0.0000	 0.000000	-0.000000	  1.00000000	  1.00000000	 -0.00000000
   -44.3022	    -44.3022	 0.0000	 0.000000	 0.000000	  1.00000000	  1.00000000	  0.00000000
   -44.0479	    -44.0479	 0.0000	 0.000000	 0.000000	  1.00000000	  1.00000000	  0.00000000
   -43.7950	    -43.7950	 0.0000	 0.000000	 0.000000	  1.00000000	  1.00000000	 -0.00000000
   -43.5436	    -43.5436	 0.0000	 0.000000	-0.000000	  1.00000000	  1.00000000	  0.00000000
   -43.2936	    -43.2936	 0.0000	 0.000000	-0.000000	  1.00000000	  1.00000000	  0.00000000
   -43.0451	    -43.0451	 0.0000	 0.000000	 0.000000	  1.00000000	  1.00000000	  0.00000000
   -42.7980	    -42.7980	 0.0000	 0.000000	 0.000000	  1.00000000	  1.00000000	 -0.00000000
   -42.5523	    -42.5523	 0.0000	 0.000000	 0.000000	  1.00000000	  1.00000000	 -0.00000000
   -42.3081	    -42.3081	 0.0000	 0.000000	-0.000000	  1.00000000	  1.00000000	  0.00000000
   -42.0652	    -42.0652	 0.0000	 0.000000	-0.000000	  1.00000000	  1.00000000	 -0.00000000
   -41.8237	    -41.8237	 0.0000	 0.000000	-0.000000	  1.00000000	  1.00000000	 -0.00000000
   -41.5836	    -41.5836	 0.0000	 0.000000	-0.000000	  1.00000000	  1.00000000	 -0.00000000
   -41.3449	    -41.3449	 0.0000	 0.000000	-0.000000	  1.00000000	  1.00000000	 -0.00000000
   -41.1075	    -41.1075	 0.0000	 0.000000	-0.000000	  1.00000000	  1.00000000	  0.00000000
   -40.8716	    -40.8716	 0.0000	 0.000000	 0.000000	  1.00000000	  1.00000000	 -0.00000000
   -40.6369	    -40.6369	 0.0000	 0.000000	-0.000000	  1.00000000	  1.00000000	  0.00000000
   -40.4037	    -40.4037	 0.0000	 0.000000	-0.000000	  1.00000000	  1.00000000	 -0.00000000
   -40.1717	    -40.1717	 0.0000	 0.000000	 0.000000	  1.00000000	  1.00000000	  0.00000000
   -39.9411	    -39.9411	 0.0000	 0.000000	-0.000000	  1.00000000	  1.00000000	  0.00000000
   -39.7118	    -39.7118	 0.0000	 0.000000	-0.000000	  1.00000000	  1.00000000	 -0.00000000
   -39.4838	    -39.4838	 0.0000	 0.000000	-0.000000	  1.00000000	  1.00000000	 -0.00000000
   -39.2572	    -39.2572	 0.0000	 0.000000	-0.000000	  1.00000000	  1.00000000	  0.00000000
   -39.0318	    -39.0318	 0.0000	 0.000000	-0.000000	  1.00000000	  1.00000000	  0.00000000
   -38.8077	    -38.8077	 0.0000	 0.000000	-0.000000	  1.00000000	  1.00000000	  0.00000000
   -38.5850	    -38.5850	 0.0000	 0.000000	-0.000000	  1.00000000	  1.00000000	 -0.00000000
   -38.3635	    -38.3635	 0.0000	-0.000000	-0.000000	  1.00000000	  1.00000000	  0.00000000
   -38.1432	    -38.1432	 0.0000	-0.000000	-0.000000	  1.00000000	  1.00000000	  0.00000000
   -37.9243	    -37.9243	 0.0000	-0.000000	 0.000000	  1.00000000	  1.00000000	  0.00000000
   -37.7065	    -37.7065	 0.0000	-0.000000	 0.000000	  1.00000000	  1.00000000	  0.00000000
   -37.4901	    -37.4901	 0.0000	-0.000000	 0.000000	  1.00000000	  1.00000000	 -0.00000000
   -37.2749	    -37.2749	 0.0000	-0.000000	 0.000000	  1.00000000	  1.00000000	 -0.00000000
   -37.0609	    -37.0609	 0.0000	-0.000000	 0.000000	  1.00000000	  1.00000000	  0.00000000
   -36.8481	    -36.8481	 0.0000	-0.000000	-0.000000	  1.00000000	  1.00000000	 -0.00000000
   -36.6366	    -36.6366	 0.0000	 0.000000	 0.000000	  1.00000000	  1.00000000	  0.00000000
   -36.4263	    -36.4263	 0.0000	 0.000000	 0.000000	  1.00000000	  1.00000000	 -0.00000000
   -36.2172	    -36.2172	 0.0000	 0.000000	 0.000000	  1.00000000	  1.00000000	  0.00000000
   -36.0092	    -36.0092	 0.0000	 0.000000	 0.000000	  1.00000000	  1.00000000	  0.00000000
   -35.8025	    -35.8025	 0.0000	 0.000000	 0.000000	  1.00000000	  1.00000000	 -0.00000000
   -35.5970	    -35.5970	 0.0000	 0.000000	 0.000000	  1.00000000	  1.00000000	  0.00000000
   -35.3926	    -35.3926	 0.0000	 0.000000	-0.000000	  1.00000000	  1.00000000	 -0.00000000
   -35.1895	    -35.1895	 0.0000	 0.000000	-0.000000	  1.00000000	  1.00000000	  0.00000000
   -34.9874	    -34.9874	 0.0000	 0.000000	-0.000000	  1.00000000	  1.00000000	  0.00000000
   -34.7866	    -34.7866	 0.0000	 0.000000	-0.000000	  1.00000000	  1.00000000	 -0.00000000
   -34.5869	    -34.5869	 0.0000	 0.000000	-0.000000	  1.00000000	  1.00000000	 -0.00000000
   -34.3883	    -34.3883	 0.0000	 0.000000	 0.000000	  1.00000000	  1.00000000	  0.00000000
   -34.1909	    -34.1909	 0.0000	 0.000000	-0.000000	  1.00000000	  1.00000000	 -0.00000000
   -33.9946	    -33.9946	 0.0000	 0.000000	-0.000000	  1.00000000	  1.00000000	  0.00000000
   -33.7995	    -33.7995	 0.0000	 0.000000	 0.000000	  1.00000000	  1.00000000	 -0.00000000
   -33.6055	    -33.6055	 0.0000	 0.000000	-0.000000	  1.00000000	  1.00000000	  0.00000000
   -33.4125	    -33.4125	 0.0000	 0.000000	-0.000000	  1.00000000	  1.00000000	  0.00000000
   -33.2207	    -33.2207	 0.0000	 0.000000	 0.000000	  1.00000000	  1.00000000	 -0.00000000
   -33.0300	    -33.0300	 0.0000	 0.000000	 0.000000	  1.00000000	  1.00000000	  0.00000000
   -32.8404	    -32.8404	 0.0000	 0.000000	 0.000000	  1.00000000	  1.00000000	 -0.00000000
   -32.6519	    -32.6519	 0.0000	 0.000000	 0.000000	  1.00000000	  1.00000000	 -0.00000000
   -32.4644	    -32.4644	 0.0000	 0.000000	-0.000000	  1.00000000	  1.00000000	  0.00000000
   -32.2780	    -32.2780	 0.0000	 0.000000	-0.000000	  1.00000000	  1.00000000	 -0.00000000
   -32.0927	    -32.0927	 0.0000	 0.000000	 0.000000	  1.00000000	  1.00000000	  0.00000000
   -31.9085	    -31.9085	 0.0000	 0.000000	 0.000000	  1.00000000	  1.00000000	 -0.00000000
   -31.7253	    -31.7253	 0.0000	 0.000000	 0.000000	  1.00000000	  1.00000000	  0.00000000
   -31.5432	    -31.5432	 0.0000	 0.000000	 0.000000	  1.00000000	  1.00000000	 -0.00000000
   -31.3621	    -31.3621	 0.0000	 0.000000	 0.000000	  1.00000000	  1.00000000	 -0.00000000
   -31.1821	    -31.1821	 0.0000	 0.000000	 0.000000	  1.00000000	  1.00000000	 -0.00000000
   -31.0030	    -31.0030	 0.0000	 0.000000	 0.000000	  1.00000000	  1.00000000	  0.00000000
   -30.8251	    -30.8251	 0.0000	 0.000000	 0.000000	  1.00000000	  1.00000000	 -0.00000000
   -30.6481	    -30.6481	 0.0000	 0.000000	 0.000000	  1.00000000	  1.00000000	  0.00000000
   -30.4721	    -30.4721	 0.0000	 0.000000	 0.000000	  1.00000000	  1.00000000	  0.00000000
   -30.2972	    -30.2972	 0.0000	 0.000000	 0.000000	  1.00000000	  1.00000000	  0.00000000
   -30.1233	    -30.1233	 0.0000	 0.000000	 0.000000	  1.00000000	  1.00000000	  0.00000000
   -29.9503	    -29.9503	 0.0000	 0.000000	 0.000000	  1.00000000	  1.00000000	  0.00000000
   -29.7784	    -29.7784	 0.0000	 0.000000	 0.000000	  1.00000000	  1.00000000	  0.00000000
   -29.6075	    -29.6075	 0.0000	 0.000000	 0.000000	  1.00000000	  1.00000000	  0.00000000
   -29.4375	    -29.4375	 0.0000	 0.000000	 0.000000	  1.00000000	  1.00000000	  0.00000000
   -29.2685	    -29.2685	 0.0000	 0.000000	 0.000000	  1.00000000	  1.00000000	  0.00000000
   -29.1005	    -29.1005	 0.0000	 0.000000	 0.000000	  1.00000000	  1.00000000	  0.00000000
   -28.9334	    -28.9334	 0.0000	 0.000000	 0.000000	  1.00000000	  1.00000000	  0.00000000
   -28.7673	    -28.7673	 0.0000	 0.000000	 0.000000	  1.00000000	  1.00000000	  0.00000000
   -28.6021	    -28.6021	 0.0000	 0.000000	 0.000000	  1.00000000	  1.00000000	  0.00000000
   -28.4379	    -28.4379	 0.0000	 0.000000	 0.000000	  1.00000000	  1.00000000	  0.00000000
   -28.2747	    -28.2747	 0.0000	 0.000000	 0.000000	  1.00000000	  1.00000000	  0.00000000
   -28.1123	    -28.1123	 0.0000	 0.000000	 0.000000	  1.00000000	  1.00000000	  0.00000000
   -27.9510	    -27.9510	 0.0000	 0.000000	 0.000000	  1.00000000	  1.00000000	  0.00000000
   -27.7905	    -27.7905	 0.0000	 0.000000	 0.000000	  1.00000000	  1.00000000	  0.00000000
   -27.6309	    -27.6309	 0.0000	 0.000000	 0.000000	  1.00000000	  1.00000000	  0.00000000
   -27.4723	    -27.4723	 0.0000	 0.000000	 0.000000	  1.00000000	  1.00000000	  0.00000000
   -27.3146	    -27.3146	 0.0000	 0.000000	 0.000000	  1.00000000	  1.00000000	  0.00000000
   -27.1578	    -27.1578	 0.0000	 0.000000	 0.000000	  1.00000000	  1.00000000	  0.00000000
   -27.0019	    -27.0019	 0.0000	 0.000000	 0.000000	  1.00000000	  1.00000000	  0.00000000
   -26.8469	    -26.8469	 0.0000	 0.000000	 0.000000	  1.00000000	  1.00000000	  0.00000000
   -26.6927	    -26.6927	 0.0000	 0.000000	 0.000000	  1.00000000	  1.00000000	  0.00000000
   -26.5395	    -26.5395	 0.0000	 0.000000	 0.000000	  1.00000000	  1.00000000	  0.00000000
   -26.3871	    -26.3871	 0.0000	 0.000000	 0.000000	  1.00000000	  1.00000000	  0.00000000
   -26.2356	    -26.2356	 0.0000	 0.000000	 0.000000	  1.00000000	  1.00000000	  0.00000000
   -26.0850	    -26.0850	 0.0000	 0.000000	 0.000000	  1.00000000	  1.00000000	  0.00000000
   -25.9353	    -25.9353	 0.0000	 0.000000	 0.000000	  1.00000000	  1.00000000	  0.00000000
   -25.7864	    -25.7864	 0.0000	 0.000000	 0.000000	  1.00000000	  1.00000000	  0.00000000
   -25.6383	    -25.6383	 0.0000	 0.000000	 0.000000	  1.00000000	  1.00000000	  0.00000000
   -25.4911	    -25.4911	 0.0000	 0.000000	 0.000000	  1.00000000	  1.00000000	  0.00000000
   -25.3448	    -25.3448	 0.0000	 0.000000	 0.000000	  1.00000000	  1.00000000	  0.00000000
   -25.1993	    -25.1993	 0.0000	 0.000000	 0.000000	  1.00000000	  1.00000000	  0.00000000
   -25.0546	    -25.0546	 0.0000	 0.000000	 0.000000	  1.00000000	  1.00000000	  0.00000000
   -24.9108	    -24.9108	 0.0000	 0.000000	 0.000000	  1.00000000	  1.00000000	  0.00000000
   -24.7678	    -24.7678	 0.0000	 0.000000	 0.000000	  1.00000000	  1.00000000	  0.00000000
   -24.6256	    -24.6256	 0.0000	 0.000000	 0.000000	  1.00000000	  1.00000000	  0.00000000
   -24.4842	    -24.4842	 0.0000	 0.000000	 0.000000	  1.00000000	  1.00000000	  0.00000000
   -24.3436	    -24.3436	 0.0000	 0.000000	 0.000000	  1.00000000	  1.00000000	  0.00000000
   -24.2039	    -24.2039	 0.0000	 0.000000	 0.000000	  1.00000000	  1.00000000	  0.00000000
   -24.0649	    -24.0649	 0.0000	 0.000000	 0.000000	  1.00000000	  1.00000000	  0.00000000
   -23.9267	    -23.9267	 0.0000	 0.000000	 0.000000	  1.00000000	  1.00000000	  0.00000000
   -23.7894	    -23.7894	 0.0000	 0.000000	 0.000000	  1.00000000	  1.00000000	  0.00000000
   -23.6528	    -23.6528	 0.0000	 0.000000	 0.000000	  1.00000000	  1.00000000	  0.00000000
   -23.5170	    -23.5170	 0.0000	 0.000000	 0.000000	  1.00000000	  1.00000000	  0.00000000
   -23.3820	    -23.3820	 0.0000	 0.000000	 0.000000	  1.00000000	  1.00000000	  0.00000000
   -23.2478	    -23.2478	 0.0000	 0.000000	 0.000000	  1.00000000	  1.00000000	  0.00000000
   -23.1143	    -23.1143	 0.0000	 0.000000	 0.000000	  1.00000000	  1.00000000	  0.00000000
   -22.9816	    -22.9816	 0.0000	 0.000000	 0.000000	  1.00000000	  1.00000000	  0.00000000
   -22.8496	    -22.8496	 0.0000	 0.000000	 0.000000	  1.00000000	  1.00000000	  0.00000000
   -22.7185	    -22.7185	 0.0000	 0.000000	 0.000000	  1.00000000	  1.00000000	  0.00000000
   -22.5880	    -22.5880	 0.0000	 0.000000	 0.000000	  1.00000000	  1.00000000	  0.00000000
   -22.4583	    -22.4583	 0.0000	 0.000000	 0.000000	  1.00000000	  1.00000000	  0.00000000
   -22.3294	    -22.3294	 0.0000	 0.000000	 0.000000	  1.00000000	  1.00000000	  0.00000000
   -22.2012	    -22.2012	 0.0000	 0.000000	 0.000000	  1.00000000	  1.00000000	  0.00000000
   -22.0737	    -22.0737	 0.0000	 0.000000	 0.000000	  1.00000000	  1.00000000	  0.00000000
   -21.9470	    -21.9470	 0.0000	 0.000000	 0.000000	  1.00000000	  1.00000000	  0.00000000
   -21.8210	    -21.8210	 0.0000	 0.000000	 0.000000	  1.00000000	  1.00000000	  0.00000000
   -21.6957	    -21.6957	 0.0000	 0.000000	 0.000000	  1.00000000	  1.00000000	  0.00000000
   -21.5712	    -21.5712	 0.0000	 0.000000	 0.000000	  1.00000000	  1.00000000	  0.00000000
   -21.4473	    -21.4473	 0.0000	 0.000000	 0.000000	  1.00000000	  1.00000000	  0.00000000
   -21.3242	    -21.3242	 0.0000	 0.000000	 0.000000	  1.00000000	  1.00000000	  0.00000000
   -21.2018	    -21.2018	 0.0000	 0.000000	 0.000000	  1.00000000	  1.00000000	  0.00000000
   -21.0800	    -21.0800	 0.0000	 0.000000	 0.000000	  1.00000000	  1.00000000	  0.00000000
   -20.9590	    -20.9590	 0.0000	 0.000000	 0.000000	  1.00000000	  1.00000000	  0.00000000
   -20.8387	    -20.8387	 0.0000	 0.000000	 0.000000	  1.00000000	  1.00000000	  0.00000000
   -20.7190	    -20.7190	 0.0000	 0.000000	 0.000000	  1.00000000	  1.00000000	  0.00000000
   -20.6001	    -20.6001	 0.0000	 0.000000	 0.000000	  1.00000000	  1.00000000	  0.00000000
   -20.4818	    -20.4818	 0.0000	 0.000000	 0.000000	  1.00000000	  1.00000000	  0.00000000
   -20.3642	    -20.3642	 0.0000	 0.000000	 0.000000	  1.00000000	  1.00000000	  0.00000000
   -20.2473	    -20.2473	 0.0000	 0.000000	 0.000000	  1.00000000	  1.00000000	  0.00000000
   -20.1311	    -20.1311	 0.0000	 0.000000	 0.000000	  1.00000000	  1.00000000	  0.00000000
   -20.0155	    -20.0155	 0.0000	 0.000000	 0.000000	  1.00000000	  1.00000000	  0.00000000
   -19.9006	    -19.9006	 0.0000	 0.000000	 0.000000	  1.00000000	  1.00000000	  0.00000000
   -19.7863	    -19.7863	 0.0000	 0.000000	 0.000000	  1.00000000	  1.00000000	  0.00000000
   -19.6727	    -19.6727	 0.0000	 0.000000	 0.000000	  1.00000000	  1.00000000	  0.00000000
   -19.5598	    -19.5598	 0.0000	 0.000000	 0.000000	  1.00000000	  1.00000000	  0.00000000
   -19.4475	    -19.4475	 0.0000	 0.000000	 0.000000	  1.00000000	  1.00000000	  0.00000000
   -19.3358	    -19.3358	 0.0000	 0.000000	 0.000000	  1.00000000	  1.00000000	  0.00000000
   -19.2248	    -19.2248	 0.0000	 0.000000	 0.000000	  1.00000000	  0.99999999	  0.00000001
   -19.1144	    -19.1144	 0.0000	 0.000000	 0.000000	  1.00000000	  0.99999999	  0.00000001
   -19.0047	    -19.0047	 0.0000	 0.000000	 0.000000	  1.00000000	  0.99999999	  0.00000001
   -18.8955	    -18.8955	 0.0000	 0.000000	 0.000000	  1.00000000	  0.99999999	  0.00000001
   -18.7871	    -18.7871	 0.0000	 0.000000	 0.000000	  1.00000000	  0.99999999	  0.00000001
   -18.6792	    -18.6792	 0.0000	 0.000000	 0.000000	  1.00000000	  0.99999999	  0.00000001
   -18.5719	    -18.5719	 0.0000	 0.000000	 0.000000	  1.00000000	  0.99999999	  0.00000001
   -18.4653	    -18.4653	 0.0000	 0.000000	 0.000000	  1.00000000	  0.99999999	  0.00000001
   -18.3593	    -18.3593	 0.0000	 0.000000	 0.000000	  1.00000000	  0.99999999	  0.00000001
   -18.2539	    -18.2539	 0.0000	 0.000000	 0.000000	  1.00000000	  0.99999999	  0.00000001
   -18.1491	    -18.1491	 0.0000	 0.000000	 0.000000	  1.00000000	  0.99999998	  0.00000002
   -18.0449	    -18.0449	 0.0000	 0.000000	 0.000000	  1.00000000	  0.99999998	  0.00000002
   -17.9413	    -17.9413	 0.0000	 0.000000	 0.000000	  1.00000000	  0.99999998	  0.00000002
   -17.8383	    -17.8383	 0.0000	 0.000000	 0.000000	  1.00000000	  0.99999998	  0.00000002
   -17.7358	    -17.7358	 0.0000	 0.000000	 0.000000	  1.00000000	  0.99999998	  0.00000002
   -17.6340	    -17.6340	 0.0000	 0.000000	 0.000000	  1.00000000	  0.99999997	  0.00000003
   -17.5328	    -17.5328	 0.0000	 0.000000	 0.000000	  1.00000000	  0.99999997	  0.00000003
   -17.4321	    -17.4321	 0.0000	 0.000000	 0.000000	  1.00000000	  0.99999997	  0.00000003
   -17.3320	    -17.3320	 0.0000	 0.000000	 0.000000	  1.00000000	  0.99999996	  0.00000004
   -17.2325	    -17.2325	 0.0000	 0.000000	 0.000000	  1.00000000	  0.99999996	  0.00000004
   -17.1336	    -17.1336	 0.0000	 0.000000	 0.000000	  1.00000000	  0.99999996	  0.00000004
   -17.0352	    -17.0352	 0.0000	 0.000000	 0.000000	  1.00000000	  0.99999995	  0.00000005
   -16.9374	    -16.9374	 0.0000	 0.000000	 0.000000	  1.00000000	  0.99999995	  0.00000005
   -16.8401	    -16.8401	 0.0000	 0.000000	 0.000000	  1.00000000	  0.99999994	  0.00000006
   -16.7434	    -16.7434	 0.0000	 0.000000	 0.000000	  1.00000000	  0.99999994	  0.00000006
   -16.6473	    -16.6473	 0.0000	 0.000000	 0.000000	  1.00000000	  0.99999993	  0.00000007
   -16.5517	    -16.5517	 0.0000	 0.000000	 0.000000	  1.00000000	  0.99999992	  0.00000008
   -16.4567	    -16.4567	 0.0000	 0.000000	 0.000000	  1.00000000	  0.99999992	  0.00000008
   -16.3622	    -16.3622	 0.0000	 0.000000	 0.000000	  1.00000000	  0.99999991	  0.00000009
   -16.2683	    -16.2683	 0.0000	 0.000000	 0.000000	  1.00000000	  0.99999990	  0.00000010
   -16.1748	    -16.1748	 0.0000	 0.000000	 0.000000	  1.00000000	  0.99999989	  0.00000011
   -16.0820	    -16.0820	 0.0000	 0.000000	 0.000000	  1.00000000	  0.99999988	  0.00000012
   -15.9896	    -15.9896	 0.0000	 0.000000	 0.000000	  1.00000000	  0.99999987	  0.00000013
   -15.8978	    -15.8978	 0.0000	 0.000000	 0.000000	  1.00000000	  0.99999985	  0.00000015
   -15.8065	    -15.8065	 0.0000	 0.000000	 0.000000	  1.00000000	  0.99999984	  0.00000016
   -15.7158	    -15.7158	 0.0000	 0.000000	 0.000000	  1.00000000	  0.99999982	  0.00000018
   -15.6256	    -15.6256	 0.0000	 0.000000	 0.000000	  1.00000000	  0.99999981	  0.00000019
   -15.5358	    -15.5358	 0.0000	 0.000000	 0.000000	  1.00000000	  0.99999979	  0.00000021
   -15.4466	    -15.4466	 0.0000	 0.000000	 0.000000	  1.00000000	  0.99999977	  0.00000023
   -15.3579	    -15.3579	 0.0000	 0.000000	 0.000000	  1.00000000	  0.99999975	  0.00000025
   -15.2698	    -15.2698	 0.0000	 0.000000	 0.000000	  1.00000000	  0.99999972	  0.00000028
   -15.1821	    -15.1821	 0.0000	 0.000000	 0.000000	  1.00000000	  0.99999970	  0.00000030
   -15.0949	    -15.0949	 0.0000	 0.000000	 0.000000	  1.00000000	  0.99999967	  0.00000033
   -15.0082	    -15.0082	 0.0000	 0.000000	 0.000000	  1.00000000	  0.99999964	  0.00000036
   -14.9221	    -14.9221	 0.0000	 0.000000	 0.000000	  1.00000000	  0.99999961	  0.00000039
   -14.8364	    -14.8364	 0.0000	 0.000000	 0.000000	  1.00000000	  0.99999957	  0.00000043
   -14.7512	    -14.7512	 0.0000	 0.000000	 0.000000	  1.00000000	  0.99999954	  0.00000046
   -14.6665	    -14.6665	 0.0000	 0.000001	 0.000001	  1.00000000	  0.99999950	  0.00000050
   -14.5823	    -14.5823	 0.0000	 0.000001	 0.000001	  1.00000000	  0.99999945	  0.00000055
   -14.4986	    -14.4986	 0.0000	 0.000001	 0.000001	  1.00000000	  0.99999940	  0.00000060
   -14.4153	    -14.4153	 0.0000	 0.000001	 0.000001	  1.00000000	  0.99999935	  0.00000065
   -14.3325	    -14.3325	 0.0000	 0.000001	 0.000001	  1.00000000	  0.99999930	  0.00000070
   -14.2502	    -14.2502	 0.0000	 0.000001	 0.000001	  1.00000000	  0.99999924	  0.00000076
   -14.1684	    -14.1684	 0.0000	 0.000001	 0.000001	  1.00000000	  0.99999917	  0.00000083
   -14.0871	    -14.0871	 0.0000	 0.000001	 0.000001	  1.00000000	  0.99999910	  0.00000090
   -14.0062	    -14.0062	 0.0000	 0.000001	 0.000001	  1.00000000	  0.99999902	  0.00000098
   -13.9257	    -13.9257	 0.0000	 0.000001	 0.000001	  1.00000000	  0.99999894	  0.00000106
   -13.8458	    -13.8458	 0.0000	 0.000001	 0.000001	  1.00000000	  0.99999885	  0.00000115
   -13.7663	    -13.7663	 0.0000	 0.000001	 0.000001	  1.00000000	  0.99999876	  0.00000124
   -13.6872	    -13.6872	 0.0000	 0.000001	 0.000001	  1.00000000	  0.99999866	  0.00000134
   -13.6086	    -13.6086	 0.0000	 0.000001	 0.000001	  1.00000000	  0.99999855	  0.00000145
   -13.5305	    -13.5305	 0.0000	 0.000002	 0.000002	  1.00000000	  0.99999843	  0.00000157
   -13.4528	    -13.4528	 0.0000	 0.000002	 0.000002	  1.00000000	  0.99999830	  0.00000170
   -13.3756	    -13.3756	 0.0000	 0.000002	 0.000002	  1.00000000	  0.99999817	  0.00000183
   -13.2988	    -13.2988	 0.0000	 0.000002	 0.000002	  1.00000000	  0.99999802	  0.00000198
   -13.2224	    -13.2224	 0.0000	 0.000002	 0.000002	  1.00000000	  0.99999786	  0.00000214
   -13.1465	    -13.1465	 0.0000	 0.000002	 0.000002	  1.00000000	  0.99999769	  0.00000231
   -13.0710	    -13.0710	 0.0000	 0.000002	 0.000002	  1.00000000	  0.99999751	  0.00000249
   -12.9959	    -12.9959	 0.0000	 0.000003	 0.000003	  1.00000000	  0.99999732	  0.00000268
   -12.9213	    -12.9213	 0.0000	 0.000003	 0.000003	  1.00000000	  0.99999711	  0.00000289
   -12.8471	    -12.8471	 0.0000	 0.000003	 0.000003	  1.00000000	  0.99999689	  0.00000311
   -12.7733	    -12.7733	 0.0000	 0.000003	 0.000003	  1.00000000	  0.99999665	  0.00000335
   -12.7000	    -12.7000	 0.0000	 0.000004	 0.000004	  1.00000000	  0.99999640	  0.00000360
   -12.6271	    -12.6271	 0.0000	 0.000004	 0.000004	  1.00000000	  0.99999612	  0.00000388
   -12.5546	    -12.5546	 0.0000	 0.000004	 0.000004	  1.00000000	  0.99999583	  0.00000417
   -12.4825	    -12.4825	 0.0000	 0.000004	 0.000004	  1.00000000	  0.99999552	  0.00000448
   -12.4108	    -12.4108	 0.0000	 0.000005	 0.000005	  1.00000000	  0.99999519	  0.00000481
   -12.3395	    -12.3395	 0.0000	 0.000005	 0.000005	  1.00000000	  0.99999483	  0.00000517
   -12.2687	    -12.2687	 0.0000	 0.000006	 0.000006	  1.00000000	  0.99999445	  0.00000555
   -12.1982	    -12.1982	 0.0000	 0.000006	 0.000006	  1.00000000	  0.99999405	  0.00000595
   -12.1282	    -12.1282	 0.0000	 0.000006	 0.000006	  1.00000000	  0.99999362	  0.00000638
   -12.0585	    -12.0585	 0.0000	 0.000007	 0.000007	  1.00000000	  0.99999316	  0.00000684
   -11.9893	    -11.9893	 0.0000	 0.000007	 0.000007	  1.00000000	  0.99999267	  0.00000733
   -11.9204	    -11.9204	 0.0000	 0.000008	 0.000008	  1.00000000	  0.99999214	  0.00000786
   -11.8520	    -11.8520	 0.0000	 0.000008	 0.000008	  1.00000000	  0.99999159	  0.00000841
   -11.7839	    -11.7839	 0.0000	 0.000009	 0.000009	  1.00000000	  0.99999099	  0.00000901
   -11.7163	    -11.7163	 0.0000	 0.000010	 0.000010	  1.00000000	  0.99999036	  0.00000964
   -11.6490	    -11.6490	 0.0000	 0.000010	 0.000010	  1.00000000	  0.99998969	  0.00001031
   -11.5821	    -11.5821	 0.0000	 0.000011	 0.000011	  1.00000000	  0.99998898	  0.00001102
   -11.5156	    -11.5156	 0.0000	 0.000012	 0.000012	  1.00000000	  0.99998822	  0.00001178
   -11.4495	    -11.4495	 0.0000	 0.000013	 0.000013	  1.00000000	  0.99998742	  0.00001258
   -11.3837	    -11.3837	 0.0000	 0.000013	 0.000013	  1.00000000	  0.99998656	  0.00001344
   -11.3183	    -11.3183	 0.0000	 0.000014	 0.000014	  1.00000000	  0.99998565	  0.00001435
   -11.2533	    -11.2533	 0.0000	 0.000015	 0.000015	  1.00000000	  0.99998469	  0.00001531
   -11.1887	    -11.1887	 0.0000	 0.000016	 0.000016	  1.00000000	  0.99998367	  0.00001633
   -11.1245	    -11.1245	 0.0000	 0.000017	 0.000017	  1.00000000	  0.99998258	  0.00001742
   -11.0606	    -11.0606	 0.0000	 0.000019	 0.000019	  1.00000000	  0.99998143	  0.00001857
   -10.9971	    -10.9971	 0.0000	 0.000020	 0.000020	  1.00000000	  0.99998022	  0.00001978
   -10.9339	    -10.9339	 0.0000	 0.000021	 0.000021	  1.00000000	  0.99997893	  0.00002107
   -10.8711	    -10.8711	 0.0000	 0.000022	 0.000022	  1.00000000	  0.99997756	  0.00002244
   -10.8087	    -10.8087	 0.0000	 0.000024	 0.000024	  1.00000000	  0.99997612	  0.00002388
   -10.7466	    -10.7466	 0.0000	 0.000025	 0.000025	  1.00000000	  0.99997459	  0.00002541
   -10.6849	    -10.6849	 0.0000	 0.000027	 0.000027	  1.00000000	  0.99997297	  0.00002703
   -10.6236	    -10.6236	 0.0000	 0.000029	 0.000029	  1.00000000	  0.99997126	  0.00002874
   -10.5626	    -10.5626	 0.0000	 0.000031	 0.000031	  1.00000000	  0.99996945	  0.00003055
   -10.5019	    -10.5019	 0.0000	 0.000032	 0.000032	  1.00000000	  0.99996754	  0.00003246
   -10.4416	    -10.4416	 0.0000	 0.000034	 0.000034	  1.00000000	  0.99996552	  0.00003448
   -10.3816	    -10.3816	 0.0000	 0.000037	 0.000037	  1.00000000	  0.99996339	  0.00003661
   -10.3220	    -10.3220	 0.0000	 0.000039	 0.000039	  1.00000000	  0.99996114	  0.00003886
   -10.2627	    -10.2627	 0.0000	 0.000041	 0.000041	  1.00000000	  0.99995877	  0.00004123
   -10.2038	    -10.2038	 0.0000	 0.000044	 0.000044	  1.00000000	  0.99995627	  0.00004373
   -10.1452	    -10.1452	 0.0000	 0.000046	 0.000046	  1.00000000	  0.99995363	  0.00004637
   -10.0869	    -10.0869	 0.0000	 0.000049	 0.000049	  1.00000000	  0.99995085	  0.00004915
   -10.0290	    -10.0290	 0.0000	 0.000052	 0.000052	  1.00000000	  0.99994792	  0.00005208
    -9.9714	     -9.9714	 0.0000	 0.000055	 0.000055	  1.00000000	  0.99994483	  0.00005517
    -9.9141	     -9.9141	 0.0000	 0.000058	 0.000058	  1.00000000	  0.99994158	  0.00005842
    -9.8572	     -9.8572	 0.0000	 0.000062	 0.000062	  1.00000000	  0.99993815	  0.00006185
    -9.8006	     -9.8006	 0.0000	 0.000065	 0.000065	  1.00000000	  0.99993455	  0.00006545
    -9.7443	     -9.7443	 0.0000	 0.000069	 0.000069	  1.00000000	  0.99993076	  0.00006924
    -9.6884	     -9.6884	 0.0000	 0.000073	 0.000073	  1.00000000	  0.99992678	  0.00007322
    -9.6327	     -9.6327	 0.0000	 0.000077	 0.000077	  1.00000000	  0.99992259	  0.00007741
    -9.5774	     -9.5774	 0.0000	 0.000082	 0.000082	  1.00000000	  0.99991819	  0.00008181
    -9.5224	     -9.5224	 0.0000	 0.000086	 0.000086	  1.00000000	  0.99991356	  0.00008644
    -9.4677	     -9.4677	 0.0000	 0.000091	 0.000091	  1.00000000	  0.99990870	  0.00009130
    -9.4133	     -9.4133	 0.0000	 0.000096	 0.000096	  1.00000000	  0.99990360	  0.00009640
    -9.3593	     -9.3593	 0.0000	 0.000102	 0.000102	  1.00000000	  0.99989825	  0.00010175
    -9.3055	     -9.3055	 0.0000	 0.000107	 0.000107	  1.00000000	  0.99989263	  0.00010737
    -9.2521	     -9.2521	 0.0000	 0.000113	 0.000113	  1.00000000	  0.99988674	  0.00011326
    -9.1990	     -9.1990	 0.0000	 0.000119	 0.000119	  1.00000000	  0.99988055	  0.00011945
    -9.1461	     -9.1461	 0.0000	 0.000126	 0.000126	  1.00000000	  0.99987408	  0.00012592
    -9.0936	     -9.0936	 0.0000	 0.000133	 0.000133	  1.00000000	  0.99986728	  0.00013272
    -9.0414	     -9.0414	 0.0000	 0.000140	 0.000140	  1.00000000	  0.99986017	  0.00013983
    -8.9894	     -8.9894	 0.0000	 0.000147	 0.000147	  1.00000000	  0.99985272	  0.00014728
    -8.9378	     -8.9378	 0.0000	 0.000155	 0.000155	  1.00000000	  0.99984492	  0.00015508
    -8.8865	     -8.8865	 0.0000	 0.000163	 0.000163	  1.00000000	  0.99983675	  0.00016325
    -8.8354	     -8.8354	 0.0000	 0.000172	 0.000172	  1.00000000	  0.99982820	  0.00017180
    -8.7847	     -8.7847	 0.0000	 0.000181	 0.000181	  1.00000000	  0.99981926	  0.00018074
    -8.7343	     -8.7343	 0.0000	 0.000190	 0.000190	  1.00000000	  0.99980991	  0.00019009
    -8.6841	     -8.6841	 0.0000	 0.000200	 0.000200	  1.00000000	  0.99980013	  0.00019987
    -8.6342	     -8.6342	 0.0000	 0.000210	 0.000210	  1.00000000	  0.99978991	  0.00021009
    -8.5846	     -8.5846	 0.0000	 0.000221	 0.000221	  1.00000000	  0.99977923	  0.00022077
    -8.5353	     -8.5353	 0.0000	 0.000232	 0.000232	  1.00000000	  0.99976808	  0.00023192
    -8.4863	     -8.4863	 0.0000	 0.000244	 0.000244	  1.00000000	  0.99975643	  0.00024357
    -8.4376	     -8.4376	 0.0000	 0.000256	 0.000256	  1.00000000	  0.99974426	  0.00025574
    -8.3891	     -8.3891	 0.0000	 0.000268	 0.000268	  1.00000000	  0.99973157	  0.00026843
    -8.3409	     -8.3409	 0.0000	 0.000282	 0.000282	  1.00000000	  0.99971832	  0.00028168
    -8.2930	     -8.2930	 0.0000	 0.000296	 0.000296	  1.00000000	  0.99970450	  0.00029550
    -8.2454	     -8.2454	 0.0000	 0.000310	 0.000310	  1.00000000	  0.99969009	  0.00030991
    -8.1980	     -8.1980	 0.0000	 0.000325	 0.000325	  1.00000000	  0.99967506	  0.00032494
    -8.1509	     -8.1509	 0.0000	 0.000341	 0.000341	  1.00000000	  0.99965940	  0.00034060
    -8.1041	     -8.1041	 0.0000	 0.000357	 0.000357	  1.00000000	  0.99964308	  0.00035692
    -8.0576	     -8.0576	 0.0000	 0.000374	 0.000374	  1.00000000	  0.99962608	  0.00037392
    -8.0113	     -8.0113	 0.0000	 0.000392	 0.000392	  1.00000000	  0.99960837	  0.00039163
    -7.9653	     -7.9653	 0.0000	 0.000410	 0.000410	  1.00000000	  0.99958993	  0.00041007
    -7.9195	     -7.9195	 0.0000	 0.000429	 0.000429	  1.00000000	  0.99957074	  0.00042926
    -7.8741	     -7.8741	 0.0000	 0.000449	 0.000449	  1.00000000	  0.99955077	  0.00044923
    -7.8288	     -7.8288	 0.0000	 0.000470	 0.000470	  1.00000000	  0.99953000	  0.00047000
    -7.7839	     -7.7839	 0.0000	 0.000492	 0.000492	  1.00000000	  0.99950839	  0.00049161
    -7.7392	     -7.7392	 0.0000	 0.000514	 0.000514	  1.00000000	  0.99948592	  0.00051408
    -7.6947	     -7.6947	 0.0000	 0.000538	 0.000538	  1.00000000	  0.99946256	  0.00053744
    -7.6505	     -7.6505	 0.0000	 0.000562	 0.000562	  1.00000000	  0.99943828	  0.00056172
    -7.6066	     -7.6066	 0.0000	 0.000587	 0.000587	  1.00000000	  0.99941306	  0.00058694
    -7.5629	     -7.5629	 0.0000	 0.000613	 0.000613	  1.00000000	  0.99938686	  0.00061314
    -7.5194	     -7.5194	 0.0000	 0.000641	 0.000640	  1.00000000	  0.99935965	  0.00064035
    -7.4763	     -7.4763	 0.0000	 0.000669	 0.000669	  1.00000000	  0.99933140	  0.00066860
    -7.4333	     -7.4333	 0.0000	 0.000698	 0.000698	  1.00000000	  0.99930207	  0.00069793
    -7.3906	     -7.3906	 0.0000	 0.000729	 0.000729	  1.00000000	  0.99927165	  0.00072835
    -7.3482	     -7.3482	 0.0000	 0.000760	 0.000760	  1.00000000	  0.99924008	  0.00075992
    -7.3060	     -7.3060	 0.0000	 0.000793	 0.000793	  1.00000000	  0.99920733	  0.00079267
    -7.2640	     -7.2640	 0.0000	 0.000827	 0.000827	  1.00000000	  0.99917338	  0.00082662
    -7.2223	     -7.2223	 0.0000	 0.000862	 0.000862	  1.00000000	  0.99913818	  0.00086182
    -7.1808	     -7.1808	 0.0000	 0.000899	 0.000899	  1.00000000	  0.99910170	  0.00089830
    -7.1395	     -7.1395	 0.0000	 0.000937	 0.000936	  1.00000000	  0.99906390	  0.00093610
    -7.0985	     -7.0985	 0.0000	 0.000976	 0.000976	  1.00000000	  0.99902474	  0.00097526
    -7.0578	     -7.0578	 0.0000	 0.001016	 0.001016	  1.00000000	  0.99898418	  0.00101582
    -7.0172	     -7.0172	 0.0000	 0.001058	 0.001058	  1.00000000	  0.99894218	  0.00105782
    -6.9769	     -6.9769	 0.0000	 0.001102	 0.001102	  1.00000000	  0.99889870	  0.00110130
    -6.9368	     -6.9368	 0.0000	 0.001147	 0.001147	  1.00000000	  0.99885371	  0.00114629
    -6.8970	     -6.8970	 0.0000	 0.001194	 0.001193	  1.00000000	  0.99880715	  0.00119285
    -6.8574	     -6.8574	 0.0000	 0.001242	 0.001242	  1.00000000	  0.99875898	  0.00124102
    -6.8180	     -6.8180	 0.0000	 0.001292	 0.001291	  1.00000000	  0.99870917	  0.00129083
    -6.7788	     -6.7788	 0.0000	 0.001343	 0.001343	  1.00000000	  0.99865766	  0.00134234
    -6.7399	     -6.7399	 0.0000	 0.001397	 0.001396	  1.00000000	  0.99860441	  0.00139559
    -6.7012	     -6.7012	 0.0000	 0.001452	 0.001451	  1.00000000	  0.99854937	  0.00145063
    -6.6627	     -6.6627	 0.0000	 0.001509	 0.001508	  1.00000000	  0.99849250	  0.00150750
    -6.6244	     -6.6244	 0.0000	 0.001567	 0.001567	  1.00000000	  0.99843375	  0.00156625
    -6.5863	     -6.5863	 0.0000	 0.001628	 0.001628	  1.00000000	  0.99837306	  0.00162694
    -6.5485	     -6.5485	 0.0000	 0.001691	 0.001691	  1.00000000	  0.99831040	  0.00168960
    -6.5109	     -6.5109	 0.0000	 0.001756	 0.001755	  1.00000000	  0.99824571	  0.00175429
    -6.4735	     -6.4735	 0.0000	 0.001823	 0.001822	  1.00000000	  0.99817894	  0.00182106
    -6.4363	     -6.4363	 0.0000	 0.001892	 0.001891	  1.00000000	  0.99811003	  0.00188997
    -6.3993	     -6.3993	 0.0000	 0.001963	 0.001962	  1.00000000	  0.99803894	  0.00196106
    -6.3626	     -6.3626	 0.0000	 0.002036	 0.002036	  1.00000000	  0.99796561	  0.00203439
    -6.3260	     -6.3260	 0.0000	 0.002112	 0.002112	  1.00000000	  0.99788998	  0.00211002
    -6.2897	     -6.2897	 0.0000	 0.002190	 0.002190	  1.00000000	  0.99781201	  0.00218799
    -6.2536	     -6.2536	 0.0000	 0.002271	 0.002270	  1.00000000	  0.99773163	  0.00226837
    -6.2176	     -6.2176	 0.0000	 0.002354	 0.002353	  1.00000000	  0.99764879	  0.00235121
    -6.1819	     -6.1819	 0.0000	 0.002440	 0.002439	  1.00000000	  0.99756343	  0.00243657
    -6.1464	     -6.1464	 0.0000	 0.002528	 0.002527	  1.00000000	  0.99747550	  0.00252450
    -6.1111	     -6.1111	 0.0000	 0.002618	 0.002617	  1.00000000	  0.99738493	  0.00261507
    -6.0760	     -6.0760	 0.0000	 0.002712	 0.002711	  1.00000000	  0.99729166	  0.00270834
    -6.0411	     -6.0411	 0.0000	 0.002808	 0.002807	  1.00000000	  0.99719564	  0.00280436
    -6.0064	     -6.0064	 0.0000	 0.002907	 0.002906	  1.00000000	  0.99709680	  0.00290320
    -5.9719	     -5.9719	 0.0000	 0.003009	 0.003008	  1.00000000	  0.99699508	  0.00300492
    -5.9376	     -5.9376	 0.0000	 0.003114	 0.003113	  1.00000000	  0.99689042	  0.00310958
    -5.9035	     -5.9035	 0.0000	 0.003222	 0.003221	  1.00000000	  0.99678276	  0.00321724
    -5.8695	     -5.8695	 0.0000	 0.003334	 0.003332	  1.00000000	  0.99667202	  0.00332798
    -5.8358	     -5.8358	 0.0000	 0.003448	 0.003446	  1.00000000	  0.99655815	  0.00344185
    -5.8023	     -5.8023	 0.0000	 0.003565	 0.003563	  1.00000000	  0.99644108	  0.00355892
    -5.7690	     -5.7690	 0.0000	 0.003686	 0.003684	  1.00000000	  0.99632075	  0.00367925
    -5.7358	     -5.7358	 0.0000	 0.003810	 0.003808	  1.00000000	  0.99619708	  0.00380292
    -5.7029	     -5.7029	 0.0000	 0.003938	 0.003935	  1.00000000	  0.99607002	  0.00392998
    -5.6701	     -5.6701	 0.0000	 0.004069	 0.004066	  1.00000000	  0.99593948	  0.00406052
    -5.6375	     -5.6375	 0.0000	 0.004203	 0.004200	  1.00000000	  0.99580541	  0.00419459
    -5.6051	     -5.6051	 0.0000	 0.004342	 0.004339	  1.00000000	  0.99566773	  0.00433227
    -5.5729	     -5.5729	 0.0000	 0.004484	 0.004480	  1.00000000	  0.99552638	  0.00447362
    -5.5409	     -5.5409	 0.0000	 0.004629	 0.004626	  1.00000000	  0.99538128	  0.00461872
    -5.5091	     -5.5091	 0.0000	 0.004779	 0.004775	  1.00000000	  0.99523236	  0.00476764
    -5.4774	     -5.4774	 0.0000	 0.004933	 0.004929	  1.00000000	  0.99507955	  0.00492045
    -5.4460	     -5.4460	 0.0000	 0.005090	 0.005086	  1.00000000	  0.99492278	  0.00507722
    -5.4147	     -5.4147	 0.0000	 0.005252	 0.005247	  1.00000000	  0.99476197	  0.00523803
    -5.3836	     -5.3836	 0.0000	 0.005418	 0.005413	  1.00000000	  0.99459706	  0.00540294
    -5.3527	     -5.3527	 0.0000	 0.005588	 0.005582	  1.00000000	  0.99442797	  0.00557203
    -5.3219	     -5.3219	 0.0000	 0.005762	 0.005756	  1.00000000	  0.99425462	  0.00574538
    -5.2913	     -5.2913	 0.0000	 0.005941	 0.005935	  1.00000000	  0.99407694	  0.00592306
    -5.2609	     -5.2609	 0.0000	 0.006124	 0.006118	  1.00000000	  0.99389486	  0.00610514
    -5.2307	     -5.2307	 0.0000	 0.006312	 0.006305	  1.00000000	  0.99370829	  0.00629171
    -5.2006	     -5.2006	 0.0000	 0.006504	 0.006497	  1.00000000	  0.99351717	  0.00648283
    -5.1708	     -5.1708	 0.0000	 0.006701	 0.006694	  1.00000000	  0.99332142	  0.00667858
    -5.1411	     -5.1411	 0.0000	 0.006903	 0.006895	  1.00000000	  0.99312096	  0.00687904
    -5.1115	     -5.1115	 0.0000	 0.007110	 0.007101	  1.00000000	  0.99291571	  0.00708429
    -5.0821	     -5.0821	 0.0000	 0.007321	 0.007312	  1.00000000	  0.99270560	  0.00729440
    -5.0529	     -5.0529	 0.0000	 0.007538	 0.007528	  1.00000000	  0.99249055	  0.00750945
    -5.0239	     -5.0239	 0.0000	 0.007760	 0.007750	  1.00000000	  0.99227048	  0.00772952
    -4.9950	     -4.9950	 0.0000	 0.007986	 0.007976	  1.00000000	  0.99204531	  0.00795469
    -4.9664	     -4.9664	 0.0000	 0.008219	 0.008207	  1.00000000	  0.99181497	  0.00818503
    -4.9378	     -4.9378	 0.0000	 0.008456	 0.008444	  1.00000000	  0.99157937	  0.00842063
    -4.9094	     -4.9094	 0.0000	 0.008699	 0.008687	  1.00000000	  0.99133845	  0.00866155
    -4.8812	     -4.8812	 0.0000	 0.008948	 0.008934	  1.00000000	  0.99109212	  0.00890788
    -4.8532	     -4.8532	 0.0000	 0.009202	 0.009188	  1.00000000	  0.99084029	  0.00915971
    -4.8253	     -4.8253	 0.0000	 0.009462	 0.009447	  1.00000000	  0.99058290	  0.00941710
    -4.7976	     -4.7976	 0.0000	 0.009727	 0.009712	  1.00000000	  0.99031987	  0.00968013
    -4.7700	     -4.7700	 0.0000	 0.009999	 0.009982	  1.00000000	  0.99005111	  0.00994889
    -4.7426	     -4.7426	 0.0000	 0.010276	 0.010259	  1.00000000	  0.98977654	  0.01022346
    -4.7154	     -4.7154	 0.0000	 0.010559	 0.010541	  1.00000000	  0.98949610	  0.01050390
    -4.6883	     -4.6883	 0.0000	 0.010849	 0.010829	  1.00000000	  0.98920969	  0.01079031
    -4.6613	     -4.6613	 0.0000	 0.011145	 0.011124	  1.00000000	  0.98891724	  0.01108276
    -4.6345	     -4.6345	 0.0000	 0.011447	 0.011425	  1.00000000	  0.98861867	  0.01138133
    -4.6079	     -4.6079	 0.0000	 0.011755	 0.011732	  1.00000000	  0.98831391	  0.01168609
    -4.5814	     -4.5814	 0.0000	 0.012070	 0.012045	  1.00000000	  0.98800287	  0.01199713
    -4.5551	     -4.5551	 0.0000	 0.012391	 0.012365	  1.00000000	  0.98768547	  0.01231453
    -4.5289	     -4.5289	 0.0000	 0.012719	 0.012692	  1.00000000	  0.98736165	  0.01263835
    -4.5029	     -4.5029	 0.0000	 0.013054	 0.013025	  1.00000000	  0.98703132	  0.01296868
    -4.4770	     -4.4770	 0.0000	 0.013395	 0.013365	  1.00000000	  0.98669440	  0.01330560
    -4.4513	     -4.4513	 0.0000	 0.013743	 0.013712	  1.00000000	  0.98635081	  0.01364919
    -4.4257	     -4.4257	 0.0000	 0.014098	 0.014065	  1.00000000	  0.98600049	  0.01399951
    -4.4003	     -4.4003	 0.0000	 0.014461	 0.014426	  1.00000000	  0.98564335	  0.01435665
    -4.3750	     -4.3750	 0.0000	 0.014830	 0.014794	  1.00000000	  0.98527932	  0.01472068
    -4.3499	     -4.3499	 0.0000	 0.015207	 0.015168	  1.00000000	  0.98490832	  0.01509168
    -4.3249	     -4.3249	 0.0000	 0.015591	 0.015550	  1.00000000	  0.98453027	  0.01546973
    -4.3000	     -4.3000	 0.0000	 0.015982	 0.015939	  1.00000000	  0.98414511	  0.01585489
    -4.2753	     -4.2753	 0.0000	 0.016381	 0.016336	  1.00000000	  0.98375276	  0.01624724
    -4.2507	     -4.2507	 0.0000	 0.016787	 0.016740	  1.00000000	  0.98335315	  0.01664685
    -4.2263	     -4.2263	 0.0000	 0.017201	 0.017152	  1.00000000	  0.98294619	  0.01705381
    -4.2020	     -4.2020	 0.0000	 0.017623	 0.017571	  1.00000000	  0.98253183	  0.01746817
    -4.1779	     -4.1779	 0.0000	 0.018052	 0.017998	  1.00000000	  0.98210999	  0.01789001
    -4.1539	     -4.1539	 0.0000	 0.018489	 0.018432	  1.00000000	  0.98168059	  0.01831941
    -4.1300	     -4.1300	 0.0000	 0.018935	 0.018875	  1.00000000	  0.98124357	  0.01875643
    -4.1063	     -4.1063	 0.0000	 0.019388	 0.019325	  1.00000000	  0.98079886	  0.01920114
    -4.0827	     -4.0827	 0.0000	 0.019849	 0.019784	  1.00000000	  0.98034639	  0.01965361
    -4.0592	     -4.0592	 0.0000	 0.020319	 0.020250	  1.00000000	  0.97988609	  0.02011391
    -4.0359	     -4.0359	 0.0000	 0.020797	 0.020725	  1.00000000	  0.97941790	  0.02058210
    -4.0127	     -4.0127	 0.0000	 0.021283	 0.021208	  1.00000000	  0.97894174	  0.02105826
    -3.9896	     -3.9896	 0.0000	 0.021778	 0.021699	  1.00000000	  0.97845756	  0.02154244
    -3.9667	     -3.9667	 0.0000	 0.022281	 0.022199	  1.00000000	  0.97796528	  0.02203472
    -3.9439	     -3.9439	 0.0000	 0.022793	 0.022707	  1.00000000	  0.97746485	  0.02253515
    -3.9212	     -3.9212	 0.0000	 0.023313	 0.023223	  1.00000000	  0.97695621	  0.02304379
    -3.8987	     -3.8987	 0.0000	 0.023843	 0.023748	  1.00000000	  0.97643928	  0.02356072
    -3.8763	     -3.8763	 0.0000	 0.024381	 0.024282	  1.00000000	  0.97591402	  0.02408598
    -3.8540	     -3.8540	 0.0000	 0.024928	 0.024825	  1.00000000	  0.97538035	  0.02461965
    -3.8318	     -3.8318	 0.0000	 0.025484	 0.025376	  1.00000000	  0.97483823	  0.02516177
    -3.8098	     -3.8098	 0.0000	 0.026049	 0.025936	  1.00000000	  0.97428760	  0.02571240
    -3.7879	     -3.7879	 0.0000	 0.026623	 0.026505	  1.00000000	  0.97372840	  0.02627160
    -3.7662	     -3.7662	 0.0000	 0.027206	 0.027083	  1.00000000	  0.97316057	  0.02683943
    -3.7445	     -3.7445	 0.0000	 0.027799	 0.027671	  1.00000000	  0.97258406	  0.02741594
    -3.7230	     -3.7230	 0.0000	 0.028401	 0.028267	  1.00000000	  0.97199882	  0.02800118
    -3.7016	     -3.7016	 0.0000	 0.029012	 0.028872	  1.00000000	  0.97140480	  0.02859520
    -3.6803	     -3.6803	 0.0000	 0.029633	 0.029487	  1.00000000	  0.97080194	  0.02919806
    -3.6592	     -3.6592	 0.0000	 0.030263	 0.030111	  1.00000000	  0.97019021	  0.02980979
    -3.6381	     -3.6381	 0.0000	 0.030903	 0.030745	  1.00000000	  0.96956954	  0.03043046
    -3.6172	     -3.6172	 0.0000	 0.031553	 0.031388	  1.00000000	  0.96893991	  0.03106009
    -3.5964	     -3.5964	 0.0000	 0.032212	 0.032040	  1.00000000	  0.96830125	  0.03169875
    -3.5758	     -3.5758	 0.0000	 0.032881	 0.032702	  1.00000000	  0.96765353	  0.03234647
    -3.5552	     -3.5552	 0.0000	 0.033560	 0.033374	  1.00000000	  0.96699671	  0.03300329
    -3.5348	     -3.5348	 0.0000	 0.034249	 0.034055	  1.00000000	  0.96633074	  0.03366926
    -3.5144	     -3.5144	 0.0000	 0.034948	 0.034746	  1.00000000	  0.96565559	  0.03434441
    -3.4942	     -3.4942	 0.0000	 0.035657	 0.035446	  1.00000000	  0.96497121	  0.03502879
    -3.4742	     -3.4742	 0.0000	 0.036376	 0.036157	  1.00000000	  0.96427758	  0.03572242
    -3.4542	     -3.4542	 0.0000	 0.037105	 0.036877	  1.00000000	  0.96357466	  0.03642534
    -3.4343	     -3.4343	 0.0000	 0.037845	 0.037608	  1.00000000	  0.96286242	  0.03713758
    -3.4146	     -3.4146	 0.0000	 0.038594	 0.038348	  1.00000000	  0.96214082	  0.03785918
    -3.3950	     -3.3950	 0.0000	 0.039354	 0.039098	  1.00000000	  0.96140983	  0.03859017
    -3.3754	     -3.3754	 0.0000	 0.040125	 0.039858	  1.00000000	  0.96066943	  0.03933057
    -3.3560	     -3.3560	 0.0000	 0.040906	 0.040629	  1.00000000	  0.95991959	  0.04008041
    -3.3368	     -3.3368	 0.0000	 0.041697	 0.041409	  1.00000000	  0.95916029	  0.04083971
    -3.3176	     -3.3176	 0.0000	 0.042499	 0.042200	  1.00000000	  0.95839150	  0.04160850
    -3.2985	     -3.2985	 0.0000	 0.043311	 0.043001	  1.00000000	  0.95761319	  0.04238681
    -3.2795	     -3.2795	 0.0000	 0.044134	 0.043812	  1.00000000	  0.95682536	  0.04317464
    -3.2607	     -3.2607	 0.0000	 0.044968	 0.044634	  1.00000000	  0.95602798	  0.04397202
    -3.2419	     -3.2419	 0.0000	 0.045813	 0.045465	  1.00000000	  0.95522103	  0.04477897
    -3.2233	     -3.2233	 0.0000	 0.046668	 0.046308	  1.00000000	  0.95440450	  0.04559550
    -3.2048	     -3.2048	 0.0000	 0.047534	 0.047160	  1.00000000	  0.95357838	  0.04642162
    -3.1863	     -3.1863	 0.0000	 0.048410	 0.048023	  1.00000000	  0.95274265	  0.04725735
    -3.1680	     -3.1680	 0.0000	 0.049298	 0.048896	  1.00000000	  0.95189731	  0.04810269
    -3.1498	     -3.1498	 0.0000	 0.050197	 0.049780	  1.00000000	  0.95104234	  0.04895766
    -3.1317	     -3.1317	 0.0000	 0.051106	 0.050675	  1.00000000	  0.95017775	  0.04982225
    -3.1137	     -3.1137	 0.0000	 0.052027	 0.051579	  1.00000000	  0.94930352	  0.05069648
    -3.0958	     -3.0958	 0.0000	 0.052958	 0.052495	  1.00000000	  0.94841965	  0.05158035
    -3.0780	     -3.0780	 0.0000	 0.053901	 0.053421	  1.00000000	  0.94752615	  0.05247385
    -3.0603	     -3.0603	 0.0000	 0.054854	 0.054357	  1.00000000	  0.94662301	  0.05337699
    -3.0427	     -3.0427	 0.0000	 0.055819	 0.055305	  1.00000000	  0.94571024	  0.05428976
    -3.0252	     -3.0252	 0.0000	 0.056795	 0.056262	  1.00000000	  0.94478783	  0.05521217
    -3.0078	     -3.0078	 0.0000	 0.057782	 0.057231	  1.00000000	  0.94385580	  0.05614420
    -2.9905	     -2.9905	 0.0000	 0.058780	 0.058210	  1.00000000	  0.94291415	  0.05708585
    -2.9733	     -2.9733	 0.0000	 0.059789	 0.059199	  1.00000000	  0.94196290	  0.05803710
    -2.9562	     -2.9562	 0.0000	 0.060810	 0.060200	  1.00000000	  0.94100205	  0.05899795
    -2.9392	     -2.9392	 0.0000	 0.061842	 0.061211	  1.00000000	  0.94003162	  0.05996838
    -2.9223	     -2.9223	 0.0000	 0.062885	 0.062233	  1.00000000	  0.93905163	  0.06094837
    -2.9055	     -2.9055	 0.0000	 0.063939	 0.063265	  1.00000000	  0.93806208	  0.06193792
    -2.8888	     -2.8888	 0.0000	 0.065005	 0.064308	  1.00000000	  0.93706300	  0.06293700
    -2.8722	     -2.8722	 0.0000	 0.066082	 0.065362	  1.00000000	  0.93605441	  0.06394559
    -2.8557	     -2.8557	 0.0000	 0.067170	 0.066426	  1.00000000	  0.93503632	  0.06496368
    -2.8393	     -2.8393	 0.0000	 0.068269	 0.067501	  1.00000000	  0.93400878	  0.06599122
    -2.8230	     -2.8230	 0.0000	 0.069380	 0.068587	  1.00000000	  0.93297179	  0.06702821
    -2.8067	     -2.8067	 0.0000	 0.070503	 0.069684	  1.00000000	  0.93192539	  0.06807461
    -2.7906	     -2.7906	 0.0000	 0.071636	 0.070791	  1.00000000	  0.93086961	  0.06913039
    -2.7745	     -2.7745	 0.0000	 0.072781	 0.071909	  1.00000000	  0.92980447	  0.07019553
    -2.7586	     -2.7586	 0.0000	 0.073937	 0.073037	  1.00000000	  0.92873002	  0.07126998
    -2.7427	     -2.7427	 0.0000	 0.075105	 0.074176	  1.00000000	  0.92764627	  0.07235373
    -2.7270	     -2.7270	 0.0000	 0.076284	 0.075326	  1.00000000	  0.92655328	  0.07344672
    -2.7113	     -2.7113	 0.0000	 0.077474	 0.076486	  1.00000000	  0.92545108	  0.07454892
    -2.6957	     -2.6957	 0.0000	 0.078676	 0.077657	  1.00000000	  0.92433970	  0.07566030
    -2.6802	     -2.6802	 0.0000	 0.079889	 0.078839	  1.00000000	  0.92321919	  0.07678081
    -2.6648	     -2.6648	 0.0000	 0.081113	 0.080031	  1.00000000	  0.92208960	  0.07791040
    -2.6494	     -2.6494	 0.0000	 0.082348	 0.081234	  1.00000000	  0.92095096	  0.07904904
    -2.6342	     -2.6342	 0.0000	 0.083595	 0.082447	  1.00000000	  0.91980332	  0.08019668
    -2.6191	     -2.6191	 0.0000	 0.084854	 0.083670	  1.00000000	  0.91864673	  0.08135327
    -2.6040	     -2.6040	 0.0000	 0.086123	 0.084904	  1.00000000	  0.91748124	  0.08251876
    -2.5890	     -2.5890	 0.0000	 0.087404	 0.086149	  1.00000000	  0.91630690	  0.08369310
    -2.5741	     -2.5741	 0.0000	 0.088696	 0.087404	  1.00000000	  0.91512376	  0.08487624
    -2.5593	     -2.5593	 0.0000	 0.089999	 0.088669	  1.00000000	  0.91393187	  0.08606813
    -2.5446	     -2.5446	 0.0000	 0.091314	 0.089945	  1.00000000	  0.91273130	  0.08726870
    -2.5300	     -2.5300	 0.0000	 0.092639	 0.091231	  1.00000000	  0.91152210	  0.08847790
    -2.5154	     -2.5154	 0.0000	 0.093976	 0.092527	  1.00000000	  0.91030433	  0.08969567
    -2.5010	     -2.5010	 0.0000	 0.095324	 0.093834	  1.00000000	  0.90907804	  0.09092196
    -2.4866	     -2.4866	 0.0000	 0.096683	 0.095150	  1.00000000	  0.90784330	  0.09215670
    -2.4723	     -2.4723	 0.0000	 0.098054	 0.096477	  1.00000000	  0.90660017	  0.09339983
    -2.4581	     -2.4581	 0.0000	 0.099435	 0.097814	  1.00000000	  0.90534872	  0.09465128
    -2.4439	     -2.4439	 0.0000	 0.100827	 0.099161	  1.00000000	  0.90408902	  0.09591098
    -2.4299	     -2.4299	 0.0000	 0.102231	 0.100518	  1.00000000	  0.90282112	  0.09717888
    -2.4159	     -2.4159	 0.0000	 0.103645	 0.101885	  1.00000000	  0.90154510	  0.09845490
    -2.4020	     -2.4020	 0.0000	 0.105071	 0.103262	  1.00000000	  0.90026103	  0.09973897
    -2.3882	     -2.3882	 0.0000	 0.106507	 0.104649	  1.00000000	  0.89896898	  0.10103102
    -2.3744	     -2.3744	 0.0000	 0.107954	 0.106046	  1.00000000	  0.89766902	  0.10233098
    -2.3608	     -2.3608	 0.0000	 0.109412	 0.107452	  1.00000000	  0.89636123	  0.10363877
    -2.3472	     -2.3472	 0.0000	 0.110881	 0.108869	  1.00000000	  0.89504568	  0.10495432
    -2.3337	     -2.3337	 0.0000	 0.112360	 0.110295	  1.00000000	  0.89372244	  0.10627756
    -2.3203	     -2.3203	 0.0000	 0.113850	 0.111730	  1.00000000	  0.89239160	  0.10760840
    -2.3069	     -2.3069	 0.0000	 0.115351	 0.113175	  1.00000000	  0.89105323	  0.10894677
    -2.2937	     -2.2937	 0.0000	 0.116863	 0.114630	  1.00000000	  0.88970742	  0.11029258
    -2.2805	     -2.2805	 0.0000	 0.118385	 0.116094	  1.00000000	  0.88835424	  0.11164576
    -2.2673	     -2.2673	 0.0000	 0.119917	 0.117568	  1.00000000	  0.88699378	  0.11300622
    -2.2543	     -2.2543	 0.0000	 0.121460	 0.119051	  1.00000000	  0.88562612	  0.11437388
    -2.2413	     -2.2413	 0.0000	 0.123014	 0.120543	  1.00000000	  0.88425134	  0.11574866
    -2.2284	     -2.2284	 0.0000	 0.124578	 0.122044	  1.00000000	  0.88286953	  0.11713047
    -2.2156	     -2.2156	 0.0000	 0.126152	 0.123555	  1.00000000	  0.88148077	  0.11851923
    -2.2029	     -2.2029	 0.0000	 0.127737	 0.125074	  1.00000000	  0.88008516	  0.11991484
    -2.1902	     -2.1902	 0.0000	 0.129331	 0.126603	  1.00000000	  0.87868277	  0.12131723
    -2.1776	     -2.1776	 0.0000	 0.130936	 0.128140	  1.00000000	  0.87727371	  0.12272629
    -2.1651	     -2.1651	 0.0000	 0.132551	 0.129687	  1.00000000	  0.87585805	  0.12414195
    -2.1526	     -2.1526	 0.0000	 0.134176	 0.131242	  1.00000000	  0.87443589	  0.12556411
    -2.1402	     -2.1402	 0.0000	 0.135811	 0.132806	  1.00000000	  0.87300733	  0.12699267
    -2.1279	     -2.1279	 0.0000	 0.137456	 0.134378	  1.00000000	  0.87157244	  0.12842756
    -2.1157	     -2.1157	 0.0000	 0.139111	 0.135959	  1.00000000	  0.87013134	  0.12986866
    -2.1035	     -2.1035	 0.0000	 0.140776	 0.137549	  1.00000000	  0.86868410	  0.13131590
    -2.0914	     -2.0914	 0.0000	 0.142450	 0.139147	  1.00000000	  0.86723083	  0.13276917
    -2.0794	     -2.0794	 0.0000	 0.144134	 0.140753	  1.00000000	  0.86577162	  0.13422838
    -2.0674	     -2.0674	 0.0000	 0.145828	 0.142368	  1.00000000	  0.86430656	  0.13569344
    -2.0555	     -2.0555	 0.0000	 0.147531	 0.143991	  1.00000000	  0.86283576	  0.13716424
    -2.0437	     -2.0437	 0.0000	 0.149244	 0.145622	  1.00000000	  0.86135930	  0.13864070
    -2.0319	     -2.0319	 0.0000	 0.150966	 0.147261	  1.00000000	  0.85987729	  0.14012271
    -2.0202	     -2.0202	 0.0000	 0.152697	 0.148908	  1.00000000	  0.85838983	  0.14161017
    -2.0086	     -2.0086	 0.0000	 0.154438	 0.150563	  1.00000000	  0.85689701	  0.14310299
    -1.9970	     -1.9970	 0.0000	 0.156187	 0.152225	  1.00000000	  0.85539894	  0.14460106
    -1.9856	     -1.9856	 0.0000	 0.157946	 0.153896	  1.00000000	  0.85389570	  0.14610430
    -1.9741	     -1.9741	 0.0000	 0.159714	 0.155574	  1.00000000	  0.85238741	  0.14761259
    -1.9628	     -1.9628	 0.0000	 0.161491	 0.157259	  1.00000000	  0.85087417	  0.14912583
    -1.9515	     -1.9515	 0.0000	 0.163277	 0.158952	  1.00000000	  0.84935606	  0.15064394
    -1.9402	     -1.9402	 0.0000	 0.165071	 0.160652	  1.00000000	  0.84783321	  0.15216679
    -1.9291	     -1.9291	 0.0000	 0.166875	 0.162360	  1.00000000	  0.84630570	  0.15369430
    -1.9180	     -1.9180	 0.0000	 0.168687	 0.164074	  1.00000000	  0.84477363	  0.15522637
    -1.9069	     -1.9069	 0.0000	 0.170507	 0.165796	  1.00000000	  0.84323712	  0.15676288
    -1.8960	     -1.8960	 0.0000	 0.172336	 0.167525	  1.00000000	  0.84169626	  0.15830374
    -1.8851	     -1.8851	 0.0000	 0.174173	 0.169261	  1.00000000	  0.84015116	  0.15984884
    -1.8742	     -1.8742	 0.0000	 0.176019	 0.171003	  1.00000000	  0.83860192	  0.16139808
    -1.8634	     -1.8634	 0.0000	 0.177873	 0.172753	  1.00000000	  0.83704863	  0.16295137
    -1.8527	     -1.8527	 0.0000	 0.179735	 0.174509	  1.00000000	  0.83549141	  0.16450859
    -1.8420	     -1.8420	 0.0000	 0.181605	 0.176271	  1.00000000	  0.83393036	  0.16606964
    -1.8314	     -1.8314	 0.0000	 0.183484	 0.178040	  1.00000000	  0.83236558	  0.16763442
    -1.8209	     -1.8209	 0.0000	 0.185370	 0.179815	  1.00000000	  0.83079717	  0.16920283
    -1.8104	     -1.8104	 0.0000	 0.187263	 0.181597	  1.00000000	  0.82922524	  0.17077476
    -1.8000	     -1.8000	 0.0000	 0.189165	 0.183385	  1.00000000	  0.82764989	  0.17235011
    -1.7896	     -1.7896	 0.0000	 0.191074	 0.185178	  1.00000000	  0.82607122	  0.17392878
    -1.7793	     -1.7793	 0.0000	 0.192991	 0.186978	  1.00000000	  0.82448933	  0.17551067
    -1.7691	     -1.7691	 0.0000	 0.194915	 0.188784	  1.00000000	  0.82290434	  0.17709566
    -1.7589	     -1.7589	 0.0000	 0.196847	 0.190595	  1.00000000	  0.82131634	  0.17868366
    -1.7488	     -1.7488	 0.0000	 0.198786	 0.192412	  1.00000000	  0.81972543	  0.18027457
    -1.7387	     -1.7387	 0.0000	 0.200732	 0.194235	  1.00000000	  0.81813172	  0.18186828
    -1.7287	     -1.7287	 0.0000	 0.202685	 0.196063	  1.00000000	  0.81653532	  0.18346468
    -1.7188	     -1.7188	 0.0000	 0.204645	 0.197897	  1.00000000	  0.81493631	  0.18506369
    -1.7089	     -1.7089	 0.0000	 0.206612	 0.199736	  1.00000000	  0.81333481	  0.18666519
    -1.6990	     -1.6990	 0.0000	 0.208586	 0.201580	  1.00000000	  0.81173092	  0.18826908
    -1.6892	     -1.6892	 0.0000	 0.210567	 0.203430	  1.00000000	  0.81012473	  0.18987527
    -1.6795	     -1.6795	 0.0000	 0.212554	 0.205284	  1.00000000	  0.80851636	  0.19148364
    -1.6698	     -1.6698	 0.0000	 0.214548	 0.207143	  1.00000000	  0.80690590	  0.19309410
    -1.6602	     -1.6602	 0.0000	 0.216549	 0.209007	  1.00000000	  0.80529345	  0.19470655
    -1.6507	     -1.6507	 0.0000	 0.218555	 0.210876	  1.00000000	  0.80367911	  0.19632089
    -1.6412	     -1.6412	 0.0000	 0.220568	 0.212749	  1.00000000	  0.80206298	  0.19793702
    -1.6317	     -1.6317	 0.0000	 0.222587	 0.214627	  1.00000000	  0.80044517	  0.19955483
    -1.6223	     -1.6223	 0.0000	 0.224612	 0.216510	  1.00000000	  0.79882576	  0.20117424
    -1.6130	     -1.6130	 0.0000	 0.226644	 0.218396	  1.00000000	  0.79720487	  0.20279513
    -1.6037	     -1.6037	 0.0000	 0.228681	 0.220287	  1.00000000	  0.79558258	  0.20441742
    -1.5945	     -1.5945	 0.0000	 0.230723	 0.222182	  1.00000000	  0.79395901	  0.20604099
    -1.5853	     -1.5853	 0.0000	 0.232772	 0.224081	  1.00000000	  0.79233423	  0.20766577
    -1.5762	     -1.5762	 0.0000	 0.234826	 0.225984	  1.00000000	  0.79070836	  0.20929164
    -1.5671	     -1.5671	 0.0000	 0.236886	 0.227891	  1.00000000	  0.78908149	  0.21091851
    -1.5581	     -1.5581	 0.0000	 0.238951	 0.229802	  1.00000000	  0.78745371	  0.21254629
    -1.5491	     -1.5491	 0.0000	 0.241021	 0.231716	  1.00000000	  0.78582511	  0.21417489
    -1.5402	     -1.5402	 0.0000	 0.243097	 0.233634	  1.00000000	  0.78419581	  0.21580419
    -1.5313	     -1.5313	 0.0000	 0.245177	 0.235555	  1.00000000	  0.78256588	  0.21743412
    -1.5225	     -1.5225	 0.0000	 0.247263	 0.237479	  1.00000000	  0.78093542	  0.21906458
    -1.5137	     -1.5137	 0.0000	 0.249353	 0.239407	  1.00000000	  0.77930453	  0.22069547
    -1.5050	     -1.5050	 0.0000	 0.251449	 0.241338	  1.00000000	  0.77767330	  0.22232670
    -1.4963	     -1.4963	 0.0000	 0.253549	 0.243272	  1.00000000	  0.77604182	  0.22395818
    -1.4877	     -1.4877	 0.0000	 0.255654	 0.245209	  1.00000000	  0.77441017	  0.22558983
    -1.4791	     -1.4791	 0.0000	 0.257763	 0.247149	  1.00000000	  0.77277846	  0.22722154
    -1.4706	     -1.4706	 0.0000	 0.259877	 0.249092	  1.00000000	  0.77114678	  0.22885322
    -1.4621	     -1.4621	 0.0000	 0.261995	 0.251037	  1.00000000	  0.76951520	  0.23048480
    -1.4537	     -1.4537	 0.0000	 0.264117	 0.252985	  1.00000000	  0.76788382	  0.23211618
    -1.4454	     -1.4454	 0.0000	 0.266243	 0.254935	  1.00000000	  0.76625273	  0.23374727
    -1.4370	     -1.4370	 0.0000	 0.268374	 0.256888	  1.00000000	  0.76462202	  0.23537798
    -1.4288	     -1.4288	 0.0000	 0.270508	 0.258843	  1.00000000	  0.76299176	  0.23700824
    -1.4205	     -1.4205	 0.0000	 0.272646	 0.260800	  1.00000000	  0.76136206	  0.23863794
    -1.4123	     -1.4123	 0.0000	 0.274788	 0.262759	  1.00000000	  0.75973298	  0.24026702
    -1.4042	     -1.4042	 0.0000	 0.276934	 0.264721	  1.00000000	  0.75810463	  0.24189537
    -1.3961	     -1.3961	 0.0000	 0.279083	 0.266684	  1.00000000	  0.75647707	  0.24352293
    -1.3881	     -1.3881	 0.0000	 0.281236	 0.268649	  1.00000000	  0.75485039	  0.24514961
    -1.3801	     -1.3801	 0.0000	 0.283392	 0.270616	  1.00000000	  0.75322468	  0.24677532
    -1.3721	     -1.3721	 0.0000	 0.285551	 0.272584	  1.00000000	  0.75160001	  0.24839999
    -1.3642	     -1.3642	 0.0000	 0.287713	 0.274554	  1.00000000	  0.74997647	  0.25002353
    -1.3564	     -1.3564	 0.0000	 0.289879	 0.276525	  1.00000000	  0.74835414	  0.25164586
    -1.3486	     -1.3486	 0.0000	 0.292047	 0.278498	  1.00000000	  0.74673309	  0.25326691
    -1.3408	     -1.3408	 0.0000	 0.294219	 0.280472	  1.00000000	  0.74511340	  0.25488660
    -1.3331	     -1.3331	 0.0000	 0.296393	 0.282447	  1.00000000	  0.74349515	  0.25650485
    -1.3254	     -1.3254	 0.0000	 0.298570	 0.284423	  1.00000000	  0.74187842	  0.25812158
    -1.3177	     -1.3177	 0.0000	 0.300749	 0.286401	  1.00000000	  0.74026328	  0.25973672
    -1.3101	     -1.3101	 0.0000	 0.302931	 0.288379	  1.00000000	  0.73864980	  0.26135020
    -1.3026	     -1.3026	 0.0000	 0.305116	 0.290358	  1.00000000	  0.73703806	  0.26296194
    -1.2951	     -1.2951	 0.0000	 0.307302	 0.292337	  1.00000000	  0.73542814	  0.26457186
    -1.2876	     -1.2876	 0.0000	 0.309491	 0.294318	  1.00000000	  0.73382010	  0.26617990
    -1.2802	     -1.2802	 0.0000	 0.311682	 0.296299	  1.00000000	  0.73221401	  0.26778599
    -1.2728	     -1.2728	 0.0000	 0.313876	 0.298280	  1.00000000	  0.73060995	  0.26939005
    -1.2655	     -1.2655	 0.0000	 0.316071	 0.300262	  1.00000000	  0.72900799	  0.27099201
    -1.2582	     -1.2582	 0.0000	 0.318267	 0.302244	  1.00000000	  0.72740819	  0.27259181
    -1.2510	     -1.2510	 0.0000	 0.320466	 0.304226	  1.00000000	  0.72581062	  0.27418938
    -1.2437	     -1.2437	 0.0000	 0.322666	 0.306209	  1.00000000	  0.72421535	  0.27578465
    -1.2366	     -1.2366	 0.0000	 0.324868	 0.308191	  1.00000000	  0.72262244	  0.27737756
    -1.2295	     -1.2295	 0.0000	 0.327072	 0.310173	  1.00000000	  0.72103197	  0.27896803
    -1.2224	     -1.2224	 0.0000	 0.329277	 0.312156	  1.00000000	  0.71944399	  0.28055601
    -1.2153	     -1.2153	 0.0000	 0.331483	 0.314138	  1.00000000	  0.71785856	  0.28214144
    -1.2083	     -1.2083	 0.0000	 0.333690	 0.316120	  1.00000000	  0.71627576	  0.28372424
    -1.2014	     -1.2014	 0.0000	 0.335899	 0.318101	  1.00000000	  0.71469564	  0.28530436
    -1.1944	     -1.1944	 0.0000	 0.338108	 0.320082	  1.00000000	  0.71311826	  0.28688174
    -1.1875	     -1.1875	 0.0000	 0.340318	 0.322063	  1.00000000	  0.71154368	  0.28845632
    -1.1807	     -1.1807	 0.0000	 0.342530	 0.324042	  1.00000000	  0.70997197	  0.29002803
    -1.1739	     -1.1739	 0.0000	 0.344742	 0.326022	  1.00000000	  0.70840317	  0.29159683
    -1.1671	     -1.1671	 0.0000	 0.346955	 0.328000	  1.00000000	  0.70683735	  0.29316265
    -1.1604	     -1.1604	 0.0000	 0.349168	 0.329978	  1.00000000	  0.70527456	  0.29472544
    -1.1537	     -1.1537	 0.0000	 0.351382	 0.331954	  1.00000000	  0.70371486	  0.29628514
    -1.1471	     -1.1471	 0.0000	 0.353596	 0.333930	  1.00000000	  0.70215831	  0.29784169
    -1.1404	     -1.1404	 0.0000	 0.355811	 0.335905	  1.00000000	  0.70060495	  0.29939505
    -1.1339	     -1.1339	 0.0000	 0.358026	 0.337878	  1.00000000	  0.69905484	  0.30094516
    -1.1273	     -1.1273	 0.0000	 0.360241	 0.339851	  1.00000000	  0.69750803	  0.30249197
    -1.1208	     -1.1208	 0.0000	 0.362457	 0.341822	  1.00000000	  0.69596458	  0.30403542
    -1.1144	     -1.1144	 0.0000	 0.364672	 0.343792	  1.00000000	  0.69442453	  0.30557547
    -1.1079	     -1.1079	 0.0000	 0.366887	 0.345760	  1.00000000	  0.69288793	  0.30711207
    -1.1016	     -1.1016	 0.0000	 0.369102	 0.347727	  1.00000000	  0.69135483	  0.30864517
    -1.0952	     -1.0952	 0.0000	 0.371317	 0.349692	  1.00000000	  0.68982528	  0.31017472
    -1.0889	     -1.0889	 0.0000	 0.373531	 0.351655	  1.00000000	  0.68829933	  0.31170067
    -1.0826	     -1.0826	 0.0000	 0.375746	 0.353617	  1.00000000	  0.68677702	  0.31322298
    -1.0764	     -1.0764	 0.0000	 0.377959	 0.355578	  1.00000000	  0.68525840	  0.31474160
    -1.0702	     -1.0702	 0.0000	 0.380172	 0.357536	  1.00000000	  0.68374350	  0.31625650
    -1.0640	     -1.0640	 0.0000	 0.382385	 0.359492	  1.00000000	  0.68223238	  0.31776762
    -1.0579	     -1.0579	 0.0000	 0.384597	 0.361447	  1.00000000	  0.68072508	  0.31927492
    -1.0518	     -1.0518	 0.0000	 0.386808	 0.363399	  1.00000000	  0.67922164	  0.32077836
    -1.0457	     -1.0457	 0.0000	 0.389018	 0.365349	  1.00000000	  0.67772209	  0.32227791
    -1.0397	     -1.0397	 0.0000	 0.391227	 0.367297	  1.00000000	  0.67622649	  0.32377351
    -1.0337	     -1.0337	 0.0000	 0.393435	 0.369243	  1.00000000	  0.67473487	  0.32526513
    -1.0277	     -1.0277	 0.0000	 0.395643	 0.371187	  1.00000000	  0.67324726	  0.32675274
    -1.0218	     -1.0218	 0.0000	 0.397849	 0.373128	  1.00000000	  0.67176371	  0.32823629
    -1.0159	     -1.0159	 0.0000	 0.400053	 0.375067	  1.00000000	  0.67028425	  0.32971575
    -1.0100	     -1.0100	 0.0000	 0.402257	 0.377003	  1.00000000	  0.66880892	  0.33119108
    -1.0042	     -1.0042	 0.0000	 0.404459	 0.378937	  1.00000000	  0.66733776	  0.33266224
    -0.9984	     -0.9984	 0.0000	 0.406660	 0.380869	  1.00000000	  0.66587079	  0.33412921
    -0.9926	     -0.9926	 0.0000	 0.408859	 0.382797	  1.00000000	  0.66440806	  0.33559194
    -0.9869	     -0.9869	 0.0000	 0.411056	 0.384723	  1.00000000	  0.66294959	  0.33705041
    -0.9812	     -0.9812	 0.0000	 0.413252	 0.386646	  1.00000000	  0.66149541	  0.33850459
    -0.9756	     -0.9756	 0.0000	 0.415446	 0.388567	  1.00000000	  0.66004557	  0.33995443
    -0.9699	     -0.9699	 0.0000	 0.417639	 0.390484	  1.00000000	  0.65860009	  0.34139991
    -0.9643	     -0.9643	 0.0000	 0.419829	 0.392398	  1.00000000	  0.65715899	  0.34284101
    -0.9588	     -0.9588	 0.0000	 0.422018	 0.394310	  1.00000000	  0.65572231	  0.34427769
    -0.9532	     -0.9532	 0.0000	 0.424204	 0.396219	  1.00000000	  0.65429008	  0.34570992
    -0.9477	     -0.9477	 0.0000	 0.426389	 0.398124	  1.00000000	  0.65286233	  0.34713767
    -0.9423	     -0.9423	 0.0000	 0.428571	 0.400026	  1.00000000	  0.65143907	  0.34856093
    -0.9368	     -0.9368	 0.0000	 0.430752	 0.401925	  1.00000000	  0.65002035	  0.34997965
    -0.9314	     -0.9314	 0.0000	 0.432930	 0.403821	  1.00000000	  0.64860618	  0.35139382
    -0.9261	     -0.9261	 0.0000	 0.435105	 0.405714	  1.00000000	  0.64719658	  0.35280342
    -0.9207	     -0.9207	 0.0000	 0.437278	 0.407603	  1.00000000	  0.64579159	  0.35420841
    -0.9154	     -0.9154	 0.0000	 0.439449	 0.409489	  1.00000000	  0.64439122	  0.35560878
    -0.9101	     -0.9101	 0.0000	 0.441618	 0.411371	  1.00000000	  0.64299550	  0.35700450
    -0.9049	     -0.9049	 0.0000	 0.443783	 0.413250	  1.00000000	  0.64160446	  0.35839554
    -0.8996	     -0.8996	 0.0000	 0.445946	 0.415125	  1.00000000	  0.64021810	  0.35978190
    -0.8944	     -0.8944	 0.0000	 0.448107	 0.416997	  1.00000000	  0.63883646	  0.36116354
    -0.8893	     -0.8893	 0.0000	 0.450264	 0.418865	  1.00000000	  0.63745955	  0.36254045
    -0.8841	     -0.8841	 0.0000	 0.452419	 0.420730	  1.00000000	  0.63608739	  0.36391261
    -0.8790	     -0.8790	 0.0000	 0.454571	 0.422590	  1.00000000	  0.63472000	  0.36528000
    -0.8740	     -0.8740	 0.0000	 0.456720	 0.424447	  1.00000000	  0.63335740	  0.36664260
    -0.8689	     -0.8689	 0.0000	 0.458867	 0.426301	  1.00000000	  0.63199960	  0.36800040
    -0.8639	     -0.8639	 0.0000	 0.461010	 0.428150	  1.00000000	  0.63064663	  0.36935337
    -0.8589	     -0.8589	 0.0000	 0.463150	 0.429996	  1.00000000	  0.62929850	  0.37070150
    -0.8540	     -0.8540	 0.0000	 0.465286	 0.431837	  1.00000000	  0.62795522	  0.37204478
    -0.8490	     -0.8490	 0.0000	 0.467420	 0.433675	  1.00000000	  0.62661681	  0.37338319
    -0.8441	     -0.8441	 0.0000	 0.469550	 0.435508	  1.00000000	  0.62528329	  0.37471671
    -0.8393	     -0.8393	 0.0000	 0.471678	 0.437338	  1.00000000	  0.62395466	  0.37604534
    -0.8344	     -0.8344	 0.0000	 0.473801	 0.439163	  1.00000000	  0.62263095	  0.37736905
    -0.8296	     -0.8296	 0.0000	 0.475922	 0.440985	  1.00000000	  0.62131216	  0.37868784
    -0.8248	     -0.8248	 0.0000	 0.478039	 0.442802	  1.00000000	  0.61999830	  0.38000170
    -0.8200	     -0.8200	 0.0000	 0.480152	 0.444615	  1.00000000	  0.61868939	  0.38131061
    -0.8153	     -0.8153	 0.0000	 0.482262	 0.446424	  1.00000000	  0.61738544	  0.38261456
    -0.8106	     -0.8106	 0.0000	 0.484368	 0.448229	  1.00000000	  0.61608645	  0.38391355
    -0.8059	     -0.8059	 0.0000	 0.486471	 0.450029	  1.00000000	  0.61479245	  0.38520755
    -0.8013	     -0.8013	 0.0000	 0.488569	 0.451825	  1.00000000	  0.61350343	  0.38649657
    -0.7966	     -0.7966	 0.0000	 0.490665	 0.453616	  1.00000000	  0.61221941	  0.38778059
    -0.7920	     -0.7920	 0.0000	 0.492756	 0.455404	  1.00000000	  0.61094039	  0.38905961
    -0.7875	     -0.7875	 0.0000	 0.494843	 0.457187	  1.00000000	  0.60966638	  0.39033362
    -0.7829	     -0.7829	 0.0000	 0.496927	 0.458965	  1.00000000	  0.60839739	  0.39160261
    -0.7784	     -0.7784	 0.0000	 0.499007	 0.460739	  1.00000000	  0.60713343	  0.39286657
    -0.7739	     -0.7739	 0.0000	 0.501082	 0.462508	  1.00000000	  0.60587450	  0.39412550
    -0.7694	     -0.7694	 0.0000	 0.503154	 0.464273	  1.00000000	  0.60462061	  0.39537939
    -0.7650	     -0.7650	 0.0000	 0.505222	 0.466033	  1.00000000	  0.60337176	  0.39662824
    -0.7606	     -0.7606	 0.0000	 0.507285	 0.467789	  1.00000000	  0.60212796	  0.39787204
    -0.7562	     -0.7562	 0.0000	 0.509345	 0.469540	  1.00000000	  0.60088921	  0.39911079
    -0.7518	     -0.7518	 0.0000	 0.511400	 0.471286	  1.00000000	  0.59965551	  0.40034449
    -0.7474	     -0.7474	 0.0000	 0.513451	 0.473028	  1.00000000	  0.59842687	  0.40157313
    -0.7431	     -0.7431	 0.0000	 0.515498	 0.474765	  1.00000000	  0.59720330	  0.40279670
    -0.7388	     -0.7388	 0.0000	 0.517540	 0.476497	  1.00000000	  0.59598479	  0.40401521
    -0.7346	     -0.7346	 0.0000	 0.519578	 0.478225	  1.00000000	  0.59477134	  0.40522866
    -0.7303	     -0.7303	 0.0000	 0.521612	 0.479948	  1.00000000	  0.59356297	  0.40643703
    -0.7261	     -0.7261	 0.0000	 0.523641	 0.481666	  1.00000000	  0.59235966	  0.40764034
    -0.7219	     -0.7219	 0.0000	 0.525666	 0.483379	  1.00000000	  0.59116142	  0.40883858
    -0.7177	     -0.7177	 0.0000	 0.527687	 0.485087	  1.00000000	  0.58996825	  0.41003175
    -0.7136	     -0.7136	 0.0000	 0.529702	 0.486791	  1.00000000	  0.58878015	  0.41121985
    -0.7095	     -0.7095	 0.0000	 0.531714	 0.488489	  1.00000000	  0.58759712	  0.41240288
    -0.7054	     -0.7054	 0.0000	 0.533720	 0.490183	  1.00000000	  0.58641916	  0.41358084
    -0.7013	     -0.7013	 0.0000	 0.535723	 0.491872	  1.00000000	  0.58524626	  0.41475374
    -0.6972	     -0.6972	 0.0000	 0.537720	 0.493555	  1.00000000	  0.58407843	  0.41592157
    -0.6932	     -0.6932	 0.0000	 0.539713	 0.495234	  1.00000000	  0.58291566	  0.41708434
    -0.6892	     -0.6892	 0.0000	 0.541701	 0.496908	  1.00000000	  0.58175796	  0.41824204
    -0.6852	     -0.6852	 0.0000	 0.543684	 0.498577	  1.00000000	  0.58060531	  0.41939469
    -0.6812	     -0.6812	 0.0000	 0.545663	 0.500241	  1.00000000	  0.57945772	  0.42054228
    -0.6773	     -0.6773	 0.0000	 0.547636	 0.501899	  1.00000000	  0.57831518	  0.42168482
    -0.6734	     -0.6734	 0.0000	 0.549605	 0.503553	  1.00000000	  0.57717768	  0.42282232
    -0.6695	     -0.6695	 0.0000	 0.551569	 0.505202	  1.00000000	  0.57604523	  0.42395477
    -0.6656	     -0.6656	 0.0000	 0.553528	 0.506845	  1.00000000	  0.57491782	  0.42508218
    -0.6618	     -0.6618	 0.0000	 0.555482	 0.508484	  1.00000000	  0.57379544	  0.42620456
    -0.6579	     -0.6579	 0.0000	 0.557432	 0.510117	  1.00000000	  0.57267810	  0.42732190
    -0.6541	     -0.6541	 0.0000	 0.559376	 0.511745	  1.00000000	  0.57156577	  0.42843423
    -0.6504	     -0.6504	 0.0000	 0.561315	 0.513368	  1.00000000	  0.57045847	  0.42954153
    -0.6466	     -0.6466	 0.0000	 0.563249	 0.514986	  1.00000000	  0.56935618	  0.43064382
    -0.6428	     -0.6428	 0.0000	 0.565178	 0.516599	  1.00000000	  0.56825889	  0.43174111
    -0.6391	     -0.6391	 0.0000	 0.567102	 0.518206	  1.00000000	  0.56716660	  0.43283340
    -0.6354	     -0.6354	 0.0000	 0.569021	 0.519808	  1.00000000	  0.56607930	  0.43392070
    -0.6318	     -0.6318	 0.0000	 0.570935	 0.521406	  1.00000000	  0.56499699	  0.43500301
    -0.6281	     -0.6281	 0.0000	 0.572843	 0.522997	  1.00000000	  0.56391966	  0.43608034
    -0.6245	     -0.6245	 0.0000	 0.574747	 0.524584	  1.00000000	  0.56284730	  0.43715270
    -0.6209	     -0.6209	 0.0000	 0.576645	 0.526165	  1.00000000	  0.56177989	  0.43822011
    -0.6173	     -0.6173	 0.0000	 0.578538	 0.527742	  1.00000000	  0.56071745	  0.43928255
    -0.6137	     -0.6137	 0.0000	 0.580426	 0.529313	  1.00000000	  0.55965994	  0.44034006
    -0.6101	     -0.6101	 0.0000	 0.582308	 0.530878	  1.00000000	  0.55860737	  0.44139263
    -0.6066	     -0.6066	 0.0000	 0.584186	 0.532438	  1.00000000	  0.55755973	  0.44244027
    -0.6031	     -0.6031	 0.0000	 0.586058	 0.533994	  1.00000000	  0.55651701	  0.44348299
    -0.5996	     -0.5996	 0.0000	 0.587924	 0.535543	  1.00000000	  0.55547920	  0.44452080
    -0.5961	     -0.5961	 0.0000	 0.589785	 0.537088	  1.00000000	  0.55444628	  0.44555372
    -0.5927	     -0.5927	 0.0000	 0.591641	 0.538627	  1.00000000	  0.55341826	  0.44658174
    -0.5893	     -0.5893	 0.0000	 0.593492	 0.540161	  1.00000000	  0.55239511	  0.44760489
    -0.5858	     -0.5858	 0.0000	 0.595337	 0.541689	  1.00000000	  0.55137683	  0.44862317
    -0.5825	     -0.5825	 0.0000	 0.597176	 0.543212	  1.00000000	  0.55036341	  0.44963659
    -0.5791	     -0.5791	 0.0000	 0.599011	 0.544730	  1.00000000	  0.54935484	  0.45064516
    -0.5757	     -0.5757	 0.0000	 0.600840	 0.546243	  1.00000000	  0.54835110	  0.45164890
    -0.5724	     -0.5724	 0.0000	 0.602663	 0.547750	  1.00000000	  0.54735219	  0.45264781
    -0.5691	     -0.5691	 0.0000	 0.604481	 0.549252	  1.00000000	  0.54635809	  0.45364191
    -0.5658	     -0.5658	 0.0000	 0.606293	 0.550748	  1.00000000	  0.54536879	  0.45463121
    -0.5625	     -0.5625	 0.0000	 0.608100	 0.552239	  1.00000000	  0.54438428	  0.45561572
    -0.5593	     -0.5593	 0.0000	 0.609901	 0.553725	  1.00000000	  0.54340455	  0.45659545
    -0.5560	     -0.5560	 0.0000	 0.611697	 0.555206	  1.00000000	  0.54242959	  0.45757041
    -0.5528	     -0.5528	 0.0000	 0.613487	 0.556681	  1.00000000	  0.54145938	  0.45854062
    -0.5496	     -0.5496	 0.0000	 0.615272	 0.558150	  1.00000000	  0.54049391	  0.45950609
    -0.5464	     -0.5464	 0.0000	 0.617051	 0.559614	  1.00000000	  0.53953317	  0.46046683
    -0.5432	     -0.5432	 0.0000	 0.618825	 0.561073	  1.00000000	  0.53857715	  0.46142285
    -0.5401	     -0.5401	 0.0000	 0.620592	 0.562527	  1.00000000	  0.53762583	  0.46237417
    -0.5370	     -0.5370	 0.0000	 0.622355	 0.563975	  1.00000000	  0.53667920	  0.46332080
    -0.5339	     -0.5339	 0.0000	 0.624111	 0.565418	  1.00000000	  0.53573725	  0.46426275
    -0.5308	     -0.5308	 0.0000	 0.625863	 0.566855	  1.00000000	  0.53479996	  0.46520004
    -0.5277	     -0.5277	 0.0000	 0.627608	 0.568287	  1.00000000	  0.53386732	  0.46613268
    -0.5246	     -0.5246	 0.0000	 0.629348	 0.569714	  1.00000000	  0.53293932	  0.46706068
    -0.5216	     -0.5216	 0.0000	 0.631082	 0.571135	  1.00000000	  0.53201594	  0.46798406
    -0.5186	     -0.5186	 0.0000	 0.632810	 0.572551	  1.00000000	  0.53109717	  0.46890283
    -0.5156	     -0.5156	 0.0000	 0.634533	 0.573962	  1.00000000	  0.53018300	  0.46981700
    -0.5126	     -0.5126	 0.0000	 0.636250	 0.575367	  1.00000000	  0.52927340	  0.47072660
    -0.5096	     -0.5096	 0.0000	 0.637962	 0.576767	  1.00000000	  0.52836837	  0.47163163
    -0.5067	     -0.5067	 0.0000	 0.639667	 0.578161	  1.00000000	  0.52746790	  0.47253210
    -0.5037	     -0.5037	 0.0000	 0.641367	 0.579550	  1.00000000	  0.52657196	  0.47342804
    -0.5008	     -0.5008	 0.0000	 0.643062	 0.580934	  1.00000000	  0.52568055	  0.47431945
    -0.4979	     -0.4979	 0.0000	 0.644750	 0.582312	  1.00000000	  0.52479364	  0.47520636
    -0.4950	     -0.4950	 0.0000	 0.646433	 0.583685	  1.00000000	  0.52391123	  0.47608877
    -0.4921	     -0.4921	 0.0000	 0.648110	 0.585053	  1.00000000	  0.52303330	  0.47696670
    -0.4893	     -0.4893	 0.0000	 0.649782	 0.586415	  1.00000000	  0.52215983	  0.47784017
    -0.4864	     -0.4864	 0.0000	 0.651447	 0.587772	  1.00000000	  0.52129081	  0.47870919
    -0.4836	     -0.4836	 0.0000	 0.653107	 0.589124	  1.00000000	  0.52042622	  0.47957378
    -0.4808	     -0.4808	 0.0000	 0.654761	 0.590470	  1.00000000	  0.51956605	  0.48043395
    -0.4780	     -0.4780	 0.0000	 0.656410	 0.591811	  1.00000000	  0.51871029	  0.48128971
    -0.4753	     -0.4753	 0.0000	 0.658052	 0.593146	  1.00000000	  0.51785891	  0.48214109
    -0.4725	     -0.4725	 0.0000	 0.659689	 0.594477	  1.00000000	  0.51701191	  0.48298809
    -0.4698	     -0.4698	 0.0000	 0.661321	 0.595802	  1.00000000	  0.51616926	  0.48383074
    -0.4670	     -0.4670	 0.0000	 0.662946	 0.597121	  1.00000000	  0.51533096	  0.48466904
    -0.4643	     -0.4643	 0.0000	 0.664566	 0.598436	  1.00000000	  0.51449698	  0.48550302
    -0.4616	     -0.4616	 0.0000	 0.666179	 0.599745	  1.00000000	  0.51366731	  0.48633269
    -0.4590	     -0.4590	 0.0000	 0.667788	 0.601048	  1.00000000	  0.51284193	  0.48715807
    -0.4563	     -0.4563	 0.0000	 0.669390	 0.602347	  1.00000000	  0.51202084	  0.48797916
    -0.4536	     -0.4536	 0.0000	 0.670987	 0.603640	  1.00000000	  0.51120400	  0.48879600
    -0.4510	     -0.4510	 0.0000	 0.672577	 0.604928	  1.00000000	  0.51039142	  0.48960858
    -0.4484	     -0.4484	 0.0000	 0.674162	 0.606210	  1.00000000	  0.50958306	  0.49041694
    -0.4458	     -0.4458	 0.0000	 0.675742	 0.607488	  1.00000000	  0.50877892	  0.49122108
    -0.4432	     -0.4432	 0.0000	 0.677315	 0.608760	  1.00000000	  0.50797897	  0.49202103
    -0.4406	     -0.4406	 0.0000	 0.678883	 0.610027	  1.00000000	  0.50718321	  0.49281679
    -0.4381	     -0.4381	 0.0000	 0.680445	 0.611288	  1.00000000	  0.50639161	  0.49360839
    -0.4355	     -0.4355	 0.0000	 0.682001	 0.612544	  1.00000000	  0.50560417	  0.49439583
    -0.4330	     -0.4330	 0.0000	 0.683552	 0.613796	  1.00000000	  0.50482085	  0.49517915
    -0.4305	     -0.4305	 0.0000	 0.685096	 0.615041	  1.00000000	  0.50404166	  0.49595834
    -0.4280	     -0.4280	 0.0000	 0.686635	 0.616282	  1.00000000	  0.50326656	  0.49673344
    -0.4255	     -0.4255	 0.0000	 0.688168	 0.617518	  1.00000000	  0.50249555	  0.49750445
    -0.4230	     -0.4230	 0.0000	 0.689696	 0.618748	  1.00000000	  0.50172861	  0.49827139
    -0.4206	     -0.4206	 0.0000	 0.691218	 0.619973	  1.00000000	  0.50096572	  0.49903428
    -0.4181	     -0.4181	 0.0000	 0.692734	 0.621193	  1.00000000	  0.50020686	  0.49979314
    -0.4157	     -0.4157	 0.0000	 0.694244	 0.622408	  1.00000000	  0.49945202	  0.50054798
    -0.4133	     -0.4133	 0.0000	 0.695748	 0.623617	  1.00000000	  0.49870119	  0.50129881
    -0.4109	     -0.4109	 0.0000	 0.697247	 0.624822	  1.00000000	  0.49795434	  0.50204566
    -0.4085	     -0.4085	 0.0000	 0.698740	 0.626021	  1.00000000	  0.49721146	  0.50278854
    -0.4061	     -0.4061	 0.0000	 0.700227	 0.627216	  1.00000000	  0.49647253	  0.50352747
    -0.4038	     -0.4038	 0.0000	 0.701709	 0.628405	  1.00000000	  0.49573754	  0.50426246
    -0.4014	     -0.4014	 0.0000	 0.703184	 0.629589	  1.00000000	  0.49500647	  0.50499353
    -0.3991	     -0.3991	 0.0000	 0.704655	 0.630768	  1.00000000	  0.49427930	  0.50572070
    -0.3968	     -0.3968	 0.0000	 0.706119	 0.631941	  1.00000000	  0.49355601	  0.50644399
    -0.3945	     -0.3945	 0.0000	 0.707578	 0.633110	  1.00000000	  0.49283660	  0.50716340
    -0.3922	     -0.3922	 0.0000	 0.709031	 0.634274	  1.00000000	  0.49212104	  0.50787896
    -0.3899	     -0.3899	 0.0000	 0.710478	 0.635432	  1.00000000	  0.49140932	  0.50859068
    -0.3876	     -0.3876	 0.0000	 0.711919	 0.636586	  1.00000000	  0.49070141	  0.50929859
    -0.3854	     -0.3854	 0.0000	 0.713355	 0.637735	  1.00000000	  0.48999731	  0.51000269
    -0.3831	     -0.3831	 0.0000	 0.714786	 0.638878	  1.00000000	  0.48929700	  0.51070300
    -0.3809	     -0.3809	 0.0000	 0.716210	 0.640017	  1.00000000	  0.48860045	  0.51139955
    -0.3787	     -0.3787	 0.0000	 0.717629	 0.641150	  1.00000000	  0.48790766	  0.51209234
    -0.3765	     -0.3765	 0.0000	 0.719042	 0.642279	  1.00000000	  0.48721861	  0.51278139
    -0.3743	     -0.3743	 0.0000	 0.720450	 0.643402	  1.00000000	  0.48653328	  0.51346672
    -0.3721	     -0.3721	 0.0000	 0.721852	 0.644521	  1.00000000	  0.48585165	  0.51414835
    -0.3700	     -0.3700	 0.0000	 0.723248	 0.645635	  1.00000000	  0.48517370	  0.51482630
    -0.3678	     -0.3678	 0.0000	 0.724639	 0.646743	  1.00000000	  0.48449943	  0.51550057
    -0.3657	     -0.3657	 0.0000	 0.726024	 0.647847	  1.00000000	  0.48382881	  0.51617119
    -0.3635	     -0.3635	 0.0000	 0.727404	 0.648946	  1.00000000	  0.48316183	  0.51683817
    -0.3614	     -0.3614	 0.0000	 0.728778	 0.650040	  1.00000000	  0.48249847	  0.51750153
    -0.3593	     -0.3593	 0.0000	 0.730146	 0.651129	  1.00000000	  0.48183872	  0.51816128
    -0.3572	     -0.3572	 0.0000	 0.731509	 0.652213	  1.00000000	  0.48118255	  0.51881745
    -0.3551	     -0.3551	 0.0000	 0.732866	 0.653293	  1.00000000	  0.48052995	  0.51947005
    -0.3531	     -0.3531	 0.0000	 0.734217	 0.654367	  1.00000000	  0.47988091	  0.52011909
    -0.3510	     -0.3510	 0.0000	 0.735563	 0.655437	  1.00000000	  0.47923541	  0.52076459
    -0.3490	     -0.3490	 0.0000	 0.736904	 0.656502	  1.00000000	  0.47859343	  0.52140657
    -0.3469	     -0.3469	 0.0000	 0.738239	 0.657562	  1.00000000	  0.47795495	  0.52204505
    -0.3449	     -0.3449	 0.0000	 0.739568	 0.658617	  1.00000000	  0.47731997	  0.52268003
    -0.3429	     -0.3429	 0.0000	 0.740892	 0.659667	  1.00000000	  0.47668845	  0.52331155
    -0.3409	     -0.3409	 0.0000	 0.742211	 0.660713	  1.00000000	  0.47606040	  0.52393960
    -0.3389	     -0.3389	 0.0000	 0.743523	 0.661754	  1.00000000	  0.47543578	  0.52456422
    -0.3370	     -0.3370	 0.0000	 0.744831	 0.662790	  1.00000000	  0.47481459	  0.52518541
    -0.3350	     -0.3350	 0.0000	 0.746133	 0.663822	  1.00000000	  0.47419681	  0.52580319
    -0.3330	     -0.3330	 0.0000	 0.747429	 0.664848	  1.00000000	  0.47358242	  0.52641758
    -0.3311	     -0.3311	 0.0000	 0.748720	 0.665870	  1.00000000	  0.47297140	  0.52702860
    -0.3292	     -0.3292	 0.0000	 0.750006	 0.666888	  1.00000000	  0.47236375	  0.52763625
    -0.3273	     -0.3273	 0.0000	 0.751286	 0.667900	  1.00000000	  0.47175943	  0.52824057
    -0.3253	     -0.3253	 0.0000	 0.752561	 0.668908	  1.00000000	  0.47115845	  0.52884155
    -0.3235	     -0.3235	 0.0000	 0.753830	 0.669912	  1.00000000	  0.47056078	  0.52943922
    -0.3216	     -0.3216	 0.0000	 0.755094	 0.670911	  1.00000000	  0.46996640	  0.53003360
    -0.3197	     -0.3197	 0.0000	 0.756353	 0.671905	  1.00000000	  0.46937530	  0.53062470
    -0.3178	     -0.3178	 0.0000	 0.757606	 0.672894	  1.00000000	  0.46878746	  0.53121254
    -0.3160	     -0.3160	 0.0000	 0.758854	 0.673879	  1.00000000	  0.46820287	  0.53179713
    -0.3141	     -0.3141	 0.0000	 0.760096	 0.674859	  1.00000000	  0.46762152	  0.53237848
    -0.3123	     -0.3123	 0.0000	 0.761333	 0.675835	  1.00000000	  0.46704338	  0.53295662
    -0.3105	     -0.3105	 0.0000	 0.762565	 0.676806	  1.00000000	  0.46646844	  0.53353156
    -0.3087	     -0.3087	 0.0000	 0.763791	 0.677773	  1.00000000	  0.46589668	  0.53410332
    -0.3069	     -0.3069	 0.0000	 0.765013	 0.678735	  1.00000000	  0.46532809	  0.53467191
    -0.3051	     -0.3051	 0.0000	 0.766228	 0.679693	  1.00000000	  0.46476266	  0.53523734
    -0.3033	     -0.3033	 0.0000	 0.767439	 0.680646	  1.00000000	  0.46420036	  0.53579964
    -0.3015	     -0.3015	 0.0000	 0.768644	 0.681594	  1.00000000	  0.46364118	  0.53635882
    -0.2998	     -0.2998	 0.0000	 0.769844	 0.682539	  1.00000000	  0.46308511	  0.53691489
    -0.2980	     -0.2980	 0.0000	 0.771039	 0.683478	  1.00000000	  0.46253214	  0.53746786
    -0.2963	     -0.2963	 0.0000	 0.772229	 0.684414	  1.00000000	  0.46198223	  0.53801777
    -0.2946	     -0.2946	 0.0000	 0.773413	 0.685345	  1.00000000	  0.46143539	  0.53856461
    -0.2928	     -0.2928	 0.0000	 0.774592	 0.686271	  1.00000000	  0.46089159	  0.53910841
    -0.2911	     -0.2911	 0.0000	 0.775766	 0.687193	  1.00000000	  0.46035082	  0.53964918
    -0.2894	     -0.2894	 0.0000	 0.776935	 0.688111	  1.00000000	  0.45981307	  0.54018693
    -0.2877	     -0.2877	 0.0000	 0.778099	 0.689024	  1.00000000	  0.45927831	  0.54072169
    -0.2861	     -0.2861	 0.0000	 0.779257	 0.689933	  1.00000000	  0.45874654	  0.54125346
    -0.2844	     -0.2844	 0.0000	 0.780411	 0.690838	  1.00000000	  0.45821774	  0.54178226
    -0.2827	     -0.2827	 0.0000	 0.781559	 0.691738	  1.00000000	  0.45769188	  0.54230812
    -0.2811	     -0.2811	 0.0000	 0.782702	 0.692634	  1.00000000	  0.45716897	  0.54283103
    -0.2794	     -0.2794	 0.0000	 0.783840	 0.693526	  1.00000000	  0.45664898	  0.54335102
    -0.2778	     -0.2778	 0.0000	 0.784973	 0.694414	  1.00000000	  0.45613190	  0.54386810
    -0.2762	     -0.2762	 0.0000	 0.786101	 0.695297	  1.00000000	  0.45561772	  0.54438228
    -0.2746	     -0.2746	 0.0000	 0.787224	 0.696176	  1.00000000	  0.45510641	  0.54489359
    -0.2730	     -0.2730	 0.0000	 0.788342	 0.697051	  1.00000000	  0.45459797	  0.54540203
    -0.2714	     -0.2714	 0.0000	 0.789455	 0.697921	  1.00000000	  0.45409237	  0.54590763
    -0.2698	     -0.2698	 0.0000	 0.790562	 0.698788	  1.00000000	  0.45358961	  0.54641039
    -0.2682	     -0.2682	 0.0000	 0.791665	 0.699650	  1.00000000	  0.45308967	  0.54691033
    -0.2666	     -0.2666	 0.0000	 0.792763	 0.700508	  1.00000000	  0.45259254	  0.54740746
    -0.2651	     -0.2651	 0.0000	 0.793856	 0.701362	  1.00000000	  0.45209820	  0.54790180
    -0.2635	     -0.2635	 0.0000	 0.794944	 0.702211	  1.00000000	  0.45160663	  0.54839337
    -0.2620	     -0.2620	 0.0000	 0.796027	 0.703057	  1.00000000	  0.45111783	  0.54888217
    -0.2604	     -0.2604	 0.0000	 0.797105	 0.703898	  1.00000000	  0.45063177	  0.54936823
    -0.2589	     -0.2589	 0.0000	 0.798178	 0.704736	  1.00000000	  0.45014845	  0.54985155
    -0.2574	     -0.2574	 0.0000	 0.799246	 0.705569	  1.00000000	  0.44966784	  0.55033216
    -0.2559	     -0.2559	 0.0000	 0.800309	 0.706398	  1.00000000	  0.44918994	  0.55081006
    -0.2544	     -0.2544	 0.0000	 0.801368	 0.707224	  1.00000000	  0.44871474	  0.55128526
    -0.2529	     -0.2529	 0.0000	 0.802422	 0.708045	  1.00000000	  0.44824220	  0.55175780
    -0.2514	     -0.2514	 0.0000	 0.803470	 0.708862	  1.00000000	  0.44777233	  0.55222767
    -0.2500	     -0.2500	 0.0000	 0.804514	 0.709675	  1.00000000	  0.44730511	  0.55269489
    -0.2485	     -0.2485	 0.0000	 0.805554	 0.710484	  1.00000000	  0.44684053	  0.55315947
    -0.2470	     -0.2470	 0.0000	 0.806588	 0.711290	  1.00000000	  0.44637856	  0.55362144
    -0.2456	     -0.2456	 0.0000	 0.807617	 0.712091	  1.00000000	  0.44591920	  0.55408080
    -0.2442	     -0.2442	 0.0000	 0.808642	 0.712888	  1.00000000	  0.44546244	  0.55453756
    -0.2427	     -0.2427	 0.0000	 0.809662	 0.713682	  1.00000000	  0.44500825	  0.55499175
    -0.2413	     -0.2413	 0.0000	 0.810678	 0.714471	  1.00000000	  0.44455663	  0.55544337
    -0.2399	     -0.2399	 0.0000	 0.811688	 0.715257	  1.00000000	  0.44410757	  0.55589243
    -0.2385	     -0.2385	 0.0000	 0.812694	 0.716038	  1.00000000	  0.44366104	  0.55633896
    -0.2371	     -0.2371	 0.0000	 0.813696	 0.716816	  1.00000000	  0.44321703	  0.55678297
    -0.2357	     -0.2357	 0.0000	 0.814692	 0.717590	  1.00000000	  0.44277554	  0.55722446
    -0.2343	     -0.2343	 0.0000	 0.815684	 0.718360	  1.00000000	  0.44233655	  0.55766345
    -0.2329	     -0.2329	 0.0000	 0.816672	 0.719127	  1.00000000	  0.44190004	  0.55809996
    -0.2316	     -0.2316	 0.0000	 0.817654	 0.719889	  1.00000000	  0.44146600	  0.55853400
    -0.2302	     -0.2302	 0.0000	 0.818632	 0.720648	  1.00000000	  0.44103442	  0.55896558
    -0.2289	     -0.2289	 0.0000	 0.819606	 0.721403	  1.00000000	  0.44060529	  0.55939471
    -0.2275	     -0.2275	 0.0000	 0.820575	 0.722154	  1.00000000	  0.44017859	  0.55982141
    -0.2262	     -0.2262	 0.0000	 0.821539	 0.722902	  1.00000000	  0.43975431	  0.56024569
    -0.2249	     -0.2249	 0.0000	 0.822499	 0.723645	  1.00000000	  0.43933243	  0.56066757
    -0.2235	     -0.2235	 0.0000	 0.823454	 0.724385	  1.00000000	  0.43891295	  0.56108705
    -0.2222	     -0.2222	 0.0000	 0.824405	 0.725122	  1.00000000	  0.43849585	  0.56150415
    -0.2209	     -0.2209	 0.0000	 0.825351	 0.725854	  1.00000000	  0.43808111	  0.56191889
    -0.2196	     -0.2196	 0.0000	 0.826293	 0.726583	  1.00000000	  0.43766873	  0.56233127
    -0.2183	     -0.2183	 0.0000	 0.827230	 0.727309	  1.00000000	  0.43725869	  0.56274131
    -0.2171	     -0.2171	 0.0000	 0.828163	 0.728030	  1.00000000	  0.43685098	  0.56314902
    -0.2158	     -0.2158	 0.0000	 0.829092	 0.728748	  1.00000000	  0.43644559	  0.56355441
    -0.2145	     -0.2145	 0.0000	 0.830016	 0.729463	  1.00000000	  0.43604250	  0.56395750
    -0.2133	     -0.2133	 0.0000	 0.830935	 0.730174	  1.00000000	  0.43564170	  0.56435830
    -0.2120	     -0.2120	 0.0000	 0.831850	 0.730881	  1.00000000	  0.43524319	  0.56475681
    -0.2108	     -0.2108	 0.0000	 0.832761	 0.731585	  1.00000000	  0.43484693	  0.56515307
    -0.2095	     -0.2095	 0.0000	 0.833668	 0.732285	  1.00000000	  0.43445294	  0.56554706
    -0.2083	     -0.2083	 0.0000	 0.834570	 0.732982	  1.00000000	  0.43406118	  0.56593882
    -0.2071	     -0.2071	 0.0000	 0.835468	 0.733675	  1.00000000	  0.43367166	  0.56632834
    -0.2059	     -0.2059	 0.0000	 0.836361	 0.734364	  1.00000000	  0.43328435	  0.56671565
    -0.2046	     -0.2046	 0.0000	 0.837250	 0.735050	  1.00000000	  0.43289925	  0.56710075
    -0.2034	     -0.2034	 0.0000	 0.838135	 0.735733	  1.00000000	  0.43251634	  0.56748366
    -0.2022	     -0.2022	 0.0000	 0.839016	 0.736412	  1.00000000	  0.43213562	  0.56786438
    -0.2011	     -0.2011	 0.0000	 0.839892	 0.737088	  1.00000000	  0.43175706	  0.56824294
    -0.1999	     -0.1999	 0.0000	 0.840764	 0.737760	  1.00000000	  0.43138066	  0.56861934
    -0.1987	     -0.1987	 0.0000	 0.841632	 0.738429	  1.00000000	  0.43100641	  0.56899359
    -0.1975	     -0.1975	 0.0000	 0.842496	 0.739095	  1.00000000	  0.43063429	  0.56936571
    -0.1964	     -0.1964	 0.0000	 0.843356	 0.739757	  1.00000000	  0.43026429	  0.56973571
    -0.1952	     -0.1952	 0.0000	 0.844211	 0.740415	  1.00000000	  0.42989641	  0.57010359
    -0.1941	     -0.1941	 0.0000	 0.845062	 0.741071	  1.00000000	  0.42953062	  0.57046938
    -0.1929	     -0.1929	 0.0000	 0.845909	 0.741723	  1.00000000	  0.42916692	  0.57083308
    -0.1918	     -0.1918	 0.0000	 0.846752	 0.742371	  1.00000000	  0.42880530	  0.57119470
    -0.1906	     -0.1906	 0.0000	 0.847591	 0.743017	  1.00000000	  0.42844574	  0.57155426
    -0.1895	     -0.1895	 0.0000	 0.848426	 0.743659	  1.00000000	  0.42808824	  0.57191176
    -0.1884	     -0.1884	 0.0000	 0.849257	 0.744298	  1.00000000	  0.42773278	  0.57226722
    -0.1873	     -0.1873	 0.0000	 0.850083	 0.744933	  1.00000000	  0.42737935	  0.57262065
    -0.1862	     -0.1862	 0.0000	 0.850906	 0.745565	  1.00000000	  0.42702793	  0.57297207
    -0.1851	     -0.1851	 0.0000	 0.851724	 0.746194	  1.00000000	  0.42667853	  0.57332147
    -0.1840	     -0.1840	 0.0000	 0.852539	 0.746820	  1.00000000	  0.42633112	  0.57366888
    -0.1829	     -0.1829	 0.0000	 0.853349	 0.747443	  1.00000000	  0.42598570	  0.57401430
    -0.1818	     -0.1818	 0.0000	 0.854156	 0.748062	  1.00000000	  0.42564226	  0.57435774
    -0.1808	     -0.1808	 0.0000	 0.854959	 0.748678	  1.00000000	  0.42530077	  0.57469923
    -0.1797	     -0.1797	 0.0000	 0.855757	 0.749291	  1.00000000	  0.42496125	  0.57503875
    -0.1786	     -0.1786	 0.0000	 0.856552	 0.749901	  1.00000000	  0.42462366	  0.57537634
    -0.1776	     -0.1776	 0.0000	 0.857343	 0.750508	  1.00000000	  0.42428800	  0.57571200
    -0.1765	     -0.1765	 0.0000	 0.858130	 0.751111	  1.00000000	  0.42395427	  0.57604573
    -0.1755	     -0.1755	 0.0000	 0.858913	 0.751712	  1.00000000	  0.42362245	  0.57637755
    -0.1745	     -0.1745	 0.0000	 0.859692	 0.752309	  1.00000000	  0.42329252	  0.57670748
    -0.1734	     -0.1734	 0.0000	 0.860467	 0.752903	  1.00000000	  0.42296449	  0.57703551
    -0.1724	     -0.1724	 0.0000	 0.861238	 0.753494	  1.00000000	  0.42263833	  0.57736167
    -0.1714	     -0.1714	 0.0000	 0.862006	 0.754082	  1.00000000	  0.42231404	  0.57768596
    -0.1704	     -0.1704	 0.0000	 0.862770	 0.754667	  1.00000000	  0.42199161	  0.57800839
    -0.1694	     -0.1694	 0.0000	 0.863530	 0.755249	  1.00000000	  0.42167103	  0.57832897
    -0.1684	     -0.1684	 0.0000	 0.864286	 0.755828	  1.00000000	  0.42135228	  0.57864772
    -0.1674	     -0.1674	 0.0000	 0.865038	 0.756404	  1.00000000	  0.42103536	  0.57896464
    -0.1664	     -0.1664	 0.0000	 0.865787	 0.756977	  1.00000000	  0.42072025	  0.57927975
    -0.1654	     -0.1654	 0.0000	 0.866532	 0.757547	  1.00000000	  0.42040695	  0.57959305
    -0.1644	     -0.1644	 0.0000	 0.867273	 0.758114	  1.00000000	  0.42009545	  0.57990455
    -0.1635	     -0.1635	 0.0000	 0.868011	 0.758679	  1.00000000	  0.41978573	  0.58021427
    -0.1625	     -0.1625	 0.0000	 0.868745	 0.759240	  1.00000000	  0.41947779	  0.58052221
    -0.1615	     -0.1615	 0.0000	 0.869475	 0.759798	  1.00000000	  0.41917162	  0.58082838
    -0.1606	     -0.1606	 0.0000	 0.870201	 0.760353	  1.00000000	  0.41886720	  0.58113280
    -0.1596	     -0.1596	 0.0000	 0.870924	 0.760906	  1.00000000	  0.41856453	  0.58143547
    -0.1587	     -0.1587	 0.0000	 0.871643	 0.761455	  1.00000000	  0.41826359	  0.58173641
    -0.1577	     -0.1577	 0.0000	 0.872359	 0.762002	  1.00000000	  0.41796438	  0.58203562
    -0.1568	     -0.1568	 0.0000	 0.873071	 0.762546	  1.00000000	  0.41766689	  0.58233311
    -0.1559	     -0.1559	 0.0000	 0.873780	 0.763087	  1.00000000	  0.41737110	  0.58262890
    -0.1549	     -0.1549	 0.0000	 0.874484	 0.763625	  1.00000000	  0.41707701	  0.58292299
    -0.1540	     -0.1540	 0.0000	 0.875186	 0.764160	  1.00000000	  0.41678462	  0.58321538
    -0.1531	     -0.1531	 0.0000	 0.875883	 0.764693	  1.00000000	  0.41649389	  0.58350611
    -0.1522	     -0.1522	 0.0000	 0.876578	 0.765222	  1.00000000	  0.41620484	  0.58379516
    -0.1513	     -0.1513	 0.0000	 0.877268	 0.765749	  1.00000000	  0.41591745	  0.58408255
    -0.1504	     -0.1504	 0.0000	 0.877956	 0.766273	  1.00000000	  0.41563171	  0.58436829
    -0.1495	     -0.1495	 0.0000	 0.878640	 0.766795	  1.00000000	  0.41534761	  0.58465239
    -0.1486	     -0.1486	 0.0000	 0.879320	 0.767313	  1.00000000	  0.41506514	  0.58493486
    -0.1477	     -0.1477	 0.0000	 0.879997	 0.767829	  1.00000000	  0.41478429	  0.58521571
    -0.1469	     -0.1469	 0.0000	 0.880670	 0.768343	  1.00000000	  0.41450506	  0.58549494
    -0.1460	     -0.1460	 0.0000	 0.881340	 0.768853	  1.00000000	  0.41422743	  0.58577257
    -0.1451	     -0.1451	 0.0000	 0.882007	 0.769361	  1.00000000	  0.41395140	  0.58604860
    -0.1443	     -0.1443	 0.0000	 0.882670	 0.769866	  1.00000000	  0.41367695	  0.58632305
    -0.1434	     -0.1434	 0.0000	 0.883330	 0.770369	  1.00000000	  0.41340408	  0.58659592
    -0.1426	     -0.1426	 0.0000	 0.883986	 0.770868	  1.00000000	  0.41313278	  0.58686722
    -0.1417	     -0.1417	 0.0000	 0.884639	 0.771366	  1.00000000	  0.41286304	  0.58713696
    -0.1409	     -0.1409	 0.0000	 0.885289	 0.771860	  1.00000000	  0.41259485	  0.58740515
    -0.1400	     -0.1400	 0.0000	 0.885936	 0.772352	  1.00000000	  0.41232820	  0.58767180
    -0.1392	     -0.1392	 0.0000	 0.886579	 0.772841	  1.00000000	  0.41206308	  0.58793692
    -0.1384	     -0.1384	 0.0000	 0.887219	 0.773328	  1.00000000	  0.41179949	  0.58820051
    -0.1376	     -0.1376	 0.0000	 0.887855	 0.773812	  1.00000000	  0.41153741	  0.58846259
    -0.1367	     -0.1367	 0.0000	 0.888489	 0.774294	  1.00000000	  0.41127684	  0.58872316
    -0.1359	     -0.1359	 0.0000	 0.889119	 0.774773	  1.00000000	  0.41101777	  0.58898223
    -0.1351	     -0.1351	 0.0000	 0.889746	 0.775250	  1.00000000	  0.41076019	  0.58923981
    -0.1343	     -0.1343	 0.0000	 0.890369	 0.775724	  1.00000000	  0.41050409	  0.58949591
    -0.1335	     -0.1335	 0.0000	 0.890990	 0.776195	  1.00000000	  0.41024947	  0.58975053
    -0.1327	     -0.1327	 0.0000	 0.891607	 0.776664	  1.00000000	  0.40999630	  0.59000370
    -0.1319	     -0.1319	 0.0000	 0.892221	 0.777130	  1.00000000	  0.40974460	  0.59025540
    -0.1311	     -0.1311	 0.0000	 0.892832	 0.777594	  1.00000000	  0.40949434	  0.59050566
    -0.1304	     -0.1304	 0.0000	 0.893440	 0.778056	  1.00000000	  0.40924553	  0.59075447
    -0.1296	     -0.1296	 0.0000	 0.894045	 0.778515	  1.00000000	  0.40899814	  0.59100186
    -0.1288	     -0.1288	 0.0000	 0.894646	 0.778972	  1.00000000	  0.40875218	  0.59124782
    -0.1280	     -0.1280	 0.0000	 0.895245	 0.779426	  1.00000000	  0.40850764	  0.59149236
    -0.1273	     -0.1273	 0.0000	 0.895840	 0.779878	  1.00000000	  0.40826450	  0.59173550
    -0.1265	     -0.1265	 0.0000	 0.896432	 0.780327	  1.00000000	  0.40802276	  0.59197724
    -0.1258	     -0.1258	 0.0000	 0.897022	 0.780774	  1.00000000	  0.40778242	  0.59221758
    -0.1250	     -0.1250	 0.0000	 0.897608	 0.781219	  1.00000000	  0.40754345	  0.59245655
    -0.1243	     -0.1243	 0.0000	 0.898191	 0.781661	  1.00000000	  0.40730586	  0.59269414
    -0.1235	     -0.1235	 0.0000	 0.898771	 0.782101	  1.00000000	  0.40706965	  0.59293035
    -0.1228	     -0.1228	 0.0000	 0.899348	 0.782538	  1.00000000	  0.40683479	  0.59316521
    -0.1220	     -0.1220	 0.0000	 0.899922	 0.782973	  1.00000000	  0.40660128	  0.59339872
    -0.1213	     -0.1213	 0.0000	 0.900493	 0.783406	  1.00000000	  0.40636912	  0.59363088
    -0.1206	     -0.1206	 0.0000	 0.901062	 0.783837	  1.00000000	  0.40613829	  0.59386171
    -0.1199	     -0.1199	 0.0000	 0.901627	 0.784265	  1.00000000	  0.40590879	  0.59409121
    -0.1192	     -0.1192	 0.0000	 0.902189	 0.784691	  1.00000000	  0.40568062	  0.59431938
    -0.1184	     -0.1184	 0.0000	 0.902748	 0.785114	  1.00000000	  0.40545376	  0.59454624
    -0.1177	     -0.1177	 0.0000	 0.903305	 0.785536	  1.00000000	  0.40522820	  0.59477180
    -0.1170	     -0.1170	 0.0000	 0.903858	 0.785955	  1.00000000	  0.40500395	  0.59499605
    -0.1163	     -0.1163	 0.0000	 0.904409	 0.786372	  1.00000000	  0.40478099	  0.59521901
    -0.1156	     -0.1156	 0.0000	 0.904957	 0.786786	  1.00000000	  0.40455931	  0.59544069
    -0.1149	     -0.1149	 0.0000	 0.905502	 0.787199	  1.00000000	  0.40433891	  0.59566109
    -0.1143	     -0.1143	 0.0000	 0.906044	 0.787609	  1.00000000	  0.40411977	  0.59588023
    -0.1136	     -0.1136	 0.0000	 0.906583	 0.788017	  1.00000000	  0.40390190	  0.59609810
    -0.1129	     -0.1129	 0.0000	 0.907120	 0.788422	  1.00000000	  0.40368529	  0.59631471
    -0.1122	     -0.1122	 0.0000	 0.907653	 0.788826	  1.00000000	  0.40346992	  0.59653008
    -0.1115	     -0.1115	 0.0000	 0.908184	 0.789227	  1.00000000	  0.40325580	  0.59674420
    -0.1109	     -0.1109	 0.0000	 0.908712	 0.789627	  1.00000000	  0.40304291	  0.59695709
    -0.1102	     -0.1102	 0.0000	 0.909238	 0.790024	  1.00000000	  0.40283124	  0.59716876
    -0.1095	     -0.1095	 0.0000	 0.909760	 0.790419	  1.00000000	  0.40262080	  0.59737920
    -0.1089	     -0.1089	 0.0000	 0.910280	 0.790812	  1.00000000	  0.40241156	  0.59758844
    -0.1082	     -0.1082	 0.0000	 0.910797	 0.791202	  1.00000000	  0.40220354	  0.59779646
    -0.1076	     -0.1076	 0.0000	 0.911311	 0.791591	  1.00000000	  0.40199671	  0.59800329
    -0.1069	     -0.1069	 0.0000	 0.911823	 0.791977	  1.00000000	  0.40179107	  0.59820893
    -0.1063	     -0.1063	 0.0000	 0.912332	 0.792362	  1.00000000	  0.40158662	  0.59841338
    -0.1057	     -0.1057	 0.0000	 0.912838	 0.792744	  1.00000000	  0.40138335	  0.59861665
    -0.1050	     -0.1050	 0.0000	 0.913342	 0.793124	  1.00000000	  0.40118125	  0.59881875
    -0.1044	     -0.1044	 0.0000	 0.913843	 0.793503	  1.00000000	  0.40098031	  0.59901969
    -0.1038	     -0.1038	 0.0000	 0.914341	 0.793879	  1.00000000	  0.40078054	  0.59921946
    -0.1031	     -0.1031	 0.0000	 0.914837	 0.794253	  1.00000000	  0.40058191	  0.59941809
    -0.1025	     -0.1025	 0.0000	 0.915330	 0.794625	  1.00000000	  0.40038443	  0.59961557
    -0.1019	     -0.1019	 0.0000	 0.915821	 0.794995	  1.00000000	  0.40018809	  0.59981191
    -0.1013	     -0.1013	 0.0000	 0.916309	 0.795363	  1.00000000	  0.39999288	  0.60000712
    -0.1007	     -0.1007	 0.0000	 0.916794	 0.795729	  1.00000000	  0.39979879	  0.60020121
    -0.1001	     -0.1001	 0.0000	 0.917277	 0.796094	  1.00000000	  0.39960582	  0.60039418
    -0.0995	     -0.0995	 0.0000	 0.917757	 0.796456	  1.00000000	  0.39941397	  0.60058603
    -0.0989	     -0.0989	 0.0000	 0.918235	 0.796816	  1.00000000	  0.39922322	  0.60077678
    -0.0983	     -0.0983	 0.0000	 0.918710	 0.797174	  1.00000000	  0.39903357	  0.60096643
    -0.0977	     -0.0977	 0.0000	 0.919182	 0.797530	  1.00000000	  0.39884502	  0.60115498
    -0.0971	     -0.0971	 0.0000	 0.919652	 0.797885	  1.00000000	  0.39865755	  0.60134245
    -0.0965	     -0.0965	 0.0000	 0.920120	 0.798237	  1.00000000	  0.39847116	  0.60152884
    -0.0959	     -0.0959	 0.0000	 0.920585	 0.798588	  1.00000000	  0.39828585	  0.60171415
    -0.0953	     -0.0953	 0.0000	 0.921048	 0.798936	  1.00000000	  0.39810161	  0.60189839
    -0.0948	     -0.0948	 0.0000	 0.921508	 0.799283	  1.00000000	  0.39791843	  0.60208157
    -0.0942	     -0.0942	 0.0000	 0.921966	 0.799628	  1.00000000	  0.39773630	  0.60226370
    -0.0936	     -0.0936	 0.0000	 0.922421	 0.799971	  1.00000000	  0.39755523	  0.60244477
    -0.0931	     -0.0931	 0.0000	 0.922874	 0.800312	  1.00000000	  0.39737520	  0.60262480
    -0.0925	     -0.0925	 0.0000	 0.923325	 0.800651	  1.00000000	  0.39719620	  0.60280380
    -0.0919	     -0.0919	 0.0000	 0.923773	 0.800989	  1.00000000	  0.39701824	  0.60298176
    -0.0914	     -0.0914	 0.0000	 0.924219	 0.801324	  1.00000000	  0.39684131	  0.60315869
    -0.0908	     -0.0908	 0.0000	 0.924662	 0.801658	  1.00000000	  0.39666540	  0.60333460
    -0.0903	     -0.0903	 0.0000	 0.925103	 0.801990	  1.00000000	  0.39649050	  0.60350950
    -0.0897	     -0.0897	 0.0000	 0.925542	 0.802320	  1.00000000	  0.39631661	  0.60368339
    -0.0892	     -0.0892	 0.0000	 0.925978	 0.802648	  1.00000000	  0.39614372	  0.60385628
    -0.0886	     -0.0886	 0.0000	 0.926412	 0.802975	  1.00000000	  0.39597183	  0.60402817
    -0.0881	     -0.0881	 0.0000	 0.926844	 0.803299	  1.00000000	  0.39580093	  0.60419907
    -0.0876	     -0.0876	 0.0000	 0.927273	 0.803622	  1.00000000	  0.39563101	  0.60436899
    -0.0870	     -0.0870	 0.0000	 0.927700	 0.803943	  1.00000000	  0.39546208	  0.60453792
    -0.0865	     -0.0865	 0.0000	 0.928125	 0.804263	  1.00000000	  0.39529412	  0.60470588
    -0.0860	     -0.0860	 0.0000	 0.928548	 0.804580	  1.00000000	  0.39512713	  0.60487287
    -0.0855	     -0.0855	 0.0000	 0.928968	 0.804896	  1.00000000	  0.39496110	  0.60503890
    -0.0849	     -0.0849	 0.0000	 0.929386	 0.805211	  1.00000000	  0.39479603	  0.60520397
    -0.0844	     -0.0844	 0.0000	 0.929802	 0.805523	  1.00000000	  0.39463191	  0.60536809
    -0.0839	     -0.0839	 0.0000	 0.930215	 0.805834	  1.00000000	  0.39446874	  0.60553126
    -0.0834	     -0.0834	 0.0000	 0.930627	 0.806143	  1.00000000	  0.39430651	  0.60569349
    -0.0829	     -0.0829	 0.0000	 0.931036	 0.806450	  1.00000000	  0.39414522	  0.60585478
    -0.0824	     -0.0824	 0.0000	 0.931443	 0.806756	  1.00000000	  0.39398485	  0.60601515
    -0.0819	     -0.0819	 0.0000	 0.931848	 0.807060	  1.00000000	  0.39382541	  0.60617459
    -0.0814	     -0.0814	 0.0000	 0.932250	 0.807362	  1.00000000	  0.39366689	  0.60633311
    -0.0809	     -0.0809	 0.0000	 0.932651	 0.807663	  1.00000000	  0.39350929	  0.60649071
    -0.0804	     -0.0804	 0.0000	 0.933049	 0.807962	  1.00000000	  0.39335259	  0.60664741
    -0.0799	     -0.0799	 0.0000	 0.933445	 0.808260	  1.00000000	  0.39319680	  0.60680320
    -0.0794	     -0.0794	 0.0000	 0.933839	 0.808555	  1.00000000	  0.39304190	  0.60695810
    -0.0789	     -0.0789	 0.0000	 0.934231	 0.808850	  1.00000000	  0.39288790	  0.60711210
    -0.0785	     -0.0785	 0.0000	 0.934621	 0.809142	  1.00000000	  0.39273479	  0.60726521
    -0.0780	     -0.0780	 0.0000	 0.935008	 0.809433	  1.00000000	  0.39258256	  0.60741744
    -0.0775	     -0.0775	 0.0000	 0.935394	 0.809722	  1.00000000	  0.39243121	  0.60756879
    -0.0770	     -0.0770	 0.0000	 0.935778	 0.810010	  1.00000000	  0.39228073	  0.60771927
    -0.0766	     -0.0766	 0.0000	 0.936159	 0.810296	  1.00000000	  0.39213112	  0.60786888
    -0.0761	     -0.0761	 0.0000	 0.936538	 0.810581	  1.00000000	  0.39198237	  0.60801763
    -0.0756	     -0.0756	 0.0000	 0.936916	 0.810864	  1.00000000	  0.39183448	  0.60816552
    -0.0752	     -0.0752	 0.0000	 0.937291	 0.811146	  1.00000000	  0.39168745	  0.60831255
    -0.0747	     -0.0747	 0.0000	 0.937664	 0.811425	  1.00000000	  0.39154126	  0.60845874
    -0.0742	     -0.0742	 0.0000	 0.938036	 0.811704	  1.00000000	  0.39139591	  0.60860409
    -0.0738	     -0.0738	 0.0000	 0.938405	 0.811981	  1.00000000	  0.39125140	  0.60874860
    -0.0733	     -0.0733	 0.0000	 0.938772	 0.812256	  1.00000000	  0.39110773	  0.60889227
    -0.0729	     -0.0729	 0.0000	 0.939138	 0.812530	  1.00000000	  0.39096489	  0.60903511
    -0.0724	     -0.0724	 0.0000	 0.939501	 0.812802	  1.00000000	  0.39082287	  0.60917713
    -0.0720	     -0.0720	 0.0000	 0.939862	 0.813073	  1.00000000	  0.39068166	  0.60931834
    -0.0716	     -0.0716	 0.0000	 0.940222	 0.813342	  1.00000000	  0.39054128	  0.60945872
    -0.0711	     -0.0711	 0.0000	 0.940579	 0.813610	  1.00000000	  0.39040170	  0.60959830
    -0.0707	     -0.0707	 0.0000	 0.940935	 0.813877	  1.00000000	  0.39026293	  0.60973707
    -0.0702	     -0.0702	 0.0000	 0.941288	 0.814141	  1.00000000	  0.39012496	  0.60987504
    -0.0698	     -0.0698	 0.0000	 0.941640	 0.814405	  1.00000000	  0.38998778	  0.61001222
    -0.0694	     -0.0694	 0.0000	 0.941990	 0.814667	  1.00000000	  0.38985140	  0.61014860
    -0.0690	     -0.0690	 0.0000	 0.942338	 0.814927	  1.00000000	  0.38971580	  0.61028420
    -0.0685	     -0.0685	 0.0000	 0.942684	 0.815186	  1.00000000	  0.38958098	  0.61041902
    -0.0681	     -0.0681	 0.0000	 0.943028	 0.815444	  1.00000000	  0.38944694	  0.61055306
    -0.0677	     -0.0677	 0.0000	 0.943370	 0.815700	  1.00000000	  0.38931368	  0.61068632
    -0.0673	     -0.0673	 0.0000	 0.943710	 0.815955	  1.00000000	  0.38918118	  0.61081882
    -0.0669	     -0.0669	 0.0000	 0.944049	 0.816209	  1.00000000	  0.38904945	  0.61095055
    -0.0664	     -0.0664	 0.0000	 0.944386	 0.816461	  1.00000000	  0.38891848	  0.61108152
    -0.0660	     -0.0660	 0.0000	 0.944720	 0.816711	  1.00000000	  0.38878826	  0.61121174
    -0.0656	     -0.0656	 0.0000	 0.945053	 0.816961	  1.00000000	  0.38865879	  0.61134121
    -0.0652	     -0.0652	 0.0000	 0.945385	 0.817208	  1.00000000	  0.38853007	  0.61146993
    -0.0648	     -0.0648	 0.0000	 0.945714	 0.817455	  1.00000000	  0.38840210	  0.61159790
    -0.0644	     -0.0644	 0.0000	 0.946042	 0.817700	  1.00000000	  0.38827486	  0.61172514
    -0.0640	     -0.0640	 0.0000	 0.946368	 0.817944	  1.00000000	  0.38814835	  0.61185165
    -0.0636	     -0.0636	 0.0000	 0.946692	 0.818186	  1.00000000	  0.38802258	  0.61197742
    -0.0632	     -0.0632	 0.0000	 0.947014	 0.818427	  1.00000000	  0.38789753	  0.61210247
    -0.0628	     -0.0628	 0.0000	 0.947335	 0.818667	  1.00000000	  0.38777320	  0.61222680
    -0.0624	     -0.0624	 0.0000	 0.947653	 0.818905	  1.00000000	  0.38764959	  0.61235041
    -0.0621	     -0.0621	 0.0000	 0.947971	 0.819143	  1.00000000	  0.38752669	  0.61247331
    -0.0617	     -0.0617	 0.0000	 0.948286	 0.819378	  1.00000000	  0.38740450	  0.61259550
    -0.0613	     -0.0613	 0.0000	 0.948600	 0.819613	  1.00000000	  0.38728301	  0.61271699
    -0.0609	     -0.0609	 0.0000	 0.948911	 0.819846	  1.00000000	  0.38716223	  0.61283777
    -0.0605	     -0.0605	 0.0000	 0.949222	 0.820078	  1.00000000	  0.38704214	  0.61295786
    -0.0602	     -0.0602	 0.0000	 0.949530	 0.820308	  1.00000000	  0.38692274	  0.61307726
    -0.0598	     -0.0598	 0.0000	 0.949837	 0.820538	  1.00000000	  0.38680404	  0.61319596
    -0.0594	     -0.0594	 0.0000	 0.950142	 0.820766	  1.00000000	  0.38668601	  0.61331399
    -0.0590	     -0.0590	 0.0000	 0.950446	 0.820993	  1.00000000	  0.38656867	  0.61343133
    -0.0587	     -0.0587	 0.0000	 0.950748	 0.821218	  1.00000000	  0.38645201	  0.61354799
    -0.0583	     -0.0583	 0.0000	 0.951048	 0.821442	  1.00000000	  0.38633602	  0.61366398
    -0.0579	     -0.0579	 0.0000	 0.951346	 0.821665	  1.00000000	  0.38622069	  0.61377931
    -0.0576	     -0.0576	 0.0000	 0.951643	 0.821887	  1.00000000	  0.38610603	  0.61389397
    -0.0572	     -0.0572	 0.0000	 0.951939	 0.822108	  1.00000000	  0.38599204	  0.61400796
    -0.0569	     -0.0569	 0.0000	 0.952232	 0.822327	  1.00000000	  0.38587870	  0.61412130
    -0.0565	     -0.0565	 0.0000	 0.952524	 0.822545	  1.00000000	  0.38576601	  0.61423399
    -0.0562	     -0.0562	 0.0000	 0.952815	 0.822762	  1.00000000	  0.38565397	  0.61434603
    -0.0558	     -0.0558	 0.0000	 0.953104	 0.822978	  1.00000000	  0.38554258	  0.61445742
    -0.0555	     -0.0555	 0.0000	 0.953391	 0.823192	  1.00000000	  0.38543184	  0.61456816
    -0.0551	     -0.0551	 0.0000	 0.953677	 0.823406	  1.00000000	  0.38532173	  0.61467827
    -0.0548	     -0.0548	 0.0000	 0.953961	 0.823618	  1.00000000	  0.38521225	  0.61478775
    -0.0544	     -0.0544	 0.0000	 0.954243	 0.823829	  1.00000000	  0.38510341	  0.61489659
    -0.0541	     -0.0541	 0.0000	 0.954524	 0.824038	  1.00000000	  0.38499519	  0.61500481
    -0.0537	     -0.0537	 0.0000	 0.954804	 0.824247	  1.00000000	  0.38488760	  0.61511240
    -0.0534	     -0.0534	 0.0000	 0.955082	 0.824454	  1.00000000	  0.38478063	  0.61521937
    -0.0531	     -0.0531	 0.0000	 0.955358	 0.824661	  1.00000000	  0.38467428	  0.61532572
    -0.0527	     -0.0527	 0.0000	 0.955633	 0.824866	  1.00000000	  0.38456854	  0.61543146
    -0.0524	     -0.0524	 0.0000	 0.955907	 0.825070	  1.00000000	  0.38446341	  0.61553659
    -0.0521	     -0.0521	 0.0000	 0.956179	 0.825273	  1.00000000	  0.38435888	  0.61564112
    -0.0518	     -0.0518	 0.0000	 0.956449	 0.825474	  1.00000000	  0.38425496	  0.61574504
    -0.0514	     -0.0514	 0.0000	 0.956718	 0.825675	  1.00000000	  0.38415163	  0.61584837
    -0.0511	     -0.0511	 0.0000	 0.956985	 0.825874	  1.00000000	  0.38404891	  0.61595109
    -0.0508	     -0.0508	 0.0000	 0.957251	 0.826073	  1.00000000	  0.38394677	  0.61605323
    -0.0505	     -0.0505	 0.0000	 0.957516	 0.826270	  1.00000000	  0.38384523	  0.61615477
    -0.0501	     -0.0501	 0.0000	 0.957779	 0.826466	  1.00000000	  0.38374426	  0.61625574
    -0.0498	     -0.0498	 0.0000	 0.958041	 0.826661	  1.00000000	  0.38364389	  0.61635611
    -0.0495	     -0.0495	 0.0000	 0.958301	 0.826855	  1.00000000	  0.38354409	  0.61645591
    -0.0492	     -0.0492	 0.0000	 0.958559	 0.827048	  1.00000000	  0.38344486	  0.61655514
    -0.0489	     -0.0489	 0.0000	 0.958817	 0.827240	  1.00000000	  0.38334621	  0.61665379
    -0.0486	     -0.0486	 0.0000	 0.959073	 0.827431	  1.00000000	  0.38324812	  0.61675188
    -0.0483	     -0.0483	 0.0000	 0.959327	 0.827620	  1.00000000	  0.38315061	  0.61684939
    -0.0480	     -0.0480	 0.0000	 0.959580	 0.827809	  1.00000000	  0.38305365	  0.61694635
    -0.0477	     -0.0477	 0.0000	 0.959832	 0.827997	  1.00000000	  0.38295725	  0.61704275
    -0.0474	     -0.0474	 0.0000	 0.960082	 0.828183	  1.00000000	  0.38286141	  0.61713859
    -0.0471	     -0.0471	 0.0000	 0.960331	 0.828369	  1.00000000	  0.38276612	  0.61723388
    -0.0468	     -0.0468	 0.0000	 0.960579	 0.828553	  1.00000000	  0.38267138	  0.61732862
    -0.0465	     -0.0465	 0.0000	 0.960825	 0.828736	  1.00000000	  0.38257719	  0.61742281
    -0.0462	     -0.0462	 0.0000	 0.961070	 0.828919	  1.00000000	  0.38248354	  0.61751646
    -0.0459	     -0.0459	 0.0000	 0.961313	 0.829100	  1.00000000	  0.38239043	  0.61760957
    -0.0456	     -0.0456	 0.0000	 0.961555	 0.829281	  1.00000000	  0.38229785	  0.61770215
    -0.0453	     -0.0453	 0.0000	 0.961796	 0.829460	  1.00000000	  0.38220581	  0.61779419
    -0.0450	     -0.0450	 0.0000	 0.962035	 0.829638	  1.00000000	  0.38211430	  0.61788570
    -0.0447	     -0.0447	 0.0000	 0.962274	 0.829816	  1.00000000	  0.38202332	  0.61797668
    -0.0444	     -0.0444	 0.0000	 0.962510	 0.829992	  1.00000000	  0.38193286	  0.61806714
    -0.0441	     -0.0441	 0.0000	 0.962746	 0.830167	  1.00000000	  0.38184293	  0.61815707
    -0.0439	     -0.0439	 0.0000	 0.962980	 0.830342	  1.00000000	  0.38175351	  0.61824649
    -0.0436	     -0.0436	 0.0000	 0.963213	 0.830515	  1.00000000	  0.38166460	  0.61833540
    -0.0433	     -0.0433	 0.0000	 0.963445	 0.830688	  1.00000000	  0.38157621	  0.61842379
    -0.0430	     -0.0430	 0.0000	 0.963675	 0.830859	  1.00000000	  0.38148833	  0.61851167
    -0.0428	     -0.0428	 0.0000	 0.963904	 0.831030	  1.00000000	  0.38140096	  0.61859904
    -0.0425	     -0.0425	 0.0000	 0.964132	 0.831199	  1.00000000	  0.38131409	  0.61868591
    -0.0422	     -0.0422	 0.0000	 0.964358	 0.831368	  1.00000000	  0.38122772	  0.61877228
    -0.0419	     -0.0419	 0.0000	 0.964584	 0.831535	  1.00000000	  0.38114185	  0.61885815
    -0.0417	     -0.0417	 0.0000	 0.964808	 0.831702	  1.00000000	  0.38105647	  0.61894353
    -0.0414	     -0.0414	 0.0000	 0.965030	 0.831868	  1.00000000	  0.38097158	  0.61902842
    -0.0411	     -0.0411	 0.0000	 0.965252	 0.832033	  1.00000000	  0.38088719	  0.61911281
    -0.0409	     -0.0409	 0.0000	 0.965472	 0.832197	  1.00000000	  0.38080328	  0.61919672
    -0.0406	     -0.0406	 0.0000	 0.965691	 0.832360	  1.00000000	  0.38071985	  0.61928015
    -0.0403	     -0.0403	 0.0000	 0.965909	 0.832522	  1.00000000	  0.38063691	  0.61936309
    -0.0401	     -0.0401	 0.0000	 0.966126	 0.832683	  1.00000000	  0.38055444	  0.61944556
    -0.0398	     -0.0398	 0.0000	 0.966342	 0.832843	  1.00000000	  0.38047245	  0.61952755
    -0.0396	     -0.0396	 0.0000	 0.966556	 0.833003	  1.00000000	  0.38039093	  0.61960907
    -0.0393	     -0.0393	 0.0000	 0.966769	 0.833161	  1.00000000	  0.38030988	  0.61969012
    -0.0391	     -0.0391	 0.0000	 0.966981	 0.833319	  1.00000000	  0.38022929	  0.61977071
    -0.0388	     -0.0388	 0.0000	 0.967192	 0.833476	  1.00000000	  0.38014918	  0.61985082
    -0.0385	     -0.0385	 0.0000	 0.967401	 0.833631	  1.00000000	  0.38006952	  0.61993048
    -0.0383	     -0.0383	 0.0000	 0.967609	 0.833786	  1.00000000	  0.37999032	  0.62000968
    -0.0381	     -0.0381	 0.0000	 0.967817	 0.833940	  1.00000000	  0.37991158	  0.62008842
    -0.0378	     -0.0378	 0.0000	 0.968023	 0.834094	  1.00000000	  0.37983329	  0.62016671
    -0.0376	     -0.0376	 0.0000	 0.968228	 0.834246	  1.00000000	  0.37975546	  0.62024454
    -0.0373	     -0.0373	 0.0000	 0.968432	 0.834398	  1.00000000	  0.37967807	  0.62032193
    -0.0371	     -0.0371	 0.0000	 0.968634	 0.834548	  1.00000000	  0.37960113	  0.62039887
    -0.0368	     -0.0368	 0.0000	 0.968836	 0.834698	  1.00000000	  0.37952463	  0.62047537
    -0.0366	     -0.0366	 0.0000	 0.969036	 0.834847	  1.00000000	  0.37944857	  0.62055143
    -0.0363	     -0.0363	 0.0000	 0.969236	 0.834995	  1.00000000	  0.37937295	  0.62062705
    -0.0361	     -0.0361	 0.0000	 0.969434	 0.835142	  1.00000000	  0.37929776	  0.62070224
    -0.0359	     -0.0359	 0.0000	 0.969631	 0.835289	  1.00000000	  0.37922301	  0.62077699
    -0.0356	     -0.0356	 0.0000	 0.969827	 0.835435	  1.00000000	  0.37914869	  0.62085131
    -0.0354	     -0.0354	 0.0000	 0.970022	 0.835579	  1.00000000	  0.37907480	  0.62092520
    -0.0352	     -0.0352	 0.0000	 0.970216	 0.835724	  1.00000000	  0.37900133	  0.62099867
    -0.0349	     -0.0349	 0.0000	 0.970408	 0.835867	  1.00000000	  0.37892829	  0.62107171
    -0.0347	     -0.0347	 0.0000	 0.970600	 0.836009	  1.00000000	  0.37885567	  0.62114433
    -0.0345	     -0.0345	 0.0000	 0.970791	 0.836151	  1.00000000	  0.37878347	  0.62121653
    -0.0343	     -0.0343	 0.0000	 0.970980	 0.836292	  1.00000000	  0.37871168	  0.62128832
    -0.0340	     -0.0340	 0.0000	 0.971169	 0.836432	  1.00000000	  0.37864030	  0.62135970
    -0.0338	     -0.0338	 0.0000	 0.971356	 0.836571	  1.00000000	  0.37856934	  0.62143066
    -0.0336	     -0.0336	 0.0000	 0.971542	 0.836709	  1.00000000	  0.37849879	  0.62150121
    -0.0334	     -0.0334	 0.0000	 0.971728	 0.836847	  1.00000000	  0.37842864	  0.62157136
    -0.0331	     -0.0331	 0.0000	 0.971912	 0.836984	  1.00000000	  0.37835889	  0.62164111
    -0.0329	     -0.0329	 0.0000	 0.972095	 0.837120	  1.00000000	  0.37828955	  0.62171045
    -0.0327	     -0.0327	 0.0000	 0.972278	 0.837255	  1.00000000	  0.37822061	  0.62177939
    -0.0325	     -0.0325	 0.0000	 0.972459	 0.837390	  1.00000000	  0.37815206	  0.62184794
    -0.0323	     -0.0323	 0.0000	 0.972639	 0.837524	  1.00000000	  0.37808391	  0.62191609
    -0.0321	     -0.0321	 0.0000	 0.972818	 0.837657	  1.00000000	  0.37801615	  0.62198385
    -0.0319	     -0.0319	 0.0000	 0.972997	 0.837789	  1.00000000	  0.37794879	  0.62205121
    -0.0316	     -0.0316	 0.0000	 0.973174	 0.837921	  1.00000000	  0.37788181	  0.62211819
    -0.0314	     -0.0314	 0.0000	 0.973350	 0.838052	  1.00000000	  0.37781521	  0.62218479
    -0.0312	     -0.0312	 0.0000	 0.973525	 0.838182	  1.00000000	  0.37774900	  0.62225100
    -0.0310	     -0.0310	 0.0000	 0.973700	 0.838311	  1.00000000	  0.37768317	  0.62231683
    -0.0308	     -0.0308	 0.0000	 0.973873	 0.838440	  1.00000000	  0.37761772	  0.62238228
    -0.0306	     -0.0306	 0.0000	 0.974045	 0.838568	  1.00000000	  0.37755265	  0.62244735
    -0.0304	     -0.0304	 0.0000	 0.974217	 0.838695	  1.00000000	  0.37748795	  0.62251205
    -0.0302	     -0.0302	 0.0000	 0.974387	 0.838821	  1.00000000	  0.37742363	  0.62257637
    -0.0300	     -0.0300	 0.0000	 0.974557	 0.838947	  1.00000000	  0.37735967	  0.62264033
    -0.0298	     -0.0298	 0.0000	 0.974725	 0.839072	  1.00000000	  0.37729608	  0.62270392
    -0.0296	     -0.0296	 0.0000	 0.974893	 0.839197	  1.00000000	  0.37723286	  0.62276714
    -0.0294	     -0.0294	 0.0000	 0.975059	 0.839320	  1.00000000	  0.37717001	  0.62282999
    -0.0292	     -0.0292	 0.0000	 0.975225	 0.839443	  1.00000000	  0.37710751	  0.62289249
    -0.0290	     -0.0290	 0.0000	 0.975390	 0.839565	  1.00000000	  0.37704538	  0.62295462
    -0.0288	     -0.0288	 0.0000	 0.975554	 0.839687	  1.00000000	  0.37698360	  0.62301640
    -0.0286	     -0.0286	 0.0000	 0.975717	 0.839808	  1.00000000	  0.37692218	  0.62307782
    -0.0284	     -0.0284	 0.0000	 0.975879	 0.839928	  1.00000000	  0.37686111	  0.62313889
    -0.0282	     -0.0282	 0.0000	 0.976040	 0.840048	  1.00000000	  0.37680040	  0.62319960
    -0.0280	     -0.0280	 0.0000	 0.976200	 0.840167	  1.00000000	  0.37674003	  0.62325997
    -0.0278	     -0.0278	 0.0000	 0.976359	 0.840285	  1.00000000	  0.37668001	  0.62331999
    -0.0277	     -0.0277	 0.0000	 0.976518	 0.840402	  1.00000000	  0.37662034	  0.62337966
    -0.0275	     -0.0275	 0.0000	 0.976675	 0.840519	  1.00000000	  0.37656101	  0.62343899
    -0.0273	     -0.0273	 0.0000	 0.976832	 0.840635	  1.00000000	  0.37650202	  0.62349798
    -0.0271	     -0.0271	 0.0000	 0.976988	 0.840751	  1.00000000	  0.37644338	  0.62355662
    -0.0269	     -0.0269	 0.0000	 0.977143	 0.840866	  1.00000000	  0.37638507	  0.62361493
    -0.0267	     -0.0267	 0.0000	 0.977297	 0.840980	  1.00000000	  0.37632709	  0.62367291
    -0.0265	     -0.0265	 0.0000	 0.977450	 0.841094	  1.00000000	  0.37626945	  0.62373055
    -0.0264	     -0.0264	 0.0000	 0.977602	 0.841207	  1.00000000	  0.37621214	  0.62378786
    -0.0262	     -0.0262	 0.0000	 0.977754	 0.841319	  1.00000000	  0.37615516	  0.62384484
    -0.0260	     -0.0260	 0.0000	 0.977904	 0.841431	  1.00000000	  0.37609851	  0.62390149
    -0.0258	     -0.0258	 0.0000	 0.978054	 0.841542	  1.00000000	  0.37604219	  0.62395781
    -0.0257	     -0.0257	 0.0000	 0.978203	 0.841652	  1.00000000	  0.37598619	  0.62401381
    -0.0255	     -0.0255	 0.0000	 0.978351	 0.841762	  1.00000000	  0.37593051	  0.62406949
    -0.0253	     -0.0253	 0.0000	 0.978498	 0.841871	  1.00000000	  0.37587515	  0.62412485
    -0.0251	     -0.0251	 0.0000	 0.978645	 0.841980	  1.00000000	  0.37582012	  0.62417988
    -0.0250	     -0.0250	 0.0000	 0.978790	 0.842087	  1.00000000	  0.37576539	  0.62423461
    -0.0248	     -0.0248	 0.0000	 0.978935	 0.842195	  1.00000000	  0.37571099	  0.62428901
    -0.0246	     -0.0246	 0.0000	 0.979079	 0.842302	  1.00000000	  0.37565689	  0.62434311
    -0.0244	     -0.0244	 0.0000	 0.979222	 0.842408	  1.00000000	  0.37560311	  0.62439689
    -0.0243	     -0.0243	 0.0000	 0.979365	 0.842513	  1.00000000	  0.37554964	  0.62445036
    -0.0241	     -0.0241	 0.0000	 0.979506	 0.842618	  1.00000000	  0.37549648	  0.62450352
    -0.0239	     -0.0239	 0.0000	 0.979647	 0.842722	  1.00000000	  0.37544362	  0.62455638
    -0.0238	     -0.0238	 0.0000	 0.979787	 0.842826	  1.00000000	  0.37539106	  0.62460894
    -0.0236	     -0.0236	 0.0000	 0.979926	 0.842929	  1.00000000	  0.37533881	  0.62466119
    -0.0234	     -0.0234	 0.0000	 0.980065	 0.843032	  1.00000000	  0.37528686	  0.62471314
    -0.0233	     -0.0233	 0.0000	 0.980202	 0.843134	  1.00000000	  0.37523521	  0.62476479
    -0.0231	     -0.0231	 0.0000	 0.980339	 0.843235	  1.00000000	  0.37518386	  0.62481614
    -0.0230	     -0.0230	 0.0000	 0.980475	 0.843336	  1.00000000	  0.37513280	  0.62486720
    -0.0228	     -0.0228	 0.0000	 0.980611	 0.843436	  1.00000000	  0.37508203	  0.62491797
    -0.0226	     -0.0226	 0.0000	 0.980745	 0.843536	  1.00000000	  0.37503156	  0.62496844
    -0.0225	     -0.0225	 0.0000	 0.980879	 0.843635	  1.00000000	  0.37498138	  0.62501862
    -0.0223	     -0.0223	 0.0000	 0.981012	 0.843734	  1.00000000	  0.37493148	  0.62506852
    -0.0222	     -0.0222	 0.0000	 0.981144	 0.843832	  1.00000000	  0.37488188	  0.62511812
    -0.0220	     -0.0220	 0.0000	 0.981276	 0.843929	  1.00000000	  0.37483256	  0.62516744
    -0.0219	     -0.0219	 0.0000	 0.981407	 0.844026	  1.00000000	  0.37478352	  0.62521648
    -0.0217	     -0.0217	 0.0000	 0.981537	 0.844123	  1.00000000	  0.37473477	  0.62526523
    -0.0215	     -0.0215	 0.0000	 0.981666	 0.844219	  1.00000000	  0.37468629	  0.62531371
    -0.0214	     -0.0214	 0.0000	 0.981795	 0.844314	  1.00000000	  0.37463810	  0.62536190
    -0.0212	     -0.0212	 0.0000	 0.981923	 0.844409	  1.00000000	  0.37459018	  0.62540982
    -0.0211	     -0.0211	 0.0000	 0.982050	 0.844503	  1.00000000	  0.37454254	  0.62545746
    -0.0209	     -0.0209	 0.0000	 0.982176	 0.844596	  1.00000000	  0.37449517	  0.62550483
    -0.0208	     -0.0208	 0.0000	 0.982302	 0.844690	  1.00000000	  0.37444808	  0.62555192
    -0.0206	     -0.0206	 0.0000	 0.982427	 0.844782	  1.00000000	  0.37440125	  0.62559875
    -0.0205	     -0.0205	 0.0000	 0.982552	 0.844874	  1.00000000	  0.37435470	  0.62564530
    -0.0203	     -0.0203	 0.0000	 0.982675	 0.844966	  1.00000000	  0.37430841	  0.62569159
    -0.0202	     -0.0202	 0.0000	 0.982798	 0.845057	  1.00000000	  0.37426239	  0.62573761
    -0.0201	     -0.0201	 0.0000	 0.982920	 0.845147	  1.00000000	  0.37421664	  0.62578336
    -0.0199	     -0.0199	 0.0000	 0.983042	 0.845237	  1.00000000	  0.37417115	  0.62582885
    -0.0198	     -0.0198	 0.0000	 0.983163	 0.845327	  1.00000000	  0.37412592	  0.62587408
    -0.0196	     -0.0196	 0.0000	 0.983283	 0.845416	  1.00000000	  0.37408095	  0.62591905
    -0.0195	     -0.0195	 0.0000	 0.983403	 0.845504	  1.00000000	  0.37403624	  0.62596376
    -0.0193	     -0.0193	 0.0000	 0.983521	 0.845592	  1.00000000	  0.37399178	  0.62600822
    -0.0192	     -0.0192	 0.0000	 0.983640	 0.845680	  1.00000000	  0.37394758	  0.62605242
    -0.0191	     -0.0191	 0.0000	 0.983757	 0.845767	  1.00000000	  0.37390364	  0.62609636
    -0.0189	     -0.0189	 0.0000	 0.983874	 0.845853	  1.00000000	  0.37385995	  0.62614005
    -0.0188	     -0.0188	 0.0000	 0.983990	 0.845939	  1.00000000	  0.37381651	  0.62618349
    -0.0187	     -0.0187	 0.0000	 0.984106	 0.846025	  1.00000000	  0.37377332	  0.62622668
    -0.0185	     -0.0185	 0.0000	 0.984221	 0.846110	  1.00000000	  0.37373038	  0.62626962
    -0.0184	     -0.0184	 0.0000	 0.984335	 0.846195	  1.00000000	  0.37368769	  0.62631231
    -0.0183	     -0.0183	 0.0000	 0.984448	 0.846279	  1.00000000	  0.37364524	  0.62635476
    -0.0181	     -0.0181	 0.0000	 0.984561	 0.846362	  1.00000000	  0.37360304	  0.62639696
    -0.0180	     -0.0180	 0.0000	 0.984674	 0.846445	  1.00000000	  0.37356107	  0.62643893
    -0.0179	     -0.0179	 0.0000	 0.984785	 0.846528	  1.00000000	  0.37351936	  0.62648064
    -0.0177	     -0.0177	 0.0000	 0.984897	 0.846610	  1.00000000	  0.37347788	  0.62652212
    -0.0176	     -0.0176	 0.0000	 0.985007	 0.846692	  1.00000000	  0.37343664	  0.62656336
    -0.0175	     -0.0175	 0.0000	 0.985117	 0.846773	  1.00000000	  0.37339563	  0.62660437
    -0.0173	     -0.0173	 0.0000	 0.985226	 0.846854	  1.00000000	  0.37335486	  0.62664514
    -0.0172	     -0.0172	 0.0000	 0.985335	 0.846934	  1.00000000	  0.37331433	  0.62668567
    -0.0171	     -0.0171	 0.0000	 0.985442	 0.847014	  1.00000000	  0.37327403	  0.62672597
    -0.0170	     -0.0170	 0.0000	 0.985550	 0.847094	  1.00000000	  0.37323396	  0.62676604
    -0.0168	     -0.0168	 0.0000	 0.985657	 0.847173	  1.00000000	  0.37319413	  0.62680587
    -0.0167	     -0.0167	 0.0000	 0.985763	 0.847251	  1.00000000	  0.37315452	  0.62684548
    -0.0166	     -0.0166	 0.0000	 0.985868	 0.847329	  1.00000000	  0.37311514	  0.62688486
    -0.0165	     -0.0165	 0.0000	 0.985973	 0.847407	  1.00000000	  0.37307598	  0.62692402
    -0.0163	     -0.0163	 0.0000	 0.986078	 0.847484	  1.00000000	  0.37303706	  0.62696294
    -0.0162	     -0.0162	 0.0000	 0.986181	 0.847561	  1.00000000	  0.37299835	  0.62700165
    -0.0161	     -0.0161	 0.0000	 0.986284	 0.847637	  1.00000000	  0.37295987	  0.62704013
    -0.0160	     -0.0160	 0.0000	 0.986387	 0.847713	  1.00000000	  0.37292161	  0.62707839
    -0.0158	     -0.0158	 0.0000	 0.986489	 0.847788	  1.00000000	  0.37288357	  0.62711643
    -0.0157	     -0.0157	 0.0000	 0.986590	 0.847863	  1.00000000	  0.37284575	  0.62715425
    -0.0156	     -0.0156	 0.0000	 0.986691	 0.847938	  1.00000000	  0.37280814	  0.62719186
    -0.0155	     -0.0155	 0.0000	 0.986792	 0.848012	  1.00000000	  0.37277076	  0.62722924
    -0.0154	     -0.0154	 0.0000	 0.986891	 0.848086	  1.00000000	  0.37273358	  0.62726642
    -0.0153	     -0.0153	 0.0000	 0.986991	 0.848159	  1.00000000	  0.37269662	  0.62730338
    -0.0151	     -0.0151	 0.0000	 0.987089	 0.848232	  1.00000000	  0.37265988	  0.62734012
    -0.0150	     -0.0150	 0.0000	 0.987187	 0.848305	  1.00000000	  0.37262334	  0.62737666
    -0.0149	     -0.0149	 0.0000	 0.987285	 0.848377	  1.00000000	  0.37258702	  0.62741298
    -0.0148	     -0.0148	 0.0000	 0.987382	 0.848449	  1.00000000	  0.37255090	  0.62744910
    -0.0147	     -0.0147	 0.0000	 0.987478	 0.848520	  1.00000000	  0.37251500	  0.62748500
    -0.0146	     -0.0146	 0.0000	 0.987574	 0.848591	  1.00000000	  0.37247929	  0.62752071
    -0.0145	     -0.0145	 0.0000	 0.987669	 0.848661	  1.00000000	  0.37244380	  0.62755620
    -0.0143	     -0.0143	 0.0000	 0.987764	 0.848731	  1.00000000	  0.37240851	  0.62759149
    -0.0142	     -0.0142	 0.0000	 0.987858	 0.848801	  1.00000000	  0.37237342	  0.62762658
    -0.0141	     -0.0141	 0.0000	 0.987952	 0.848870	  1.00000000	  0.37233853	  0.62766147
    -0.0140	     -0.0140	 0.0000	 0.988045	 0.848939	  1.00000000	  0.37230385	  0.62769615
    -0.0139	     -0.0139	 0.0000	 0.988138	 0.849008	  1.00000000	  0.37226936	  0.62773064
    -0.0138	     -0.0138	 0.0000	 0.988230	 0.849076	  1.00000000	  0.37223507	  0.62776493
    -0.0137	     -0.0137	 0.0000	 0.988321	 0.849143	  1.00000000	  0.37220098	  0.62779902
    -0.0136	     -0.0136	 0.0000	 0.988412	 0.849211	  1.00000000	  0.37216708	  0.62783292
    -0.0135	     -0.0135	 0.0000	 0.988503	 0.849278	  1.00000000	  0.37213338	  0.62786662
    -0.0134	     -0.0134	 0.0000	 0.988593	 0.849344	  1.00000000	  0.37209988	  0.62790012
    -0.0133	     -0.0133	 0.0000	 0.988683	 0.849410	  1.00000000	  0.37206656	  0.62793344
    -0.0132	     -0.0132	 0.0000	 0.988772	 0.849476	  1.00000000	  0.37203344	  0.62796656
    -0.0130	     -0.0130	 0.0000	 0.988860	 0.849542	  1.00000000	  0.37200051	  0.62799949
    -0.0129	     -0.0129	 0.0000	 0.988948	 0.849607	  1.00000000	  0.37196777	  0.62803223
    -0.0128	     -0.0128	 0.0000	 0.989036	 0.849671	  1.00000000	  0.37193521	  0.62806479
    -0.0127	     -0.0127	 0.0000	 0.989123	 0.849736	  1.00000000	  0.37190285	  0.62809715
    -0.0126	     -0.0126	 0.0000	 0.989209	 0.849800	  1.00000000	  0.37187067	  0.62812933
    -0.0125	     -0.0125	 0.0000	 0.989295	 0.849863	  1.00000000	  0.37183867	  0.62816133
    -0.0124	     -0.0124	 0.0000	 0.989381	 0.849927	  1.00000000	  0.37180686	  0.62819314
    -0.0123	     -0.0123	 0.0000	 0.989466	 0.849989	  1.00000000	  0.37177523	  0.62822477
    -0.0122	     -0.0122	 0.0000	 0.989550	 0.850052	  1.00000000	  0.37174379	  0.62825621
    -0.0121	     -0.0121	 0.0000	 0.989635	 0.850114	  1.00000000	  0.37171252	  0.62828748
    -0.0120	     -0.0120	 0.0000	 0.989718	 0.850176	  1.00000000	  0.37168143	  0.62831857
    -0.0119	     -0.0119	 0.0000	 0.989801	 0.850237	  1.00000000	  0.37165053	  0.62834947
    -0.0118	     -0.0118	 0.0000	 0.989884	 0.850299	  1.00000000	  0.37161980	  0.62838020
    -0.0117	     -0.0117	 0.0000	 0.989966	 0.850359	  1.00000000	  0.37158925	  0.62841075
    -0.0117	     -0.0117	 0.0000	 0.990048	 0.850420	  1.00000000	  0.37155887	  0.62844113
    -0.0116	     -0.0116	 0.0000	 0.990129	 0.850480	  1.00000000	  0.37152867	  0.62847133
    -0.0115	     -0.0115	 0.0000	 0.990210	 0.850540	  1.00000000	  0.37149864	  0.62850136
    -0.0114	     -0.0114	 0.0000	 0.990290	 0.850599	  1.00000000	  0.37146878	  0.62853122
    -0.0113	     -0.0113	 0.0000	 0.990370	 0.850658	  1.00000000	  0.37143910	  0.62856090
    -0.0112	     -0.0112	 0.0000	 0.990450	 0.850717	  1.00000000	  0.37140958	  0.62859042
    -0.0111	     -0.0111	 0.0000	 0.990529	 0.850775	  1.00000000	  0.37138024	  0.62861976
    -0.0110	     -0.0110	 0.0000	 0.990607	 0.850833	  1.00000000	  0.37135107	  0.62864893
    -0.0109	     -0.0109	 0.0000	 0.990686	 0.850891	  1.00000000	  0.37132206	  0.62867794
    -0.0108	     -0.0108	 0.0000	 0.990763	 0.850948	  1.00000000	  0.37129322	  0.62870678
    -0.0107	     -0.0107	 0.0000	 0.990840	 0.851005	  1.00000000	  0.37126454	  0.62873546
    -0.0106	     -0.0106	 0.0000	 0.990917	 0.851062	  1.00000000	  0.37123603	  0.62876397
    -0.0105	     -0.0105	 0.0000	 0.990994	 0.851118	  1.00000000	  0.37120769	  0.62879231
    -0.0105	     -0.0105	 0.0000	 0.991069	 0.851174	  1.00000000	  0.37117950	  0.62882050
    -0.0104	     -0.0104	 0.0000	 0.991145	 0.851230	  1.00000000	  0.37115148	  0.62884852
    -0.0103	     -0.0103	 0.0000	 0.991220	 0.851286	  1.00000000	  0.37112362	  0.62887638
    -0.0102	     -0.0102	 0.0000	 0.991295	 0.851341	  1.00000000	  0.37109592	  0.62890408
    -0.0101	     -0.0101	 0.0000	 0.991369	 0.851396	  1.00000000	  0.37106838	  0.62893162
    -0.0100	     -0.0100	 0.0000	 0.991443	 0.851450	  1.00000000	  0.37104100	  0.62895900
    -0.0099	     -0.0099	 0.0000	 0.991516	 0.851504	  1.00000000	  0.37101378	  0.62898622
    -0.0098	     -0.0098	 0.0000	 0.991589	 0.851558	  1.00000000	  0.37098671	  0.62901329
    -0.0098	     -0.0098	 0.0000	 0.991662	 0.851612	  1.00000000	  0.37095980	  0.62904020
    -0.0097	     -0.0097	 0.0000	 0.991734	 0.851665	  1.00000000	  0.37093304	  0.62906696
    -0.0096	     -0.0096	 0.0000	 0.991805	 0.851718	  1.00000000	  0.37090644	  0.62909356
    -0.0095	     -0.0095	 0.0000	 0.991877	 0.851771	  1.00000000	  0.37087998	  0.62912002
    -0.0094	     -0.0094	 0.0000	 0.991948	 0.851823	  1.00000000	  0.37085369	  0.62914631
    -0.0093	     -0.0093	 0.0000	 0.992018	 0.851875	  1.00000000	  0.37082754	  0.62917246
    -0.0093	     -0.0093	 0.0000	 0.992088	 0.851927	  1.00000000	  0.37080154	  0.62919846
    -0.0092	     -0.0092	 0.0000	 0.992158	 0.851979	  1.00000000	  0.37077569	  0.62922431
    -0.0091	     -0.0091	 0.0000	 0.992227	 0.852030	  1.00000000	  0.37074999	  0.62925001
    -0.0090	     -0.0090	 0.0000	 0.992296	 0.852081	  1.00000000	  0.37072444	  0.62927556
    -0.0089	     -0.0089	 0.0000	 0.992365	 0.852131	  1.00000000	  0.37069904	  0.62930096
    -0.0089	     -0.0089	 0.0000	 0.992433	 0.852182	  1.00000000	  0.37067378	  0.62932622
    -0.0088	     -0.0088	 0.0000	 0.992501	 0.852232	  1.00000000	  0.37064867	  0.62935133
    -0.0087	     -0.0087	 0.0000	 0.992568	 0.852281	  1.00000000	  0.37062370	  0.62937630
    -0.0086	     -0.0086	 0.0000	 0.992635	 0.852331	  1.00000000	  0.37059887	  0.62940113
    -0.0085	     -0.0085	 0.0000	 0.992702	 0.852380	  1.00000000	  0.37057419	  0.62942581
    -0.0085	     -0.0085	 0.0000	 0.992768	 0.852429	  1.00000000	  0.37054965	  0.62945035
    -0.0084	     -0.0084	 0.0000	 0.992834	 0.852477	  1.00000000	  0.37052525	  0.62947475
    -0.0083	     -0.0083	 0.0000	 0.992899	 0.852526	  1.00000000	  0.37050099	  0.62949901
    -0.0082	     -0.0082	 0.0000	 0.992964	 0.852574	  1.00000000	  0.37047687	  0.62952313
    -0.0082	     -0.0082	 0.0000	 0.993029	 0.852622	  1.00000000	  0.37045289	  0.62954711
    -0.0081	     -0.0081	 0.0000	 0.993093	 0.852669	  1.00000000	  0.37042905	  0.62957095
    -0.0080	     -0.0080	 0.0000	 0.993157	 0.852716	  1.00000000	  0.37040534	  0.62959466
    -0.0079	     -0.0079	 0.0000	 0.993221	 0.852763	  1.00000000	  0.37038177	  0.62961823
    -0.0079	     -0.0079	 0.0000	 0.993284	 0.852810	  1.00000000	  0.37035833	  0.62964167
    -0.0078	     -0.0078	 0.0000	 0.993347	 0.852857	  1.00000000	  0.37033504	  0.62966496
    -0.0077	     -0.0077	 0.0000	 0.993410	 0.852903	  1.00000000	  0.37031187	  0.62968813
    -0.0076	     -0.0076	 0.0000	 0.993472	 0.852949	  1.00000000	  0.37028884	  0.62971116
    -0.0076	     -0.0076	 0.0000	 0.993534	 0.852994	  1.00000000	  0.37026594	  0.62973406
    -0.0075	     -0.0075	 0.0000	 0.993595	 0.853040	  1.00000000	  0.37024317	  0.62975683
    -0.0074	     -0.0074	 0.0000	 0.993656	 0.853085	  1.00000000	  0.37022053	  0.62977947
    -0.0073	     -0.0073	 0.0000	 0.993717	 0.853130	  1.00000000	  0.37019802	  0.62980198
    -0.0073	     -0.0073	 0.0000	 0.993778	 0.853174	  1.00000000	  0.37017564	  0.62982436
    -0.0072	     -0.0072	 0.0000	 0.993838	 0.853219	  1.00000000	  0.37015339	  0.62984661
    -0.0071	     -0.0071	 0.0000	 0.993898	 0.853263	  1.00000000	  0.37013127	  0.62986873
    -0.0071	     -0.0071	 0.0000	 0.993957	 0.853307	  1.00000000	  0.37010928	  0.62989072
    -0.0070	     -0.0070	 0.0000	 0.994016	 0.853350	  1.00000000	  0.37008741	  0.62991259
    -0.0069	     -0.0069	 0.0000	 0.994075	 0.853394	  1.00000000	  0.37006567	  0.62993433
    -0.0069	     -0.0069	 0.0000	 0.994133	 0.853437	  1.00000000	  0.37004405	  0.62995595
    -0.0068	     -0.0068	 0.0000	 0.994191	 0.853480	  1.00000000	  0.37002256	  0.62997744
    -0.0067	     -0.0067	 0.0000	 0.994249	 0.853522	  1.00000000	  0.37000119	  0.62999881
    -0.0067	     -0.0067	 0.0000	 0.994306	 0.853565	  1.00000000	  0.36997994	  0.63002006
    -0.0066	     -0.0066	 0.0000	 0.994364	 0.853607	  1.00000000	  0.36995881	  0.63004119
    -0.0065	     -0.0065	 0.0000	 0.994420	 0.853649	  1.00000000	  0.36993781	  0.63006219
    -0.0065	     -0.0065	 0.0000	 0.994477	 0.853691	  1.00000000	  0.36991693	  0.63008307
    -0.0064	     -0.0064	 0.0000	 0.994533	 0.853732	  1.00000000	  0.36989616	  0.63010384
    -0.0063	     -0.0063	 0.0000	 0.994589	 0.853773	  1.00000000	  0.36987552	  0.63012448
    -0.0063	     -0.0063	 0.0000	 0.994644	 0.853814	  1.00000000	  0.36985500	  0.63014500
    -0.0062	     -0.0062	 0.0000	 0.994699	 0.853855	  1.00000000	  0.36983459	  0.63016541
    -0.0061	     -0.0061	 0.0000	 0.994754	 0.853895	  1.00000000	  0.36981430	  0.63018570
    -0.0061	     -0.0061	 0.0000	 0.994809	 0.853936	  1.00000000	  0.36979413	  0.63020587
    -0.0060	     -0.0060	 0.0000	 0.994863	 0.853976	  1.00000000	  0.36977407	  0.63022593
    -0.0059	     -0.0059	 0.0000	 0.994917	 0.854015	  1.00000000	  0.36975413	  0.63024587
    -0.0059	     -0.0059	 0.0000	 0.994971	 0.854055	  1.00000000	  0.36973430	  0.63026570
    -0.0058	     -0.0058	 0.0000	 0.995024	 0.854094	  1.00000000	  0.36971459	  0.63028541
    -0.0058	     -0.0058	 0.0000	 0.995077	 0.854133	  1.00000000	  0.36969499	  0.63030501
    -0.0057	     -0.0057	 0.0000	 0.995130	 0.854172	  1.00000000	  0.36967550	  0.63032450
    -0.0056	     -0.0056	 0.0000	 0.995182	 0.854211	  1.00000000	  0.36965613	  0.63034387
    -0.0056	     -0.0056	 0.0000	 0.995234	 0.854249	  1.00000000	  0.36963686	  0.63036314
    -0.0055	     -0.0055	 0.0000	 0.995286	 0.854288	  1.00000000	  0.36961771	  0.63038229
    -0.0054	     -0.0054	 0.0000	 0.995338	 0.854326	  1.00000000	  0.36959867	  0.63040133
    -0.0054	     -0.0054	 0.0000	 0.995389	 0.854364	  1.00000000	  0.36957973	  0.63042027
    -0.0053	     -0.0053	 0.0000	 0.995440	 0.854401	  1.00000000	  0.36956091	  0.63043909
    -0.0053	     -0.0053	 0.0000	 0.995490	 0.854438	  1.00000000	  0.36954219	  0.63045781
    -0.0052	     -0.0052	 0.0000	 0.995541	 0.854476	  1.00000000	  0.36952358	  0.63047642
    -0.0052	     -0.0052	 0.0000	 0.995591	 0.854513	  1.00000000	  0.36950508	  0.63049492
    -0.0051	     -0.0051	 0.0000	 0.995641	 0.854549	  1.00000000	  0.36948669	  0.63051331
    -0.0050	     -0.0050	 0.0000	 0.995690	 0.854586	  1.00000000	  0.36946840	  0.63053160
    -0.0050	     -0.0050	 0.0000	 0.995739	 0.854622	  1.00000000	  0.36945021	  0.63054979
    -0.0049	     -0.0049	 0.0000	 0.995788	 0.854658	  1.00000000	  0.36943213	  0.63056787
    -0.0049	     -0.0049	 0.0000	 0.995837	 0.854694	  1.00000000	  0.36941415	  0.63058585
    -0.0048	     -0.0048	 0.0000	 0.995885	 0.854730	  1.00000000	  0.36939628	  0.63060372
    -0.0047	     -0.0047	 0.0000	 0.995933	 0.854765	  1.00000000	  0.36937851	  0.63062149
    -0.0047	     -0.0047	 0.0000	 0.995981	 0.854801	  1.00000000	  0.36936084	  0.63063916
    -0.0046	     -0.0046	 0.0000	 0.996029	 0.854836	  1.00000000	  0.36934327	  0.63065673
    -0.0046	     -0.0046	 0.0000	 0.996076	 0.854871	  1.00000000	  0.36932581	  0.63067419
    -0.0045	     -0.0045	 0.0000	 0.996123	 0.854905	  1.00000000	  0.36930844	  0.63069156
    -0.0045	     -0.0045	 0.0000	 0.996170	 0.854940	  1.00000000	  0.36929118	  0.63070882
    -0.0044	     -0.0044	 0.0000	 0.996216	 0.854974	  1.00000000	  0.36927401	  0.63072599
    -0.0044	     -0.0044	 0.0000	 0.996263	 0.855008	  1.00000000	  0.36925694	  0.63074306
    -0.0043	     -0.0043	 0.0000	 0.996309	 0.855042	  1.00000000	  0.36923997	  0.63076003
    -0.0043	     -0.0043	 0.0000	 0.996354	 0.855076	  1.00000000	  0.36922310	  0.63077690
    -0.0042	     -0.0042	 0.0000	 0.996400	 0.855109	  1.00000000	  0.36920632	  0.63079368
    -0.0042	     -0.0042	 0.0000	 0.996445	 0.855143	  1.00000000	  0.36918965	  0.63081035
    -0.0041	     -0.0041	 0.0000	 0.996490	 0.855176	  1.00000000	  0.36917306	  0.63082694
    -0.0040	     -0.0040	 0.0000	 0.996534	 0.855209	  1.00000000	  0.36915657	  0.63084343
    -0.0040	     -0.0040	 0.0000	 0.996579	 0.855241	  1.00000000	  0.36914018	  0.63085982
    -0.0039	     -0.0039	 0.0000	 0.996623	 0.855274	  1.00000000	  0.36912388	  0.63087612
    -0.0039	     -0.0039	 0.0000	 0.996667	 0.855306	  1.00000000	  0.36910768	  0.63089232
    -0.0038	     -0.0038	 0.0000	 0.996711	 0.855339	  1.00000000	  0.36909157	  0.63090843
    -0.0038	     -0.0038	 0.0000	 0.996754	 0.855371	  1.00000000	  0.36907555	  0.63092445
    -0.0037	     -0.0037	 0.0000	 0.996797	 0.855402	  1.00000000	  0.36905962	  0.63094038
    -0.0037	     -0.0037	 0.0000	 0.996840	 0.855434	  1.00000000	  0.36904378	  0.63095622
    -0.0036	     -0.0036	 0.0000	 0.996883	 0.855466	  1.00000000	  0.36902804	  0.63097196
    -0.0036	     -0.0036	 0.0000	 0.996925	 0.855497	  1.00000000	  0.36901238	  0.63098762
    -0.0035	     -0.0035	 0.0000	 0.996967	 0.855528	  1.00000000	  0.36899682	  0.63100318
    -0.0035	     -0.0035	 0.0000	 0.997009	 0.855559	  1.00000000	  0.36898134	  0.63101866
    -0.0034	     -0.0034	 0.0000	 0.997051	 0.855590	  1.00000000	  0.36896596	  0.63103404
    -0.0034	     -0.0034	 0.0000	 0.997092	 0.855620	  1.00000000	  0.36895066	  0.63104934
    -0.0033	     -0.0033	 0.0000	 0.997134	 0.855651	  1.00000000	  0.36893545	  0.63106455
    -0.0033	     -0.0033	 0.0000	 0.997175	 0.855681	  1.00000000	  0.36892033	  0.63107967
    -0.0033	     -0.0033	 0.0000	 0.997215	 0.855711	  1.00000000	  0.36890529	  0.63109471
    -0.0032	     -0.0032	 0.0000	 0.997256	 0.855741	  1.00000000	  0.36889034	  0.63110966
    -0.0032	     -0.0032	 0.0000	 0.997296	 0.855771	  1.00000000	  0.36887548	  0.63112452
    -0.0031	     -0.0031	 0.0000	 0.997336	 0.855800	  1.00000000	  0.36886070	  0.63113930
    -0.0031	     -0.0031	 0.0000	 0.997376	 0.855829	  1.00000000	  0.36884601	  0.63115399
    -0.0030	     -0.0030	 0.0000	 0.997416	 0.855859	  1.00000000	  0.36883140	  0.63116860
    -0.0030	     -0.0030	 0.0000	 0.997455	 0.855888	  1.00000000	  0.36881687	  0.63118313
    -0.0029	     -0.0029	 0.0000	 0.997494	 0.855917	  1.00000000	  0.36880243	  0.63119757
    -0.0029	     -0.0029	 0.0000	 0.997533	 0.855945	  1.00000000	  0.36878807	  0.63121193
    -0.0028	     -0.0028	 0.0000	 0.997572	 0.855974	  1.00000000	  0.36877380	  0.63122620
    -0.0028	     -0.0028	 0.0000	 0.997610	 0.856002	  1.00000000	  0.36875960	  0.63124040
    -0.0027	     -0.0027	 0.0000	 0.997649	 0.856030	  1.00000000	  0.36874549	  0.63125451
    -0.0027	     -0.0027	 0.0000	 0.997687	 0.856059	  1.00000000	  0.36873146	  0.63126854
    -0.0027	     -0.0027	 0.0000	 0.997724	 0.856086	  1.00000000	  0.36871751	  0.63128249
    -0.0026	     -0.0026	 0.0000	 0.997762	 0.856114	  1.00000000	  0.36870364	  0.63129636
    -0.0026	     -0.0026	 0.0000	 0.997800	 0.856142	  1.00000000	  0.36868985	  0.63131015
    -0.0025	     -0.0025	 0.0000	 0.997837	 0.856169	  1.00000000	  0.36867614	  0.63132386
    -0.0025	     -0.0025	 0.0000	 0.997874	 0.856196	  1.00000000	  0.36866250	  0.63133750
    -0.0024	     -0.0024	 0.0000	 0.997910	 0.856224	  1.00000000	  0.36864895	  0.63135105
    -0.0024	     -0.0024	 0.0000	 0.997947	 0.856251	  1.00000000	  0.36863547	  0.63136453
    -0.0024	     -0.0024	 0.0000	 0.997983	 0.856277	  1.00000000	  0.36862207	  0.63137793
    -0.0023	     -0.0023	 0.0000	 0.998019	 0.856304	  1.00000000	  0.36860875	  0.63139125
    -0.0023	     -0.0023	 0.0000	 0.998055	 0.856330	  1.00000000	  0.36859551	  0.63140449
    -0.0022	     -0.0022	 0.0000	 0.998091	 0.856357	  1.00000000	  0.36858234	  0.63141766
    -0.0022	     -0.0022	 0.0000	 0.998127	 0.856383	  1.00000000	  0.36856924	  0.63143076
    -0.0021	     -0.0021	 0.0000	 0.998162	 0.856409	  1.00000000	  0.36855622	  0.63144378
    -0.0021	     -0.0021	 0.0000	 0.998197	 0.856435	  1.00000000	  0.36854328	  0.63145672
    -0.0021	     -0.0021	 0.0000	 0.998232	 0.856461	  1.00000000	  0.36853041	  0.63146959
    -0.0020	     -0.0020	 0.0000	 0.998267	 0.856486	  1.00000000	  0.36851761	  0.63148239
    -0.0020	     -0.0020	 0.0000	 0.998301	 0.856512	  1.00000000	  0.36850489	  0.63149511
    -0.0019	     -0.0019	 0.0000	 0.998336	 0.856537	  1.00000000	  0.36849224	  0.63150776
    -0.0019	     -0.0019	 0.0000	 0.998370	 0.856562	  1.00000000	  0.36847967	  0.63152033
    -0.0019	     -0.0019	 0.0000	 0.998404	 0.856587	  1.00000000	  0.36846716	  0.63153284
    -0.0018	     -0.0018	 0.0000	 0.998437	 0.856612	  1.00000000	  0.36845473	  0.63154527
    -0.0018	     -0.0018	 0.0000	 0.998471	 0.856637	  1.00000000	  0.36844237	  0.63155763
    -0.0017	     -0.0017	 0.0000	 0.998504	 0.856661	  1.00000000	  0.36843008	  0.63156992
    -0.0017	     -0.0017	 0.0000	 0.998537	 0.856686	  1.00000000	  0.36841786	  0.63158214
    -0.0017	     -0.0017	 0.0000	 0.998570	 0.856710	  1.00000000	  0.36840571	  0.63159429
    -0.0016	     -0.0016	 0.0000	 0.998603	 0.856734	  1.00000000	  0.36839363	  0.63160637
    -0.0016	     -0.0016	 0.0000	 0.998636	 0.856758	  1.00000000	  0.36838162	  0.63161838
    -0.0016	     -0.0016	 0.0000	 0.998668	 0.856782	  1.00000000	  0.36836968	  0.63163032
    -0.0015	     -0.0015	 0.0000	 0.998701	 0.856806	  1.00000000	  0.36835781	  0.63164219
    -0.0015	     -0.0015	 0.0000	 0.998733	 0.856830	  1.00000000	  0.36834601	  0.63165399
    -0.0014	     -0.0014	 0.0000	 0.998764	 0.856853	  1.00000000	  0.36833427	  0.63166573
    -0.0014	     -0.0014	 0.0000	 0.998796	 0.856877	  1.00000000	  0.36832260	  0.63167740
    -0.0014	     -0.0014	 0.0000	 0.998828	 0.856900	  1.00000000	  0.36831100	  0.63168900
    -0.0013	     -0.0013	 0.0000	 0.998859	 0.856923	  1.00000000	  0.36829946	  0.63170054
    -0.0013	     -0.0013	 0.0000	 0.998890	 0.856946	  1.00000000	  0.36828799	  0.63171201
    -0.0013	     -0.0013	 0.0000	 0.998921	 0.856969	  1.00000000	  0.36827659	  0.63172341
    -0.0012	     -0.0012	 0.0000	 0.998952	 0.856991	  1.00000000	  0.36826525	  0.63173475
    -0.0012	     -0.0012	 0.0000	 0.998982	 0.857014	  1.00000000	  0.36825398	  0.63174602
    -0.0012	     -0.0012	 0.0000	 0.999013	 0.857036	  1.00000000	  0.36824277	  0.63175723
    -0.0011	     -0.0011	 0.0000	 0.999043	 0.857059	  1.00000000	  0.36823163	  0.63176837
    -0.0011	     -0.0011	 0.0000	 0.999073	 0.857081	  1.00000000	  0.36822055	  0.63177945
    -0.0010	     -0.0010	 0.0000	 0.999103	 0.857103	  1.00000000	  0.36820954	  0.63179046
    -0.0010	     -0.0010	 0.0000	 0.999133	 0.857125	  1.00000000	  0.36819858	  0.63180142
    -0.0010	     -0.0010	 0.0000	 0.999162	 0.857147	  1.00000000	  0.36818769	  0.63181231
    -0.0009	     -0.0009	 0.0000	 0.999192	 0.857168	  1.00000000	  0.36817687	  0.63182313
    -0.0009	     -0.0009	 0.0000	 0.999221	 0.857190	  1.00000000	  0.36816610	  0.63183390
    -0.0009	     -0.0009	 0.0000	 0.999250	 0.857211	  1.00000000	  0.36815540	  0.63184460
    -0.0008	     -0.0008	 0.0000	 0.999279	 0.857233	  1.00000000	  0.36814476	  0.63185524
    -0.0008	     -0.0008	 0.0000	 0.999308	 0.857254	  1.00000000	  0.36813418	  0.63186582
    -0.0008	     -0.0008	 0.0000	 0.999336	 0.857275	  1.00000000	  0.36812366	  0.63187634
    -0.0007	     -0.0007	 0.0000	 0.999365	 0.857296	  1.00000000	  0.36811320	  0.63188680
    -0.0007	     -0.0007	 0.0000	 0.999393	 0.857317	  1.00000000	  0.36810280	  0.63189720
    -0.0007	     -0.0007	 0.0000	 0.999421	 0.857337	  1.00000000	  0.36809246	  0.63190754
    -0.0006	     -0.0006	 0.0000	 0.999449	 0.857358	  1.00000000	  0.36808218	  0.63191782
    -0.0006	     -0.0006	 0.0000	 0.999477	 0.857378	  1.00000000	  0.36807196	  0.63192804
    -0.0006	     -0.0006	 0.0000	 0.999504	 0.857399	  1.00000000	  0.36806180	  0.63193820
    -0.0005	     -0.0005	 0.0000	 0.999532	 0.857419	  1.00000000	  0.36805169	  0.63194831
    -0.0005	     -0.0005	 0.0000	 0.999559	 0.857439	  1.00000000	  0.36804165	  0.63195835
    -0.0005	     -0.0005	 0.0000	 0.999586	 0.857459	  1.00000000	  0.36803166	  0.63196834
    -0.0005	     -0.0005	 0.0000	 0.999613	 0.857479	  1.00000000	  0.36802173	  0.63197827
    -0.0004	     -0.0004	 0.0000	 0.999640	 0.857499	  1.00000000	  0.36801186	  0.63198814
    -0.0004	     -0.0004	 0.0000	 0.999667	 0.857518	  1.00000000	  0.36800204	  0.63199796
    -0.0004	     -0.0004	 0.0000	 0.999693	 0.857538	  1.00000000	  0.36799228	  0.63200772
    -0.0003	     -0.0003	 0.0000	 0.999720	 0.857557	  1.00000000	  0.36798257	  0.63201743
    -0.0003	     -0.0003	 0.0000	 0.999746	 0.857577	  1.00000000	  0.36797293	  0.63202707
    -0.0003	     -0.0003	 0.0000	 0.999772	 0.857596	  1.00000000	  0.36796333	  0.63203667
    -0.0002	     -0.0002	 0.0000	 0.999798	 0.857615	  1.00000000	  0.36795379	  0.63204621
    -0.0002	     -0.0002	 0.0000	 0.999824	 0.857634	  1.00000000	  0.36794431	  0.63205569
    -0.0002	     -0.0002	 0.0000	 0.999849	 0.857653	  1.00000000	  0.36793488	  0.63206512
    -0.0001	     -0.0001	 0.0000	 0.999875	 0.857672	  1.00000000	  0.36792551	  0.63207449
    -0.0001	     -0.0001	 0.0000	 0.999900	 0.857690	  1.00000000	  0.36791619	  0.63208381
    -0.0001	     -0.0001	 0.0000	 0.999925	 0.857709	  1.00000000	  0.36790692	  0.63209308
    -0.0001	     -0.0001	 0.0000	 0.999950	 0.857727	  1.00000000	  0.36789770	  0.63210230
    -0.0000	     -0.0000	 0.0000	 0.999975	 0.857746	  1.00000000	  0.36788854	  0.63211146
    -0.0000	     -0.0000	 0.0000	 1.000000	 0.857764	  1.00000000	  0.36787943	  0.63212057
    -0.0000	     -0.0000	 0.0000	 1.000000	 0.857764	  0.00000000	  0.36787943	 -0.36787943
     0.0844	      0.0844	 0.0000	 1.071120	 0.827798	  0.00000000	  0.34262467	 -0.34262467
     0.1719	      0.1719	 0.0000	 1.142239	 0.798879	  0.00000000	  0.31910364	 -0.31910364
     0.2625	      0.2625	 0.0000	 1.213359	 0.770970	  0.00000000	  0.29719732	 -0.29719732
     0.3564	      0.3564	 0.0000	 1.284479	 0.744036	  0.00000000	  0.27679485	 -0.27679485
     0.4537	      0.4537	 0.0000	 1.355598	 0.718043	  0.00000000	  0.25779301	 -0.25779301
     0.5545	      0.5545	 0.0000	 1.426718	 0.692958	  0.00000000	  0.24009563	 -0.24009563
     0.6590	      0.6590	 0.0000	 1.497838	 0.668750	  0.00000000	  0.22361317	 -0.22361317
     0.7673	      0.7673	 0.0000	 1.568957	 0.645387	  0.00000000	  0.20826223	 -0.20826223
     0.8795	      0.8795	 0.0000	 1.640077	 0.622840	  0.00000000	  0.19396512	 -0.19396512
     0.9957	      0.9957	 0.0000	 1.711197	 0.601082	  0.00000000	  0.18064950	 -0.18064950
     1.1161	      1.1161	 0.0000	 1.782316	 0.580083	  0.00000000	  0.16824799	 -0.16824799
     1.2409	      1.2409	 0.0000	 1.853436	 0.559818	  0.00000000	  0.15669784	 -0.15669784
     1.3703	      1.3703	 0.0000	 1.924556	 0.540260	  0.00000000	  0.14594060	 -0.14594060
     1.5043	      1.5043	 0.0000	 1.995675	 0.521386	  0.00000000	  0.13592184	 -0.13592184
     1.6431	      1.6431	 0.0000	 2.066795	 0.503172	  0.00000000	  0.12659087	 -0.12659087
     1.7870	      1.7870	 0.0000	 2.137915	 0.485593	  0.00000000	  0.11790046	 -0.11790046
     1.9361	      1.9361	 0.0000	 2.209034	 0.468629	  0.00000000	  0.10980665	 -0.10980665
     2.0906	      2.0906	 0.0000	 2.280154	 0.452258	  0.00000000	  0.10226847	 -0.10226847
     2.2507	      2.2507	 0.0000	 2.351274	 0.436458	  0.00000000	  0.09524778	 -0.09524778
     2.4166	      2.4166	 0.0000	 2.422393	 0.421210	  0.00000000	  0.08870906	 -0.08870906
     2.5885	      2.5885	 0.0000	 2.493513	 0.406495	  0.00000000	  0.08261923	 -0.08261923
     2.7666	      2.7666	 0.0000	 2.564633	 0.392294	  0.00000000	  0.07694745	 -0.07694745
     2.9511	      2.9511	 0.0000	 2.635752	 0.378590	  0.00000000	  0.07166504	 -0.07166504
     3.1424	      3.1424	 0.0000	 2.706872	 0.365364	  0.00000000	  0.06674527	 -0.06674527
     3.3405	      3.3405	 0.0000	 2.777992	 0.352600	  0.00000000	  0.06216324	 -0.06216324
     3.5458	      3.5458	 0.0000	 2.849111	 0.340282	  0.00000000	  0.05789576	 -0.05789576
     3.7586	      3.7586	 0.0000	 2.920231	 0.328394	  0.00000000	  0.05392124	 -0.05392124
     3.9791	      3.9791	 0.0000	 2.991350	 0.316921	  0.00000000	  0.05021957	 -0.05021957
     4.2075	      4.2075	 0.0000	 3.062470	 0.305850	  0.00000000	  0.04677202	 -0.04677202
     4.4442	      4.4442	 0.0000	 3.133590	 0.295165	  0.00000000	  0.04356114	 -0.04356114
     4.6895	      4.6895	 0.0000	 3.204709	 0.284853	  0.00000000	  0.04057069	 -0.04057069
     4.9437	      4.9437	 0.0000	 3.275829	 0.274902	  0.00000000	  0.03778553	 -0.03778553
     5.2070	      5.2070	 0.0000	 3.346949	 0.265298	  0.00000000	  0.03519157	 -0.03519157
     5.4799	      5.4799	 0.0000	 3.418068	 0.256030	  0.00000000	  0.03277568	 -0.03277568
     5.7627	      5.7627	 0.0000	 3.489188	 0.247086	  0.00000000	  0.03052565	 -0.03052565
     6.0557	      6.0557	 0.0000	 3.560308	 0.238454	  0.00000000	  0.02843007	 -0.02843007
     6.3593	      6.3593	 0.0000	 3.631427	 0.230123	  0.00000000	  0.02647836	 -0.02647836
     6.6740	      6.6740	 0.0000	 3.702547	 0.222084	  0.00000000	  0.02466063	 -0.02466063
     7.0000	      7.0000	 0.0000	 3.773667	 0.214325	  0.00000000	  0.02296769	 -0.02296769
     7.3378	      7.3378	 0.0000	 3.844786	 0.206838	  0.00000000	  0.02139097	 -0.02139097
     7.6878	      7.6878	 0.0000	 3.915906	 0.199612	  0.00000000	  0.01992249	 -0.01992249
     8.0505	      8.0505	 0.0000	 3.987026	 0.192639	  0.00000000	  0.01855482	 -0.01855482
     8.4263	      8.4263	 0.0000	 4.058145	 0.185909	  0.00000000	  0.01728104	 -0.01728104
     8.8158	      8.8158	 0.0000	 4.129265	 0.179414	  0.00000000	  0.01609470	 -0.01609470
     9.2193	      9.2193	 0.0000	 4.200385	 0.173146	  0.00000000	  0.01498981	 -0.01498981
     9.6374	      9.6374	 0.0000	 4.271504	 0.167097	  0.00000000	  0.01396077	 -0.01396077
    10.0707	     10.0707	 0.0000	 4.342624	 0.161260	  0.00000000	  0.01300237	 -0.01300237
    10.5197	     10.5197	 0.0000	 4.413744	 0.155626	  0.00000000	  0.01210976	 -0.01210976
    10.9849	     10.9849	 0.0000	 4.484863	 0.150189	  0.00000000	  0.01127843	 -0.01127843
    11.4669	     11.4669	 0.0000	 4.555983	 0.144943	  0.00000000	  0.01050417	 -0.01050417
    11.9664	     11.9664	 0.0000	 4.627103	 0.139879	  0.00000000	  0.00978306	 -0.00978306
    12.4840	     12.4840	 0.0000	 4.698222	 0.134992	  0.00000000	  0.00911146	 -0.00911146
    13.0203	     13.0203	 0.0000	 4.769342	 0.130276	  0.00000000	  0.00848596	 -0.00848596
    13.5761	     13.5761	 0.0000	 4.840462	 0.125725	  0.00000000	  0.00790340	 -0.00790340
    14.1519	     14.1519	 0.0000	 4.911581	 0.121333	  0.00000000	  0.00736084	 -0.00736084
    14.7486	     14.7486	 0.0000	 4.982701	 0.117094	  0.00000000	  0.00685552	 -0.00685552
    15.3669	     15.3669	 0.0000	 5.053821	 0.113003	  0.00000000	  0.00638489	 -0.00638489
    16.0076	     16.0076	 0.0000	 5.124940	 0.109056	  0.00000000	  0.00594657	 -0.00594657
    16.6715	     16.6715	 0.0000	 5.196060	 0.105246	  0.00000000	  0.00553834	 -0.00553834
    17.3594	     17.3594	 0.0000	 5.267180	 0.101569	  0.00000000	  0.00515814	 -0.00515814
    18.0722	     18.0722	 0.0000	 5.338299	 0.098021	  0.00000000	  0.00480403	 -0.00480403
    18.8108	     18.8108	 0.0000	 5.409419	 0.094596	  0.00000000	  0.00447424	 -0.00447424
    19.5762	     19.5762	 0.0000	 5.480539	 0.091292	  0.00000000	  0.00416708	 -0.00416708
    20.3692	     20.3692	 0.0000	 5.551658	 0.088102	  0.00000000	  0.00388102	 -0.00388102
    21.1910	     21.1910	 0.0000	 5.622778	 0.085025	  0.00000000	  0.00361459	 -0.00361459
    22.0425	     22.0425	 0.0000	 5.693898	 0.082054	  0.00000000	  0.00336645	 -0.00336645
    22.9248	     22.9248	 0.0000	 5.765017	 0.079188	  0.00000000	  0.00313534	 -0.00313534
    23.8391	     23.8391	 0.0000	 5.836137	 0.076421	  0.00000000	  0.00292010	 -0.00292010
    24.7865	     24.7865	 0.0000	 5.907257	 0.073751	  0.00000000	  0.00271964	 -0.00271964
    25.7681	     25.7681	 0.0000	 5.978376	 0.071175	  0.00000000	  0.00253294	 -0.00253294
    26.7853	     26.7853	 0.0000	 6.049496	 0.068688	  0.00000000	  0.00235905	 -0.00235905
    27.8394	     27.8394	 0.0000	 6.120615	 0.066289	  0.00000000	  0.00219710	 -0.00219710
    28.9315	     28.9315	 0.0000	 6.191735	 0.063973	  0.00000000	  0.00204627	 -0.00204627
    30.0633	     30.0633	 0.0000	 6.262855	 0.061738	  0.00000000	  0.00190580	 -0.00190580
    31.2359	     31.2359	 0.0000	 6.333974	 0.059581	  0.00000000	  0.00177497	 -0.00177497
    32.4511	     32.4511	 0.0000	 6.405094	 0.057500	  0.00000000	  0.00165311	 -0.00165311
    33.7102	     33.7102	 0.0000	 6.476214	 0.055491	  0.00000000	  0.00153963	 -0.00153963
    35.0149	     35.0149	 0.0000	 6.547333	 0.053552	  0.00000000	  0.00143393	 -0.00143393
    36.3668	     36.3668	 0.0000	 6.618453	 0.051682	  0.00000000	  0.00133550	 -0.00133550
    37.7677	     37.7677	 0.0000	 6.689573	 0.049876	  0.00000000	  0.00124381	 -0.00124381
    39.2193	     39.2193	 0.0000	 6.760692	 0.048134	  0.00000000	  0.00115843	 -0.00115843
    40.7234	     40.7234	 0.0000	 6.831812	 0.046452	  0.00000000	  0.00107890	 -0.00107890
    42.2820	     42.2820	 0.0000	 6.902932	 0.044829	  0.00000000	  0.00100484	 -0.00100484
    43.8970	     43.8970	 0.0000	 6.974051	 0.043263	  0.00000000	  0.00093585	 -0.00093585
    45.5704	     45.5704	 0.0000	 7.045171	 0.041752	  0.00000000	  0.00087161	 -0.00087161
    47.3045	     47.3045	 0.0000	 7.116291	 0.040293	  0.00000000	  0.00081177	 -0.00081177
    49.1013	     49.1013	 0.0000	 7.187410	 0.038886	  0.00000000	  0.00075604	 -0.00075604
    50.9631	     50.9631	 0.0000	 7.258530	 0.037527	  0.00000000	  0.00070414	 -0.00070414
    52.8924	     52.8924	 0.0000	 7.329650	 0.036216	  0.00000000	  0.00065580	 -0.00065580
    54.8915	     54.8915	 0.0000	 7.400769	 0.034951	  0.00000000	  0.00061078	 -0.00061078
    56.9629	     56.9629	 0.0000	 7.471889	 0.033730	  0.00000000	  0.00056885	 -0.00056885
    59.1094	     59.1094	 0.0000	 7.543009	 0.032552	  0.00000000	  0.00052980	 -0.00052980
    61.3335	     61.3335	 0.0000	 7.614128	 0.031414	  0.00000000	  0.00049343	 -0.00049343
    63.6382	     63.6382	 0.0000	 7.685248	 0.030317	  0.00000000	  0.00045956	 -0.00045956
    66.0263	     66.0263	 0.0000	 7.756368	 0.029258	  0.00000000	  0.00042801	 -0.00042801
    68.5008	     68.5008	 0.0000	 7.827487	 0.028236	  0.00000000	  0.00039863	 -0.00039863
    71.0649	     71.0649	 0.0000	 7.898607	 0.027249	  0.00000000	  0.00037126	 -0.00037126
    73.7218	     73.7218	 0.0000	 7.969727	 0.026297	  0.00000000	  0.00034577	 -0.00034577
    76.4750	     76.4750	 0.0000	 8.040846	 0.025379	  0.00000000	  0.00032204	 -0.00032204
    79.3277	     79.3277	 0.0000	 8.111966	 0.024492	  0.00000000	  0.00029993	 -0.00029993
    82.2838	     82.2838	 0.0000	 8.183086	 0.023636	  0.00000000	  0.00027934	 -0.00027934
    85.3468	     85.3468	 0.0000	 8.254205	 0.022811	  0.00000000	  0.00026016	 -0.00026016
    88.5207	     88.5207	 0.0000	 8.325325	 0.022014	  0.00000000	  0.00024230	 -0.00024230
    91.8096	     91.8096	 0.0000	 8.396445	 0.021245	  0.00000000	  0.00022567	 -0.00022567
    95.2174	     95.2174	 0.0000	 8.467564	 0.020502	  0.00000000	  0.00021018	 -0.00021018
    98.7487	     98.7487	 0.0000	 8.538684	 0.019786	  0.00000000	  0.00019575	 -0.00019575
   102.4078	    102.4078	 0.0000	 8.609804	 0.019095	  0.00000000	  0.00018231	 -0.00018231
   106.1993	    106.1993	 0.0000	 8.680923	 0.018428	  0.00000000	  0.00016979	 -0.00016979
   110.1281	    110.1281	 0.0000	 8.752043	 0.017784	  0.00000000	  0.00015814	 -0.00015814
   114.1991	    114.1991	 0.0000	 8.823163	 0.017163	  0.00000000	  0.00014728	 -0.00014728
   118.4174	    118.4174	 0.0000	 8.894282	 0.016563	  0.00000000	  0.00013717	 -0.00013717
   122.7885	    122.7885	 0.0000	 8.965402	 0.015985	  0.00000000	  0.00012775	 -0.00012775
   127.3178	    127.3178	 0.0000	 9.036522	 0.015426	  0.00000000	  0.00011898	 -0.00011898
   132.0111	    132.0111	 0.0000	 9.107641	 0.014887	  0.00000000	  0.00011082	 -0.00011082
   136.8742	    136.8742	 0.0000	 9.178761	 0.014367	  0.00000000	  0.00010321	 -0.00010321
   141.9134	    141.9134	 0.0000	 9.249880	 0.013865	  0.00000000	  0.00009612	 -0.00009612
   147.1351	    147.1351	 0.0000	 9.321000	 0.013381	  0.00000000	  0.00008952	 -0.00008952
   152.5457	    152.5457	 0.0000	 9.392120	 0.012913	  0.00000000	  0.00008338	 -0.00008338
   158.1522	    158.1522	 0.0000	 9.463239	 0.012462	  0.00000000	  0.00007765	 -0.00007765
   163.9617	    163.9617	 0.0000	 9.534359	 0.012027	  0.00000000	  0.00007232	 -0.00007232
   169.9814	    169.9814	 0.0000	 9.605479	 0.011607	  0.00000000	  0.00006736	 -0.00006736
   176.2191	    176.2191	 0.0000	 9.676598	 0.011201	  0.00000000	  0.00006273	 -0.00006273
   182.6826	    182.6826	 0.0000	 9.747718	 0.010810	  0.00000000	  0.00005843	 -0.00005843
   189.3800	    189.3800	 0.0000	 9.818838	 0.010432	  0.00000000	  0.00005442	 -0.00005442
   196.3199	    196.3199	 0.0000	 9.889957	 0.010068	  0.00000000	  0.00005068	 -0.00005068
   203.5110	    203.5110	 0.0000	 9.961077	 0.009716	  0.00000000	  0.00004720	 -0.00004720
   210.9625	    210.9625	 0.0000	10.032197	 0.009377	  0.00000000	  0.00004396	 -0.00004396
   218.6836	    218.6836	 0.0000	10.103316	 0.009049	  0.00000000	  0.00004094	 -0.00004094
   226.6843	    226.6843	 0.0000	10.174436	 0.008733	  0.00000000	  0.00003813	 -0.00003813
   234.9746	    234.9746	 0.0000	10.245556	 0.008428	  0.00000000	  0.00003551	 -0.00003551
   243.5650	    243.5650	 0.0000	10.316675	 0.008133	  0.00000000	  0.00003308	 -0.00003308
   252.4664	    252.4664	 0.0000	10.387795	 0.007849	  0.00000000	  0.00003081	 -0.00003081
   261.6900	    261.6900	 0.0000	10.458915	 0.007575	  0.00000000	  0.00002869	 -0.00002869
   271.2474	    271.2474	 0.0000	10.530034	 0.007311	  0.00000000	  0.00002672	 -0.00002672
   281.1509	    281.1509	 0.0000	10.601154	 0.007055	  0.00000000	  0.00002489	 -0.00002489
   291.4129	    291.4129	 0.0000	10.672274	 0.006809	  0.00000000	  0.00002318	 -0.00002318
   302.0463	    302.0463	 0.0000	10.743393	 0.006571	  0.00000000	  0.00002159	 -0.00002159
   313.0647	    313.0647	 0.0000	10.814513	 0.006341	  0.00000000	  0.00002011	 -0.00002011
   324.4819	    324.4819	 0.0000	10.885633	 0.006120	  0.00000000	  0.00001873	 -0.00001873
   336.3125	    336.3125	 0.0000	10.956752	 0.005906	  0.00000000	  0.00001744	 -0.00001744
   348.5713	    348.5713	 0.0000	11.027872	 0.005700	  0.00000000	  0.00001624	 -0.00001624
   361.2738	    361.2738	 0.0000	11.098992	 0.005500	  0.00000000	  0.00001513	 -0.00001513
   374.4362	    374.4362	 0.0000	11.170111	 0.005308	  0.00000000	  0.00001409	 -0.00001409
   388.0751	    388.0751	 0.0000	11.241231	 0.005123	  0.00000000	  0.00001312	 -0.00001312
   402.2077	    402.2077	 0.0000	11.312351	 0.004944	  0.00000000	  0.00001222	 -0.00001222
   416.8518	    416.8518	 0.0000	11.383470	 0.004771	  0.00000000	  0.00001138	 -0.00001138
   432.0261	    432.0261	 0.0000	11.454590	 0.004604	  0.00000000	  0.00001060	 -0.00001060
   447.7497	    447.7497	 0.0000	11.525710	 0.004444	  0.00000000	  0.00000987	 -0.00000987
   464.0425	    464.0425	 0.0000	11.596829	 0.004288	  0.00000000	  0.00000920	 -0.00000920
   480.9251	    480.9251	 0.0000	11.667949	 0.004139	  0.00000000	  0.00000856	 -0.00000856
   498.4188	    498.4188	 0.0000	11.739069	 0.003994	  0.00000000	  0.00000798	 -0.00000798
   516.5458	    516.5458	 0.0000	11.810188	 0.003854	  0.00000000	  0.00000743	 -0.00000743
   535.3290	    535.3290	 0.0000	11.881308	 0.003720	  0.00000000	  0.00000692	 -0.00000692
   554.7921	    554.7921	 0.0000	11.952428	 0.003590	  0.00000000	  0.00000644	 -0.00000644
   574.9598	    574.9598	 0.0000	12.023547	 0.003464	  0.00000000	  0.00000600	 -0.00000600
   595.8575	    595.8575	 0.0000	12.094667	 0.003343	  0.00000000	  0.00000559	 -0.00000559
   617.5117	    617.5117	 0.0000	12.165787	 0.003227	  0.00000000	  0.00000521	 -0.00000521
   639.9499	    639.9499	 0.0000	12.236906	 0.003114	  0.00000000	  0.00000485	 -0.00000485
   663.2002	    663.2002	 0.0000	12.308026	 0.003005	  0.00000000	  0.00000452	 -0.00000452
   687.2922	    687.2922	 0.0000	12.379146	 0.002900	  0.00000000	  0.00000421	 -0.00000421
   712.2564	    712.2564	 0.0000	12.450265	 0.002799	  0.00000000	  0.00000392	 -0.00000392
   738.1242	    738.1242	 0.0000	12.521385	 0.002701	  0.00000000	  0.00000365	 -0.00000365
   764.9284	    764.9284	 0.0000	12.592504	 0.002607	  0.00000000	  0.00000340	 -0.00000340
   792.7030	    792.7030	 0.0000	12.663624	 0.002516	  0.00000000	  0.00000316	 -0.00000316
   821.4829	    821.4829	 0.0000	12.734744	 0.002428	  0.00000000	  0.00000295	 -0.00000295
   851.3047	    851.3047	 0.0000	12.805863	 0.002343	  0.00000000	  0.00000274	 -0.00000274
   882.2061	    882.2061	 0.0000	12.876983	 0.002261	  0.00000000	  0.00000256	 -0.00000256
   914.2260	    914.2260	 0.0000	12.948103	 0.002182	  0.00000000	  0.00000238	 -0.00000238
   947.4051	    947.4051	 0.0000	13.019222	 0.002106	  0.00000000	  0.00000222	 -0.00000222
   981.7852	    981.7852	 0.0000	13.090342	 0.002032	  0.00000000	  0.00000207	 -0.00000207
  1017.4099	   1017.4099	 0.0000	13.161462	 0.001961	  0.00000000	  0.00000192	 -0.00000192
  1054.3242	   1054.3242	 0.0000	13.232581	 0.001893	  0.00000000	  0.00000179	 -0.00000179
  1092.5747	   1092.5747	 0.0000	13.303701	 0.001827	  0.00000000	  0.00000167	 -0.00000167
  1132.2099	   1132.2099	 0.0000	13.374821	 0.001763	  0.00000000	  0.00000155	 -0.00000155
  1173.2799	   1173.2799	 0.0000	13.445940	 0.001701	  0.00000000	  0.00000145	 -0.00000145
  1215.8367	   1215.8367	 0.0000	13.517060	 0.001642	  0.00000000	  0.00000135	 -0.00000135
  1259.9339	   1259.9339	 0.0000	13.588180	 0.001584	  0.00000000	  0.00000126	 -0.00000126
  1305.6275	   1305.6275	 0.0000	13.659299	 0.001529	  0.00000000	  0.00000117	 -0.00000117
  1352.9751	   1352.9751	 0.0000	13.730419	 0.001476	  0.00000000	  0.00000109	 -0.00000109
  1402.0367	   1402.0367	 0.0000	13.801539	 0.001424	  0.00000000	  0.00000101	 -0.00000101
  1452.8744	   1452.8744	 0.0000	13.872658	 0.001374	  0.00000000	  0.00000094	 -0.00000094
  1505.5523	   1505.5523	 0.0000	13.943778	 0.001326	  0.00000000	  0.00000088	 -0.00000088
  1560.1372	   1560.1372	 0.0000	14.014898	 0.001280	  0.00000000	  0.00000082	 -0.00000082
  1616.6980	   1616.6980	 0.0000	14.086017	 0.001235	  0.00000000	  0.00000076	 -0.00000076
  1675.3063	   1675.3063	 0.0000	14.157137	 0.001192	  0.00000000	  0.00000071	 -0.00000071
  1736.0362	   1736.0362	 0.0000	14.228257	 0.001151	  0.00000000	  0.00000066	 -0.00000066
  1798.9645	   1798.9645	 0.0000	14.299376	 0.001110	  0.00000000	  0.00000062	 -0.00000062
  1864.1707	   1864.1707	 0.0000	14.370496	 0.001072	  0.00000000	  0.00000057	 -0.00000057
  1931.7374	   1931.7374	 0.0000	14.441616	 0.001034	  0.00000000	  0.00000053	 -0.00000053
  2001.7501	   2001.7501	 0.0000	14.512735	 0.000998	  0.00000000	  0.00000050	 -0.00000050
  2074.2971	   2074.2971	 0.0000	14.583855	 0.000963	  0.00000000	  0.00000046	 -0.00000046
  2149.4703	   2149.4703	 0.0000	14.654975	 0.000929	  0.00000000	  0.00000043	 -0.00000043
  2227.3648	   2227.3648	 0.0000	14.726094	 0.000897	  0.00000000	  0.00000040	 -0.00000040
  2308.0790	   2308.0790	 0.0000	14.797214	 0.000866	  0.00000000	  0.00000037	 -0.00000037
  2391.7150	   2391.7150	 0.0000	14.868334	 0.000835	  0.00000000	  0.00000035	 -0.00000035
  2478.3787	   2478.3787	 0.0000	14.939453	 0.000806	  0.00000000	  0.00000032	 -0.00000032
  2568.1795	   2568.1795	 0.0000	15.010573	 0.000778	  0.00000000	  0.00000030	 -0.00000030
  2661.2311	   2661.2311	 0.0000	15.081693	 0.000751	  0.00000000	  0.00000028	 -0.00000028
  2757.6511	   2757.6511	 0.0000	15.152812	 0.000725	  0.00000000	  0.00000026	 -0.00000026
  2857.5615	   2857.5615	 0.0000	15.223932	 0.000699	  0.00000000	  0.00000024	 -0.00000024
  2961.0886	   2961.0886	 0.0000	15.295052	 0.000675	  0.00000000	  0.00000023	 -0.00000023
  3068.3633	   3068.3633	 0.0000	15.366171	 0.000651	  0.00000000	  0.00000021	 -0.00000021
  3179.5214	   3179.5214	 0.0000	15.437291	 0.000629	  0.00000000	  0.00000020	 -0.00000020
  3294.7033	   3294.7033	 0.0000	15.508411	 0.000607	  0.00000000	  0.00000018	 -0.00000018
  3414.0548	   3414.0548	 0.0000	15.579530	 0.000585	  0.00000000	  0.00000017	 -0.00000017
  3537.7268	   3537.7268	 0.0000	15.650650	 0.000565	  0.00000000	  0.00000016	 -0.00000016
  3665.8756	   3665.8756	 0.0000	15.721769	 0.000545	  0.00000000	  0.00000015	 -0.00000015
  3798.6634	   3798.6634	 0.0000	15.792889	 0.000526	  0.00000000	  0.00000014	 -0.00000014
  3936.2581	   3936.2581	 0.0000	15.864009	 0.000508	  0.00000000	  0.00000013	 -0.00000013
  4078.8336	   4078.8336	 0.0000	15.935128	 0.000490	  0.00000000	  0.00000012	 -0.00000012
  4226.5703	   4226.5703	 0.0000	16.006248	 0.000473	  0.00000000	  0.00000011	 -0.00000011
  4379.6550	   4379.6550	 0.0000	16.077368	 0.000456	  0.00000000	  0.00000010	 -0.00000010
  4538.2814	   4538.2814	 0.0000	16.148487	 0.000440	  0.00000000	  0.00000010	 -0.00000010
  4702.6500	   4702.6500	 0.0000	16.219607	 0.000425	  0.00000000	  0.00000009	 -0.00000009
  4872.9686	   4872.9686	 0.0000	16.290727	 0.000410	  0.00000000	  0.00000008	 -0.00000008
  5049.4527	   5049.4527	 0.0000	16.361846	 0.000396	  0.00000000	  0.00000008	 -0.00000008
  5232.3255	   5232.3255	 0.0000	16.432966	 0.000382	  0.00000000	  0.00000007	 -0.00000007
  5421.8182	   5421.8182	 0.0000	16.504086	 0.000369	  0.00000000	  0.00000007	 -0.00000007
  5618.1705	   5618.1705	 0.0000	16.575205	 0.000356	  0.00000000	  0.00000006	 -0.00000006
  5821.6307	   5821.6307	 0.0000	16.646325	 0.000343	  0.00000000	  0.00000006	 -0.00000006
  6032.4560	   6032.4560	 0.0000	16.717445	 0.000331	  0.00000000	  0.00000005	 -0.00000005
  6250.9132	   6250.9132	 0.0000	16.788564	 0.000320	  0.00000000	  0.00000005	 -0.00000005
  6477.2784	   6477.2784	 0.0000	16.859684	 0.000309	  0.00000000	  0.00000005	 -0.00000005
  6711.8380	   6711.8380	 0.0000	16.930804	 0.000298	  0.00000000	  0.00000004	 -0.00000004
  6954.8885	   6954.8885	 0.0000	17.001923	 0.000287	  0.00000000	  0.00000004	 -0.00000004
  7206.7374	   7206.7374	 0.0000	17.073043	 0.000277	  0.00000000	  0.00000004	 -0.00000004
  7467.7031	   7467.7031	 0.0000	17.144163	 0.000268	  0.00000000	  0.00000004	 -0.00000004
  7738.1157	   7738.1157	 0.0000	17.215282	 0.000258	  0.00000000	  0.00000003	 -0.00000003
  8018.3171	   8018.3171	 0.0000	17.286402	 0.000249	  0.00000000	  0.00000003	 -0.00000003
  8308.6617	   8308.6617	 0.0000	17.357522	 0.000241	  0.00000000	  0.00000003	 -0.00000003
  8609.5167	   8609.5167	 0.0000	17.428641	 0.000232	  0.00000000	  0.00000003	 -0.00000003
  8921.2625	   8921.2625	 0.0000	17.499761	 0.000224	  0.00000000	  0.00000003	 -0.00000003
  9244.2934	   9244.2934	 0.0000	17.570881	 0.000216	  0.00000000	  0.00000002	 -0.00000002
  9579.0179	   9579.0179	 0.0000	17.642000	 0.000209	  0.00000000	  0.00000002	 -0.00000002
  9925.8593	   9925.8593	 0.0000	17.713120	 0.000201	  0.00000000	  0.00000002	 -0.00000002
 10285.2563	  10285.2563	 0.0000	17.784240	 0.000194	  0.00000000	  0.00000002	 -0.00000002
 10657.6633	  10657.6633	 0.0000	17.855359	 0.000188	  0.00000000	  0.00000002	 -0.00000002
 11043.5513	  11043.5513	 0.0000	17.926479	 0.000181	  0.00000000	  0.00000002	 -0.00000002
 11443.4083	  11443.4083	 0.0000	17.997599	 0.000175	  0.00000000	  0.00000002	 -0.00000002
 11857.7400	  11857.7400	 0.0000	18.068718	 0.000169	  0.00000000	  0.00000001	 -0.00000001
 12287.0703	  12287.0703	 0.0000	18.139838	 0.000163	  0.00000000	  0.00000001	 -0.00000001
 12731.9423	  12731.9423	 0.0000	18.210958	 0.000157	  0.00000000	  0.00000001	 -0.00000001
 13192.9184	  13192.9184	 0.0000	18.282077	 0.000152	  0.00000000	  0.00000001	 -0.00000001
 13670.5818	  13670.5818	 0.0000	18.353197	 0.000146	  0.00000000	  0.00000001	 -0.00000001
 14165.5363	  14165.5363	 0.0000	18.424317	 0.000141	  0.00000000	  0.00000001	 -0.00000001
 14678.4081	  14678.4081	 0.0000	18.495436	 0.000136	  0.00000000	  0.00000001	 -0.00000001
 15209.8456	  15209.8456	 0.0000	18.566556	 0.000131	  0.00000000	  0.00000001	 -0.00000001
 15760.5210	  15760.5210	 0.0000	18.637676	 0.000127	  0.00000000	  0.00000001	 -0.00000001
 16331.1306	  16331.1306	 0.0000	18.708795	 0.000122	  0.00000000	  0.00000001	 -0.00000001
 16922.3960	  16922.3960	 0.0000	18.779915	 0.000118	  0.00000000	  0.00000001	 -0.00000001
 17535.0651	  17535.0651	 0.0000	18.851034	 0.000114	  0.00000000	  0.00000001	 -0.00000001
 18169.9126	  18169.9126	 0.0000	18.922154	 0.000110	  0.00000000	  0.00000001	 -0.00000001
 18827.7413	  18827.7413	 0.0000	18.993274	 0.000106	  0.00000000	  0.00000001	 -0.00000001
 19509.3832	  19509.3832	 0.0000	19.064393	 0.000103	  0.00000000	  0.00000001	 -0.00000001
 20215.7003	  20215.7003	 0.0000	19.135513	 0.000099	  0.00000000	  0.00000000	 -0.00000000
 20947.5858	  20947.5858	 0.0000	19.206633	 0.000095	  0.00000000	  0.00000000	 -0.00000000
 21705.9653	  21705.9653	 0.0000	19.277752	 0.000092	  0.00000000	  0.00000000	 -0.00000000
 22491.7979	  22491.7979	 0.0000	19.348872	 0.000089	  0.00000000	  0.00000000	 -0.00000000
 23306.0773	  23306.0773	 0.0000	19.419992	 0.000086	  0.00000000	  0.00000000	 -0.00000000
 24149.8334	  24149.8334	 0.0000	19.491111	 0.000083	  0.00000000	  0.00000000	 -0.00000000
 25024.1331	  25024.1331	 0.0000	19.562231	 0.000080	  0.00000000	  0.00000000	 -0.00000000
 25930.0822	  25930.0822	 0.0000	19.633351	 0.000077	  0.00000000	  0.00000000	 -0.00000000
 26868.8263	  26868.8263	 0.0000	19.704470	 0.000074	  0.00000000	  0.00000000	 -0.00000000
 27841.5526	  27841.5526	 0.0000	19.775590	 0.000072	  0.00000000	  0.00000000	 -0.00000000
 28849.4912	  28849.4912	 0.0000	19.846710	 0.000069	  0.00000000	  0.00000000	 -0.00000000
 29893.9168	  29893.9168	 0.0000	19.917829	 0.000067	  0.00000000	  0.00000000	 -0.00000000
 30976.1503	  30976.1503	 0.0000	19.988949	 0.000065	  0.00000000	  0.00000000	 -0.00000000
 32097.5603	  32097.5603	 0.0000	20.060069	 0.000062	  0.00000000	  0.00000000	 -0.00000000
 33259.5649	  33259.5649	 0.0000	20.131188	 0.000060	  0.00000000	  0.00000000	 -0.00000000
 34463.6336	  34463.6336	 0.0000	20.202308	 0.000058	  0.00000000	  0.00000000	 -0.00000000
 35711.2892	  35711.2892	 0.0000	20.273428	 0.000056	  0.00000000	  0.00000000	 -0.00000000
 37004.1095	  37004.1095	 0.0000	20.344547	 0.000054	  0.00000000	  0.00000000	 -0.00000000
 38343.7294	  38343.7294	 0.0000	20.415667	 0.000052	  0.00000000	  0.00000000	 -0.00000000
 39731.8430	  39731.8430	 0.0000	20.486787	 0.000050	  0.00000000	  0.00000000	 -0.00000000
 41170.2059	  41170.2059	 0.0000	20.557906	 0.000049	  0.00000000	  0.00000000	 -0.00000000
 42660.6370	  42660.6370	 0.0000	20.629026	 0.000047	  0.00000000	  0.00000000	 -0.00000000
 44205.0212	  44205.0212	 0.0000	20.700146	 0.000045	  0.00000000	  0.00000000	 -0.00000000
 45805.3116	  45805.3116	 0.0000	20.771265	 0.000044	  0.00000000	  0.00000000	 -0.00000000
 47463.5318	  47463.5318	 0.0000	20.842385	 0.000042	  0.00000000	  0.00000000	 -0.00000000
 49181.7791	  49181.7791	 0.0000	20.913505	 0.000041	  0.00000000	  0.00000000	 -0.00000000
 50962.2263	  50962.2263	 0.0000	20.984624	 0.000039	  0.00000000	  0.00000000	 -0.00000000
 52807.1250	  52807.1250	 0.0000	21.055744	 0.000038	  0.00000000	  0.00000000	 -0.00000000
 54718.8084	  54718.8084	 0.0000	21.126864	 0.000037	  0.00000000	  0.00000000	 -0.00000000
 56699.6941	  56699.6941	 0.0000	21.197983	 0.000035	  0.00000000	  0.00000000	 -0.00000000
 58752.2871	  58752.2871	 0.0000	21.269103	 0.000034	  0.00000000	  0.00000000	 -0.00000000
 60879.1832	  60879.1832	 0.0000	21.340223	 0.000033	  0.00000000	  0.00000000	 -0.00000000
 63083.0723	  63083.0723	 0.0000	21.411342	 0.000032	  0.00000000	  0.00000000	 -0.00000000
 65366.7413	  65366.7413	 0.0000	21.482462	 0.000031	  0.00000000	  0.00000000	 -0.00000000
 67733.0783	  67733.0783	 0.0000	21.553582	 0.000030	  0.00000000	  0.00000000	 -0.00000000
 70185.0759	  70185.0759	 0.0000	21.624701	 0.000028	  0.00000000	  0.00000000	 -0.00000000
 72725.8349	  72725.8349	 0.0000	21.695821	 0.000027	  0.00000000	  0.00000000	 -0.00000000
 75358.5685	  75358.5685	 0.0000	21.766941	 0.000027	  0.00000000	  0.00000000	 -0.00000000
 78086.6060	  78086.6060	 0.0000	21.838060	 0.000026	  0.00000000	  0.00000000	 -0.00000000
 80913.3976	  80913.3976	 0.0000	21.909180	 0.000025	  0.00000000	  0.00000000	 -0.00000000
 83842.5180	  83842.5180	 0.0000	21.980300	 0.000024	  0.00000000	  0.00000000	 -0.00000000
 86877.6715	  86877.6715	 0.0000	22.051419	 0.000023	  0.00000000	  0.00000000	 -0.00000000
 90022.6965	  90022.6965	 0.0000	22.122539	 0.000022	  0.00000000	  0.00000000	 -0.00000000
 93281.5703	  93281.5703	 0.0000	22.193658	 0.000021	  0.00000000	  0.00000000	 -0.00000000
 96658.4141	  96658.4141	 0.0000	22.264778	 0.000021	  0.00000000	  0.00000000	 -0.00000000
100157.4985	 100157.4985	 0.0000	22.335898	 0.000020	  0.00000000	  0.00000000	 -0.00000000
103783.2484	 103783.2484	 0.0000	22.407017	 0.000019	  0.00000000	  0.00000000	 -0.00000000
107540.2493	 107540.2493	 0.0000	22.478137	 0.000019	  0.00000000	  0.00000000	 -0.00000000
111433.2522	 111433.2522	 0.0000	22.549257	 0.000018	  0.00000000	  0.00000000	 -0.00000000
115467.1804	 115467.1804	 0.0000	22.620376	 0.000017	  0.00000000	  0.00000000	 -0.00000000
119647.1353	 119647.1353	 0.0000	22.691496	 0.000017	  0.00000000	  0.00000000	 -0.00000000
123978.4032	 123978.4032	 0.0000	22.762616	 0.000016	  0.00000000	  0.00000000	 -0.00000000
128466.4613	 128466.4613	 0.0000	22.833735	 0.000016	  0.00000000	  0.00000000	 -0.00000000
133116.9856	 133116.9856	 0.0000	22.904855	 0.000015	  0.00000000	  0.00000000	 -0.00000000
137935.8572	 137935.8572	 0.0000	22.975975	 0.000014	  0.00000000	  0.00000000	 -0.00000000
142929.1702	 142929.1702	 0.0000	23.047094	 0.000014	  0.00000000	  0.00000000	 -0.00000000
148103.2394	 148103.2394	 0.0000	23.118214	 0.000014	  0.00000000	  0.00000000	 -0.00000000
153464.6080	 153464.6080	 0.0000	23.189334	 0.000013	  0.00000000	  0.00000000	 -0.00000000
159020.0562	 159020.0562	 0.0000	23.260453	 0.000013	  0.00000000	  0.00000000	 -0.00000000
164776.6097	 164776.6097	 0.0000	23.331573	 0.000012	  0.00000000	  0.00000000	 -0.00000000
170741.5483	 170741.5483	 0.0000	23.402693	 0.000012	  0.00000000	  0.00000000	 -0.00000000
176922.4156	 176922.4156	 0.0000	23.473812	 0.000011	  0.00000000	  0.00000000	 -0.00000000
183327.0281	 183327.0281	 0.0000	23.544932	 0.000011	  0.00000000	  0.00000000	 -0.00000000
189963.4852	 189963.4852	 0.0000	23.616052	 0.000011	  0.00000000	  0.00000000	 -0.00000000
196840.1797	 196840.1797	 0.0000	23.687171	 0.000010	  0.00000000	  0.00000000	 -0.00000000
203965.8081	 203965.8081	 0.0000	23.758291	 0.000010	  0.00000000	  0.00000000	 -0.00000000
211349.3817	 211349.3817	 0.0000	23.829411	 0.000009	  0.00000000	  0.00000000	 -0.00000000
219000.2380	 219000.2380	 0.0000	23.900530	 0.000009	  0.00000000	  0.00000000	 -0.00000000
226928.0525	 226928.0525	 0.0000	23.971650	 0.000009	  0.00000000	  0.00000000	 -0.00000000
235142.8511	 235142.8511	 0.0000	24.042770	 0.000009	  0.00000000	  0.00000000	 -0.00000000
243655.0225	 243655.0225	 0.0000	24.113889	 0.000008	  0.00000000	  0.00000000	 -0.00000000
252475.3314	 252475.3314	 0.0000	24.185009	 0.000008	  0.00000000	  0.00000000	 -0.00000000
261614.9324	 261614.9324	 0.0000	24.256129	 0.000008	  0.00000000	  0.00000000	 -0.00000000
271085.3836	 271085.3836	 0.0000	24.327248	 0.000007	  0.00000000	  0.00000000	 -0.00000000
280898.6618	 280898.6618	 0.0000	24.398368	 0.000007	  0.00000000	  0.00000000	 -0.00000000
291067.1771	 291067.1771	 0.0000	24.469488	 0.000007	  0.00000000	  0.00000000	 -0.00000000
301603.7890	 301603.7890	 0.0000	24.540607	 0.000007	  0.00000000	  0.00000000	 -0.00000000
312521.8225	 312521.8225	 0.0000	24.611727	 0.000006	  0.00000000	  0.00000000	 -0.00000000
323835.0849	 323835.0849	 0.0000	24.682847	 0.000006	  0.00000000	  0.00000000	 -0.00000000
335557.8834	 335557.8834	 0.0000	24.753966	 0.000006	  0.00000000	  0.00000000	 -0.00000000
347705.0430	 347705.0430	 0.0000	24.825086	 0.000006	  0.00000000	  0.00000000	 -0.00000000
360291.9253	 360291.9253	 0.0000	24.896206	 0.000006	  0.00000000	  0.00000000	 -0.00000000
373334.4484	 373334.4484	 0.0000	24.967325	 0.000005	  0.00000000	  0.00000000	 -0.00000000
386849.1060	 386849.1060	 0.0000	25.038445	 0.000005	  0.00000000	  0.00000000	 -0.00000000
400852.9895	 400852.9895	 0.0000	25.109565	 0.000005	  0.00000000	  0.00000000	 -0.00000000
415363.8085	 415363.8085	 0.0000	25.180684	 0.000005	  0.00000000	  0.00000000	 -0.00000000
430399.9139	 430399.9139	 0.0000	25.251804	 0.000005	  0.00000000	  0.00000000	 -0.00000000
445980.3210	 445980.3210	 0.0000	25.322923	 0.000004	  0.00000000	  0.00000000	 -0.00000000
462124.7333	 462124.7333	 0.0000	25.394043	 0.000004	  0.00000000	  0.00000000	 -0.00000000
478853.5674	 478853.5674	 0.0000	25.465163	 0.000004	  0.00000000	  0.00000000	 -0.00000000
496187.9794	 496187.9794	 0.0000	25.536282	 0.000004	  0.00000000	  0.00000000	 -0.00000000
514149.8909	 514149.8909	 0.0000	25.607402	 0.000004	  0.00000000	  0.00000000	 -0.00000000
532762.0172	 532762.0172	 0.0000	25.678522	 0.000004	  0.00000000	  0.00000000	 -0.00000000
552047.8957	 552047.8957	 0.0000	25.749641	 0.000004	  0.00000000	  0.00000000	 -0.00000000
572031.9161	 572031.9161	 0.0000	25.820761	 0.000003	  0.00000000	  0.00000000	 -0.00000000
592739.3510	 592739.3510	 0.0000	25.891881	 0.000003	  0.00000000	  0.00000000	 -0.00000000
614196.3875	 614196.3875	 0.0000	25.963000	 0.000003	  0.00000000	  0.00000000	 -0.00000000
636430.1611	 636430.1611	 0.0000	26.034120	 0.000003	  0.00000000	  0.00000000	 -0.00000000
659468.7893	 659468.7893	 0.0000	26.105240	 0.000003	  0.00000000	  0.00000000	 -0.00000000
683341.4076	 683341.4076	 0.0000	26.176359	 0.000003	  0.00000000	  0.00000000	 -0.00000000
708078.2061	 708078.2061	 0.0000	26.247479	 0.000003	  0.00000000	  0.00000000	 -0.00000000
733710.4679	 733710.4679	 0.0000	26.318599	 0.000003	  0.00000000	  0.00000000	 -0.00000000
760270.6084	 760270.6084	 0.0000	26.389718	 0.000003	  0.00000000	  0.00000000	 -0.00000000
787792.2164	 787792.2164	 0.0000	26.460838	 0.000003	  0.00000000	  0.00000000	 -0.00000000
816310.0968	 816310.0968	 0.0000	26.531958	 0.000002	  0.00000000	  0.00000000	 -0.00000000
845860.3142	 845860.3142	 0.0000	26.603077	 0.000002	  0.00000000	  0.00000000	 -0.00000000
876480.2390	 876480.2390	 0.0000	26.674197	 0.000002	  0.00000000	  0.00000000	 -0.00000000
908208.5940	 908208.5940	 0.0000	26.745317	 0.000002	  0.00000000	  0.00000000	 -0.00000000
941085.5041	 941085.5041	 0.0000	26.816436	 0.000002	  0.00000000	  0.00000000	 -0.00000000
975152.5466	 975152.5466	 0.0000	26.887556	 0.000002	  0.00000000	  0.00000000	 -0.00000000
***********	1010452.8038	 0.0000	26.958676	 0.000002	  0.00000000	  0.00000000	 -0.00000000
***********	1047030.9177	 0.0000	27.029795	 0.000002	  0.00000000	  0.00000000	 -0.00000000
***********	1084933.1462	 0.0000	27.100915	 0.000002	  0.00000000	  0.00000000	 -0.00000000
***********	1124207.4217	 0.0000	27.172035	 0.000002	  0.00000000	  0.00000000	 -0.00000000
***********	1164903.4120	 0.0000	27.243154	 0.000002	  0.00000000	  0.00000000	 -0.00000000
***********	1207072.5826	 0.0000	27.314274	 0.000002	  0.00000000	  0.00000000	 -0.00000000
***********	1250768.2620	 0.0000	27.385394	 0.000002	  0.00000000	  0.00000000	 -0.00000000
***********	1296045.7094	 0.0000	27.456513	 0.000002	  0.00000000	  0.00000000	 -0.00000000
***********	1342962.1841	 0.0000	27.527633	 0.000001	  0.00000000	  0.00000000	 -0.00000000
***********	1391577.0184	 0.0000	27.598753	 0.000001	  0.00000000	  0.00000000	 -0.00000000
***********	1441951.6923	 0.0000	27.669872	 0.000001	  0.00000000	  0.00000000	 -0.00000000
***********	1494149.9114	 0.0000	27.740992	 0.000001	  0.00000000	  0.00000000	 -0.00000000
***********	1548237.6872	 0.0000	27.812112	 0.000001	  0.00000000	  0.00000000	 -0.00000000
***********	1604283.4212	 0.0000	27.883231	 0.000001	  0.00000000	  0.00000000	 -0.00000000
***********	1662357.9907	 0.0000	27.954351	 0.000001	  0.00000000	  0.00000000	 -0.00000000
***********	1722534.8388	 0.0000	28.025471	 0.000001	  0.00000000	  0.00000000	 -0.00000000
***********	1784890.0672	 0.0000	28.096590	 0.000001	  0.00000000	  0.00000000	 -0.00000000
***********	1849502.5325	 0.0000	28.167710	 0.000001	  0.00000000	  0.00000000	 -0.00000000
***********	1916453.9460	 0.0000	28.238830	 0.000001	  0.00000000	  0.00000000	 -0.00000000
***********	1985828.9766	 0.0000	28.309949	 0.000001	  0.00000000	  0.00000000	 -0.00000000
***********	2057715.3585	 0.0000	28.381069	 0.000001	  0.00000000	  0.00000000	 -0.00000000
***********	2132204.0016	 0.0000	28.452188	 0.000001	  0.00000000	  0.00000000	 -0.00000000
***********	2209389.1069	 0.0000	28.523308	 0.000001	  0.00000000	  0.00000000	 -0.00000000
***********	2289368.2854	 0.0000	28.594428	 0.000001	  0.00000000	  0.00000000	 -0.00000000
***********	2372242.6815	 0.0000	28.665547	 0.000001	  0.00000000	  0.00000000	 -0.00000000
***********	2458117.1011	 0.0000	28.736667	 0.000001	  0.00000000	  0.00000000	 -0.00000000
***********	2547100.1438	 0.0000	28.807787	 0.000001	  0.00000000	  0.00000000	 -0.00000000
***********	2639304.3409	 0.0000	28.878906	 0.000001	  0.00000000	  0.00000000	 -0.00000000
***********	2734846.2968	 0.0000	28.950026	 0.000001	  0.00000000	  0.00000000	 -0.00000000
***********	2833846.8373	 0.0000	29.021146	 0.000001	  0.00000000	  0.00000000	 -0.00000000
***********	2936431.1619	 0.0000	29.092265	 0.000001	  0.00000000	  0.00000000	 -0.00000000
***********	3042729.0023	 0.0000	29.163385	 0.000001	  0.00000000	  0.00000000	 -0.00000000
***********	3152874.7864	 0.0000	29.234505	 0.000001	  0.00000000	  0.00000000	 -0.00000000
***********	3267007.8085	 0.0000	29.305624	 0.000001	  0.00000000	  0.00000000	 -0.00000000
***********	3385272.4051	 0.0000	29.376744	 0.000001	  0.00000000	  0.00000000	 -0.00000000
