x0	xt	xt+lmax	nilisse	nelisse
  -500.0000	   -500.0000	      0.0000	  1.00000000	  1.00000000
  -497.1300	   -497.1300	      2.8700	  1.00000000	  1.00000000
  -494.2765	   -494.2765	      5.7235	  1.00000000	  1.00000000
  -491.4394	   -491.4394	      8.5606	  1.00000000	  1.00000000
  -488.6185	   -488.6185	     11.3815	  1.00000000	  1.00000000
  -485.8138	   -485.8138	     14.1862	  1.00000000	  1.00000000
  -483.0253	   -483.0253	     16.9747	  1.00000000	  1.00000000
  -480.2527	   -480.2527	     19.7473	  1.00000000	  1.00000000
  -477.4961	   -477.4961	     22.5039	  1.00000000	  1.00000000
  -474.7552	   -474.7552	     25.2448	  1.00000000	  1.00000000
  -472.0302	   -472.0302	     27.9698	  1.00000000	  1.00000000
  -469.3207	   -469.3207	     30.6793	  1.00000000	  1.00000000
  -466.6268	   -466.6268	     33.3732	  1.00000000	  1.00000000
  -463.9484	   -463.9484	     36.0516	  1.00000000	  1.00000000
  -461.2853	   -461.2853	     38.7147	  1.00000000	  1.00000000
  -458.6376	   -458.6376	     41.3624	  1.00000000	  1.00000000
  -456.0050	   -456.0050	     43.9950	  1.00000000	  1.00000000
  -453.3875	   -453.3875	     46.6125	  1.00000000	  1.00000000
  -450.7851	   -450.7851	     49.2149	  1.00000000	  1.00000000
  -448.1976	   -448.1976	     51.8024	  1.00000000	  1.00000000
  -445.6249	   -445.6249	     54.3751	  1.00000000	  1.00000000
  -443.0670	   -443.0670	     56.9330	  1.00000000	  1.00000000
  -440.5238	   -440.5238	     59.4762	  1.00000000	  1.00000000
  -437.9952	   -437.9952	     62.0048	  1.00000000	  1.00000000
  -435.4811	   -435.4811	     64.5189	  1.00000000	  1.00000000
  -432.9815	   -432.9815	     67.0185	  1.00000000	  1.00000000
  -430.4962	   -430.4962	     69.5038	  1.00000000	  1.00000000
  -428.0251	   -428.0251	     71.9749	  1.00000000	  1.00000000
  -425.5683	   -425.5683	     74.4317	  1.00000000	  1.00000000
  -423.1255	   -423.1255	     76.8745	  1.00000000	  1.00000000
  -420.6968	   -420.6968	     79.3032	  1.00000000	  1.00000000
  -418.2820	   -418.2820	     81.7180	  1.00000000	  1.00000000
  -415.8810	   -415.8810	     84.1190	  1.00000000	  1.00000000
  -413.4939	   -413.4939	     86.5061	  1.00000000	  1.00000000
  -411.1204	   -411.1204	     88.8796	  1.00000000	  1.00000000
  -408.7606	   -408.7606	     91.2394	  1.00000000	  1.00000000
  -406.4143	   -406.4143	     93.5857	  1.00000000	  1.00000000
  -404.0815	   -404.0815	     95.9185	  1.00000000	  1.00000000
  -401.7621	   -401.7621	     98.2379	  1.00000000	  1.00000000
  -399.4560	   -399.4560	    100.5440	  1.00000000	  1.00000000
  -397.1631	   -397.1631	    102.8369	  1.00000000	  1.00000000
  -394.8834	   -394.8834	    105.1166	  1.00000000	  1.00000000
  -392.6167	   -392.6167	    107.3833	  1.00000000	  1.00000000
  -390.3631	   -390.3631	    109.6369	  1.00000000	  1.00000000
  -388.1224	   -388.1224	    111.8776	  1.00000000	  1.00000000
  -385.8946	   -385.8946	    114.1054	  1.00000000	  1.00000000
  -383.6796	   -383.6796	    116.3204	  1.00000000	  1.00000000
  -381.4773	   -381.4773	    118.5227	  1.00000000	  1.00000000
  -379.2876	   -379.2876	    120.7124	  1.00000000	  1.00000000
  -377.1105	   -377.1105	    122.8895	  1.00000000	  1.00000000
  -374.9459	   -374.9459	    125.0541	  1.00000000	  1.00000000
  -372.7937	   -372.7937	    127.2063	  1.00000000	  1.00000000
  -370.6538	   -370.6538	    129.3462	  1.00000000	  1.00000000
  -368.5263	   -368.5263	    131.4737	  1.00000000	  1.00000000
  -366.4109	   -366.4109	    133.5891	  1.00000000	  1.00000000
  -364.3077	   -364.3077	    135.6923	  1.00000000	  1.00000000
  -362.2166	   -362.2166	    137.7834	  1.00000000	  1.00000000
  -360.1375	   -360.1375	    139.8625	  1.00000000	  1.00000000
  -358.0703	   -358.0703	    141.9297	  1.00000000	  1.00000000
  -356.0150	   -356.0150	    143.9850	  1.00000000	  1.00000000
  -353.9714	   -353.9714	    146.0286	  1.00000000	  1.00000000
  -351.9396	   -351.9396	    148.0604	  1.00000000	  1.00000000
  -349.9195	   -349.9195	    150.0805	  1.00000000	  1.00000000
  -347.9110	   -347.9110	    152.0890	  1.00000000	  1.00000000
  -345.9139	   -345.9139	    154.0861	  1.00000000	  1.00000000
  -343.9284	   -343.9284	    156.0716	  1.00000000	  1.00000000
  -341.9542	   -341.9542	    158.0458	  1.00000000	  1.00000000
  -339.9914	   -339.9914	    160.0086	  1.00000000	  1.00000000
  -338.0399	   -338.0399	    161.9601	  1.00000000	  1.00000000
  -336.0995	   -336.0995	    163.9005	  1.00000000	  1.00000000
  -334.1703	   -334.1703	    165.8297	  1.00000000	  1.00000000
  -332.2522	   -332.2522	    167.7478	  1.00000000	  1.00000000
  -330.3450	   -330.3450	    169.6550	  1.00000000	  1.00000000
  -328.4488	   -328.4488	    171.5512	  1.00000000	  1.00000000
  -326.5635	   -326.5635	    173.4365	  1.00000000	  1.00000000
  -324.6891	   -324.6891	    175.3109	  1.00000000	  1.00000000
  -322.8253	   -322.8253	    177.1747	  1.00000000	  1.00000000
  -320.9723	   -320.9723	    179.0277	  1.00000000	  1.00000000
  -319.1299	   -319.1299	    180.8701	  1.00000000	  1.00000000
  -317.2981	   -317.2981	    182.7019	  1.00000000	  1.00000000
  -315.4768	   -315.4768	    184.5232	  1.00000000	  1.00000000
  -313.6660	   -313.6660	    186.3340	  1.00000000	  1.00000000
  -311.8655	   -311.8655	    188.1345	  1.00000000	  1.00000000
  -310.0754	   -310.0754	    189.9246	  1.00000000	  1.00000000
  -308.2956	   -308.2956	    191.7044	  1.00000000	  1.00000000
  -306.5260	   -306.5260	    193.4740	  1.00000000	  1.00000000
  -304.7665	   -304.7665	    195.2335	  1.00000000	  1.00000000
  -303.0171	   -303.0171	    196.9829	  1.00000000	  1.00000000
  -301.2778	   -301.2778	    198.7222	  1.00000000	  1.00000000
  -299.5485	   -299.5485	    200.4515	  1.00000000	  1.00000000
  -297.8291	   -297.8291	    202.1709	  1.00000000	  1.00000000
  -296.1195	   -296.1195	    203.8805	  1.00000000	  1.00000000
  -294.4198	   -294.4198	    205.5802	  1.00000000	  1.00000000
  -292.7298	   -292.7298	    207.2702	  1.00000000	  1.00000000
  -291.0495	   -291.0495	    208.9505	  1.00000000	  1.00000000
  -289.3789	   -289.3789	    210.6211	  1.00000000	  1.00000000
  -287.7178	   -287.7178	    212.2822	  1.00000000	  1.00000000
  -286.0663	   -286.0663	    213.9337	  1.00000000	  1.00000000
  -284.4243	   -284.4243	    215.5757	  1.00000000	  1.00000000
  -282.7917	   -282.7917	    217.2083	  1.00000000	  1.00000000
  -281.1685	   -281.1685	    218.8315	  1.00000000	  1.00000000
  -279.5546	   -279.5546	    220.4454	  1.00000000	  1.00000000
  -277.9499	   -277.9499	    222.0501	  1.00000000	  1.00000000
  -276.3545	   -276.3545	    223.6455	  1.00000000	  1.00000000
  -274.7682	   -274.7682	    225.2318	  1.00000000	  1.00000000
  -273.1910	   -273.1910	    226.8090	  1.00000000	  1.00000000
  -271.6229	   -271.6229	    228.3771	  1.00000000	  1.00000000
  -270.0638	   -270.0638	    229.9362	  1.00000000	  1.00000000
  -268.5136	   -268.5136	    231.4864	  1.00000000	  1.00000000
  -266.9723	   -266.9723	    233.0277	  1.00000000	  1.00000000
  -265.4399	   -265.4399	    234.5601	  1.00000000	  1.00000000
  -263.9162	   -263.9162	    236.0838	  1.00000000	  1.00000000
  -262.4014	   -262.4014	    237.5986	  1.00000000	  1.00000000
  -260.8952	   -260.8952	    239.1048	  1.00000000	  1.00000000
  -259.3976	   -259.3976	    240.6024	  1.00000000	  1.00000000
  -257.9087	   -257.9087	    242.0913	  1.00000000	  1.00000000
  -256.4283	   -256.4283	    243.5717	  1.00000000	  1.00000000
  -254.9563	   -254.9563	    245.0437	  1.00000000	  1.00000000
  -253.4929	   -253.4929	    246.5071	  1.00000000	  1.00000000
  -252.0378	   -252.0378	    247.9622	  1.00000000	  1.00000000
  -250.5911	   -250.5911	    249.4089	  1.00000000	  1.00000000
  -249.1527	   -249.1527	    250.8473	  1.00000000	  1.00000000
  -247.7226	   -247.7226	    252.2774	  1.00000000	  1.00000000
  -246.3006	   -246.3006	    253.6994	  1.00000000	  1.00000000
  -244.8869	   -244.8869	    255.1131	  1.00000000	  1.00000000
  -243.4812	   -243.4812	    256.5188	  1.00000000	  1.00000000
  -242.0836	   -242.0836	    257.9164	  1.00000000	  1.00000000
  -240.6940	   -240.6940	    259.3060	  1.00000000	  1.00000000
  -239.3124	   -239.3124	    260.6876	  1.00000000	  1.00000000
  -237.9388	   -237.9388	    262.0612	  1.00000000	  1.00000000
  -236.5730	   -236.5730	    263.4270	  1.00000000	  1.00000000
  -235.2151	   -235.2151	    264.7849	  1.00000000	  1.00000000
  -233.8649	   -233.8649	    266.1351	  1.00000000	  1.00000000
  -232.5225	   -232.5225	    267.4775	  1.00000000	  1.00000000
  -231.1878	   -231.1878	    268.8122	  1.00000000	  1.00000000
  -229.8608	   -229.8608	    270.1392	  1.00000000	  1.00000000
  -228.5414	   -228.5414	    271.4586	  1.00000000	  1.00000000
  -227.2295	   -227.2295	    272.7705	  1.00000000	  1.00000000
  -225.9252	   -225.9252	    274.0748	  1.00000000	  1.00000000
  -224.6284	   -224.6284	    275.3716	  1.00000000	  1.00000000
  -223.3390	   -223.3390	    276.6610	  1.00000000	  1.00000000
  -222.0571	   -222.0571	    277.9429	  1.00000000	  1.00000000
  -220.7824	   -220.7824	    279.2176	  1.00000000	  1.00000000
  -219.5151	   -219.5151	    280.4849	  1.00000000	  1.00000000
  -218.2551	   -218.2551	    281.7449	  1.00000000	  1.00000000
  -217.0023	   -217.0023	    282.9977	  1.00000000	  1.00000000
  -215.7567	   -215.7567	    284.2433	  1.00000000	  1.00000000
  -214.5182	   -214.5182	    285.4818	  1.00000000	  1.00000000
  -213.2869	   -213.2869	    286.7131	  1.00000000	  1.00000000
  -212.0626	   -212.0626	    287.9374	  1.00000000	  1.00000000
  -210.8454	   -210.8454	    289.1546	  1.00000000	  1.00000000
  -209.6351	   -209.6351	    290.3649	  1.00000000	  1.00000000
  -208.4318	   -208.4318	    291.5682	  1.00000000	  1.00000000
  -207.2354	   -207.2354	    292.7646	  1.00000000	  1.00000000
  -206.0458	   -206.0458	    293.9542	  1.00000000	  1.00000000
  -204.8631	   -204.8631	    295.1369	  1.00000000	  1.00000000
  -203.6872	   -203.6872	    296.3128	  1.00000000	  1.00000000
  -202.5180	   -202.5180	    297.4820	  1.00000000	  1.00000000
  -201.3555	   -201.3555	    298.6445	  1.00000000	  1.00000000
  -200.1997	   -200.1997	    299.8003	  1.00000000	  1.00000000
  -199.0506	   -199.0506	    300.9494	  1.00000000	  1.00000000
  -197.9080	   -197.9080	    302.0920	  1.00000000	  1.00000000
  -196.7720	   -196.7720	    303.2280	  1.00000000	  1.00000000
  -195.6425	   -195.6425	    304.3575	  1.00000000	  1.00000000
  -194.5195	   -194.5195	    305.4805	  1.00000000	  1.00000000
  -193.4030	   -193.4030	    306.5970	  1.00000000	  1.00000000
  -192.2928	   -192.2928	    307.7072	  1.00000000	  1.00000000
  -191.1890	   -191.1890	    308.8110	  1.00000000	  1.00000000
  -190.0916	   -190.0916	    309.9084	  1.00000000	  1.00000000
  -189.0005	   -189.0005	    310.9995	  1.00000000	  1.00000000
  -187.9156	   -187.9156	    312.0844	  1.00000000	  1.00000000
  -186.8369	   -186.8369	    313.1631	  1.00000000	  1.00000000
  -185.7645	   -185.7645	    314.2355	  1.00000000	  1.00000000
  -184.6982	   -184.6982	    315.3018	  1.00000000	  1.00000000
  -183.6380	   -183.6380	    316.3620	  1.00000000	  1.00000000
  -182.5839	   -182.5839	    317.4161	  1.00000000	  1.00000000
  -181.5358	   -181.5358	    318.4642	  1.00000000	  1.00000000
  -180.4938	   -180.4938	    319.5062	  1.00000000	  1.00000000
  -179.4578	   -179.4578	    320.5422	  1.00000000	  1.00000000
  -178.4277	   -178.4277	    321.5723	  1.00000000	  1.00000000
  -177.4035	   -177.4035	    322.5965	  1.00000000	  1.00000000
  -176.3852	   -176.3852	    323.6148	  1.00000000	  1.00000000
  -175.3727	   -175.3727	    324.6273	  1.00000000	  1.00000000
  -174.3660	   -174.3660	    325.6340	  1.00000000	  1.00000000
  -173.3652	   -173.3652	    326.6348	  1.00000000	  1.00000000
  -172.3700	   -172.3700	    327.6300	  1.00000000	  1.00000000
  -171.3806	   -171.3806	    328.6194	  1.00000000	  1.00000000
  -170.3969	   -170.3969	    329.6031	  1.00000000	  1.00000000
  -169.4188	   -169.4188	    330.5812	  1.00000000	  1.00000000
  -168.4463	   -168.4463	    331.5537	  1.00000000	  1.00000000
  -167.4794	   -167.4794	    332.5206	  1.00000000	  1.00000000
  -166.5180	   -166.5180	    333.4820	  1.00000000	  1.00000000
  -165.5622	   -165.5622	    334.4378	  1.00000000	  1.00000000
  -164.6119	   -164.6119	    335.3881	  1.00000000	  1.00000000
  -163.6670	   -163.6670	    336.3330	  1.00000000	  1.00000000
  -162.7275	   -162.7275	    337.2725	  1.00000000	  1.00000000
  -161.7934	   -161.7934	    338.2066	  1.00000000	  1.00000000
  -160.8647	   -160.8647	    339.1353	  1.00000000	  1.00000000
  -159.9414	   -159.9414	    340.0586	  1.00000000	  1.00000000
  -159.0233	   -159.0233	    340.9767	  1.00000000	  1.00000000
  -158.1105	   -158.1105	    341.8895	  1.00000000	  1.00000000
  -157.2029	   -157.2029	    342.7971	  1.00000000	  1.00000000
  -156.3005	   -156.3005	    343.6995	  1.00000000	  1.00000000
  -155.4033	   -155.4033	    344.5967	  1.00000000	  1.00000000
  -154.5113	   -154.5113	    345.4887	  1.00000000	  1.00000000
  -153.6244	   -153.6244	    346.3756	  1.00000000	  1.00000000
  -152.7426	   -152.7426	    347.2574	  1.00000000	  1.00000000
  -151.8658	   -151.8658	    348.1342	  1.00000000	  1.00000000
  -150.9941	   -150.9941	    349.0059	  1.00000000	  1.00000000
  -150.1274	   -150.1274	    349.8726	  1.00000000	  1.00000000
  -149.2656	   -149.2656	    350.7344	  1.00000000	  1.00000000
  -148.4088	   -148.4088	    351.5912	  1.00000000	  1.00000000
  -147.5569	   -147.5569	    352.4431	  1.00000000	  1.00000000
  -146.7099	   -146.7099	    353.2901	  1.00000000	  1.00000000
  -145.8678	   -145.8678	    354.1322	  1.00000000	  1.00000000
  -145.0305	   -145.0305	    354.9695	  1.00000000	  1.00000000
  -144.1980	   -144.1980	    355.8020	  1.00000000	  1.00000000
  -143.3703	   -143.3703	    356.6297	  1.00000000	  1.00000000
  -142.5473	   -142.5473	    357.4527	  1.00000000	  1.00000000
  -141.7291	   -141.7291	    358.2709	  1.00000000	  1.00000000
  -140.9156	   -140.9156	    359.0844	  1.00000000	  1.00000000
  -140.1067	   -140.1067	    359.8933	  1.00000000	  1.00000000
  -139.3025	   -139.3025	    360.6975	  1.00000000	  1.00000000
  -138.5028	   -138.5028	    361.4972	  1.00000000	  1.00000000
  -137.7078	   -137.7078	    362.2922	  1.00000000	  1.00000000
  -136.9174	   -136.9174	    363.0826	  1.00000000	  1.00000000
  -136.1314	   -136.1314	    363.8686	  1.00000000	  1.00000000
  -135.3500	   -135.3500	    364.6500	  1.00000000	  1.00000000
  -134.5731	   -134.5731	    365.4269	  1.00000000	  1.00000000
  -133.8006	   -133.8006	    366.1994	  1.00000000	  1.00000000
  -133.0326	   -133.0326	    366.9674	  1.00000000	  1.00000000
  -132.2690	   -132.2690	    367.7310	  1.00000000	  1.00000000
  -131.5097	   -131.5097	    368.4903	  1.00000000	  1.00000000
  -130.7548	   -130.7548	    369.2452	  1.00000000	  1.00000000
  -130.0043	   -130.0043	    369.9957	  1.00000000	  1.00000000
  -129.2580	   -129.2580	    370.7420	  1.00000000	  1.00000000
  -128.5161	   -128.5161	    371.4839	  1.00000000	  1.00000000
  -127.7784	   -127.7784	    372.2216	  1.00000000	  1.00000000
  -127.0449	   -127.0449	    372.9551	  1.00000000	  1.00000000
  -126.3156	   -126.3156	    373.6844	  1.00000000	  1.00000000
  -125.5906	   -125.5906	    374.4094	  1.00000000	  1.00000000
  -124.8697	   -124.8697	    375.1303	  1.00000000	  1.00000000
  -124.1529	   -124.1529	    375.8471	  1.00000000	  1.00000000
  -123.4402	   -123.4402	    376.5598	  1.00000000	  1.00000000
  -122.7317	   -122.7317	    377.2683	  1.00000000	  1.00000000
  -122.0272	   -122.0272	    377.9728	  1.00000000	  1.00000000
  -121.3267	   -121.3267	    378.6733	  1.00000000	  1.00000000
  -120.6303	   -120.6303	    379.3697	  1.00000000	  1.00000000
  -119.9378	   -119.9378	    380.0622	  1.00000000	  1.00000000
  -119.2494	   -119.2494	    380.7506	  1.00000000	  1.00000000
  -118.5649	   -118.5649	    381.4351	  1.00000000	  1.00000000
  -117.8843	   -117.8843	    382.1157	  1.00000000	  1.00000000
  -117.2076	   -117.2076	    382.7924	  1.00000000	  1.00000000
  -116.5348	   -116.5348	    383.4652	  1.00000000	  1.00000000
  -115.8659	   -115.8659	    384.1341	  1.00000000	  1.00000000
  -115.2008	   -115.2008	    384.7992	  1.00000000	  1.00000000
  -114.5395	   -114.5395	    385.4605	  1.00000000	  1.00000000
  -113.8821	   -113.8821	    386.1179	  1.00000000	  1.00000000
  -113.2283	   -113.2283	    386.7717	  1.00000000	  1.00000000
  -112.5784	   -112.5784	    387.4216	  1.00000000	  1.00000000
  -111.9322	   -111.9322	    388.0678	  1.00000000	  1.00000000
  -111.2897	   -111.2897	    388.7103	  1.00000000	  1.00000000
  -110.6508	   -110.6508	    389.3492	  1.00000000	  1.00000000
  -110.0157	   -110.0157	    389.9843	  1.00000000	  1.00000000
  -109.3842	   -109.3842	    390.6158	  1.00000000	  1.00000000
  -108.7563	   -108.7563	    391.2437	  1.00000000	  1.00000000
  -108.1320	   -108.1320	    391.8680	  1.00000000	  1.00000000
  -107.5113	   -107.5113	    392.4887	  1.00000000	  1.00000000
  -106.8942	   -106.8942	    393.1058	  1.00000000	  1.00000000
  -106.2806	   -106.2806	    393.7194	  1.00000000	  1.00000000
  -105.6705	   -105.6705	    394.3295	  1.00000000	  1.00000000
  -105.0639	   -105.0639	    394.9361	  1.00000000	  1.00000000
  -104.4609	   -104.4609	    395.5391	  1.00000000	  1.00000000
  -103.8612	   -103.8612	    396.1388	  1.00000000	  1.00000000
  -103.2650	   -103.2650	    396.7350	  1.00000000	  1.00000000
  -102.6723	   -102.6723	    397.3277	  1.00000000	  1.00000000
  -102.0829	   -102.0829	    397.9171	  1.00000000	  1.00000000
  -101.4969	   -101.4969	    398.5031	  1.00000000	  1.00000000
  -100.9143	   -100.9143	    399.0857	  1.00000000	  1.00000000
  -100.3351	   -100.3351	    399.6649	  1.00000000	  1.00000000
   -99.7591	    -99.7591	    400.2409	  1.00000000	  1.00000000
   -99.1865	    -99.1865	    400.8135	  1.00000000	  1.00000000
   -98.6171	    -98.6171	    401.3829	  1.00000000	  1.00000000
   -98.0510	    -98.0510	    401.9490	  1.00000000	  1.00000000
   -97.4882	    -97.4882	    402.5118	  1.00000000	  1.00000000
   -96.9286	    -96.9286	    403.0714	  1.00000000	  1.00000000
   -96.3722	    -96.3722	    403.6278	  1.00000000	  1.00000000
   -95.8190	    -95.8190	    404.1810	  1.00000000	  1.00000000
   -95.2690	    -95.2690	    404.7310	  1.00000000	  1.00000000
   -94.7221	    -94.7221	    405.2779	  1.00000000	  1.00000000
   -94.1784	    -94.1784	    405.8216	  1.00000000	  1.00000000
   -93.6378	    -93.6378	    406.3622	  1.00000000	  1.00000000
   -93.1003	    -93.1003	    406.8997	  1.00000000	  1.00000000
   -92.5659	    -92.5659	    407.4341	  1.00000000	  1.00000000
   -92.0345	    -92.0345	    407.9655	  1.00000000	  1.00000000
   -91.5062	    -91.5062	    408.4938	  1.00000000	  1.00000000
   -90.9810	    -90.9810	    409.0190	  1.00000000	  1.00000000
   -90.4587	    -90.4587	    409.5413	  1.00000000	  1.00000000
   -89.9394	    -89.9394	    410.0606	  1.00000000	  1.00000000
   -89.4232	    -89.4232	    410.5768	  1.00000000	  1.00000000
   -88.9099	    -88.9099	    411.0901	  1.00000000	  1.00000000
   -88.3995	    -88.3995	    411.6005	  1.00000000	  1.00000000
   -87.8921	    -87.8921	    412.1079	  1.00000000	  1.00000000
   -87.3875	    -87.3875	    412.6125	  1.00000000	  1.00000000
   -86.8859	    -86.8859	    413.1141	  1.00000000	  1.00000000
   -86.3872	    -86.3872	    413.6128	  1.00000000	  1.00000000
   -85.8913	    -85.8913	    414.1087	  1.00000000	  1.00000000
   -85.3982	    -85.3982	    414.6018	  1.00000000	  1.00000000
   -84.9080	    -84.9080	    415.0920	  1.00000000	  1.00000000
   -84.4206	    -84.4206	    415.5794	  1.00000000	  1.00000000
   -83.9360	    -83.9360	    416.0640	  1.00000000	  1.00000000
   -83.4542	    -83.4542	    416.5458	  1.00000000	  1.00000000
   -82.9752	    -82.9752	    417.0248	  1.00000000	  1.00000000
   -82.4989	    -82.4989	    417.5011	  1.00000000	  1.00000000
   -82.0253	    -82.0253	    417.9747	  1.00000000	  1.00000000
   -81.5545	    -81.5545	    418.4455	  1.00000000	  1.00000000
   -81.0863	    -81.0863	    418.9137	  1.00000000	  1.00000000
   -80.6209	    -80.6209	    419.3791	  1.00000000	  1.00000000
   -80.1581	    -80.1581	    419.8419	  1.00000000	  1.00000000
   -79.6979	    -79.6979	    420.3021	  1.00000000	  1.00000000
   -79.2405	    -79.2405	    420.7595	  1.00000000	  1.00000000
   -78.7856	    -78.7856	    421.2144	  1.00000000	  1.00000000
   -78.3333	    -78.3333	    421.6667	  1.00000000	  1.00000000
   -77.8837	    -77.8837	    422.1163	  1.00000000	  1.00000000
   -77.4366	    -77.4366	    422.5634	  1.00000000	  1.00000000
   -76.9921	    -76.9921	    423.0079	  1.00000000	  1.00000000
   -76.5501	    -76.5501	    423.4499	  1.00000000	  1.00000000
   -76.1107	    -76.1107	    423.8893	  1.00000000	  1.00000000
   -75.6738	    -75.6738	    424.3262	  1.00000000	  1.00000000
   -75.2394	    -75.2394	    424.7606	  1.00000000	  1.00000000
   -74.8075	    -74.8075	    425.1925	  1.00000000	  1.00000000
   -74.3781	    -74.3781	    425.6219	  1.00000000	  1.00000000
   -73.9512	    -73.9512	    426.0488	  1.00000000	  1.00000000
   -73.5267	    -73.5267	    426.4733	  1.00000000	  1.00000000
   -73.1046	    -73.1046	    426.8954	  1.00000000	  1.00000000
   -72.6849	    -72.6849	    427.3151	  1.00000000	  1.00000000
   -72.2677	    -72.2677	    427.7323	  1.00000000	  1.00000000
   -71.8529	    -71.8529	    428.1471	  1.00000000	  1.00000000
   -71.4404	    -71.4404	    428.5596	  1.00000000	  1.00000000
   -71.0303	    -71.0303	    428.9697	  1.00000000	  1.00000000
   -70.6226	    -70.6226	    429.3774	  1.00000000	  1.00000000
   -70.2172	    -70.2172	    429.7828	  1.00000000	  1.00000000
   -69.8141	    -69.8141	    430.1859	  1.00000000	  1.00000000
   -69.4134	    -69.4134	    430.5866	  1.00000000	  1.00000000
   -69.0149	    -69.0149	    430.9851	  1.00000000	  1.00000000
   -68.6187	    -68.6187	    431.3813	  1.00000000	  1.00000000
   -68.2248	    -68.2248	    431.7752	  1.00000000	  1.00000000
   -67.8332	    -67.8332	    432.1668	  1.00000000	  1.00000000
   -67.4438	    -67.4438	    432.5562	  1.00000000	  1.00000000
   -67.0567	    -67.0567	    432.9433	  1.00000000	  1.00000000
   -66.6717	    -66.6717	    433.3283	  1.00000000	  1.00000000
   -66.2890	    -66.2890	    433.7110	  1.00000000	  1.00000000
   -65.9085	    -65.9085	    434.0915	  1.00000000	  1.00000000
   -65.5302	    -65.5302	    434.4698	  1.00000000	  1.00000000
   -65.1540	    -65.1540	    434.8460	  1.00000000	  1.00000000
   -64.7800	    -64.7800	    435.2200	  1.00000000	  1.00000000
   -64.4081	    -64.4081	    435.5919	  1.00000000	  1.00000000
   -64.0384	    -64.0384	    435.9616	  1.00000000	  1.00000000
   -63.6708	    -63.6708	    436.3292	  1.00000000	  1.00000000
   -63.3053	    -63.3053	    436.6947	  1.00000000	  1.00000000
   -62.9419	    -62.9419	    437.0581	  1.00000000	  1.00000000
   -62.5806	    -62.5806	    437.4194	  1.00000000	  1.00000000
   -62.2214	    -62.2214	    437.7786	  1.00000000	  1.00000000
   -61.8642	    -61.8642	    438.1358	  1.00000000	  1.00000000
   -61.5091	    -61.5091	    438.4909	  1.00000000	  1.00000000
   -61.1560	    -61.1560	    438.8440	  1.00000000	  1.00000000
   -60.8049	    -60.8049	    439.1951	  1.00000000	  1.00000000
   -60.4559	    -60.4559	    439.5441	  1.00000000	  1.00000000
   -60.1088	    -60.1088	    439.8912	  1.00000000	  1.00000000
   -59.7638	    -59.7638	    440.2362	  1.00000000	  1.00000000
   -59.4207	    -59.4207	    440.5793	  1.00000000	  1.00000000
   -59.0796	    -59.0796	    440.9204	  1.00000000	  1.00000000
   -58.7405	    -58.7405	    441.2595	  1.00000000	  1.00000000
   -58.4033	    -58.4033	    441.5967	  1.00000000	  1.00000000
   -58.0680	    -58.0680	    441.9320	  1.00000000	  1.00000000
   -57.7347	    -57.7347	    442.2653	  1.00000000	  1.00000000
   -57.4033	    -57.4033	    442.5967	  1.00000000	  1.00000000
   -57.0737	    -57.0737	    442.9263	  1.00000000	  1.00000000
   -56.7461	    -56.7461	    443.2539	  1.00000000	  1.00000000
   -56.4204	    -56.4204	    443.5796	  1.00000000	  1.00000000
   -56.0965	    -56.0965	    443.9035	  1.00000000	  1.00000000
   -55.7745	    -55.7745	    444.2255	  1.00000000	  1.00000000
   -55.4543	    -55.4543	    444.5457	  1.00000000	  1.00000000
   -55.1360	    -55.1360	    444.8640	  1.00000000	  1.00000000
   -54.8195	    -54.8195	    445.1805	  1.00000000	  1.00000000
   -54.5048	    -54.5048	    445.4952	  1.00000000	  1.00000000
   -54.1919	    -54.1919	    445.8081	  1.00000000	  1.00000000
   -53.8808	    -53.8808	    446.1192	  1.00000000	  1.00000000
   -53.5715	    -53.5715	    446.4285	  1.00000000	  1.00000000
   -53.2640	    -53.2640	    446.7360	  1.00000000	  1.00000000
   -52.9582	    -52.9582	    447.0418	  1.00000000	  1.00000000
   -52.6542	    -52.6542	    447.3458	  1.00000000	  1.00000000
   -52.3520	    -52.3520	    447.6480	  1.00000000	  1.00000000
   -52.0514	    -52.0514	    447.9486	  1.00000000	  1.00000000
   -51.7526	    -51.7526	    448.2474	  1.00000000	  1.00000000
   -51.4555	    -51.4555	    448.5445	  1.00000000	  1.00000000
   -51.1602	    -51.1602	    448.8398	  1.00000000	  1.00000000
   -50.8665	    -50.8665	    449.1335	  1.00000000	  1.00000000
   -50.5745	    -50.5745	    449.4255	  1.00000000	  1.00000000
   -50.2842	    -50.2842	    449.7158	  1.00000000	  1.00000000
   -49.9955	    -49.9955	    450.0045	  1.00000000	  1.00000000
   -49.7085	    -49.7085	    450.2915	  1.00000000	  1.00000000
   -49.4231	    -49.4231	    450.5769	  1.00000000	  1.00000000
   -49.1394	    -49.1394	    450.8606	  1.00000000	  1.00000000
   -48.8573	    -48.8573	    451.1427	  1.00000000	  1.00000000
   -48.5769	    -48.5769	    451.4231	  1.00000000	  1.00000000
   -48.2980	    -48.2980	    451.7020	  1.00000000	  1.00000000
   -48.0208	    -48.0208	    451.9792	  1.00000000	  1.00000000
   -47.7451	    -47.7451	    452.2549	  1.00000000	  1.00000000
   -47.4710	    -47.4710	    452.5290	  1.00000000	  1.00000000
   -47.1985	    -47.1985	    452.8015	  1.00000000	  1.00000000
   -46.9276	    -46.9276	    453.0724	  1.00000000	  1.00000000
   -46.6582	    -46.6582	    453.3418	  1.00000000	  1.00000000
   -46.3903	    -46.3903	    453.6097	  1.00000000	  1.00000000
   -46.1240	    -46.1240	    453.8760	  1.00000000	  1.00000000
   -45.8593	    -45.8593	    454.1407	  1.00000000	  1.00000000
   -45.5960	    -45.5960	    454.4040	  1.00000000	  1.00000000
   -45.3343	    -45.3343	    454.6657	  1.00000000	  1.00000000
   -45.0740	    -45.0740	    454.9260	  1.00000000	  1.00000000
   -44.8153	    -44.8153	    455.1847	  1.00000000	  1.00000000
   -44.5580	    -44.5580	    455.4420	  1.00000000	  1.00000000
   -44.3022	    -44.3022	    455.6978	  1.00000000	  1.00000000
   -44.0479	    -44.0479	    455.9521	  1.00000000	  1.00000000
   -43.7950	    -43.7950	    456.2050	  1.00000000	  1.00000000
   -43.5436	    -43.5436	    456.4564	  1.00000000	  1.00000000
   -43.2936	    -43.2936	    456.7064	  1.00000000	  1.00000000
   -43.0451	    -43.0451	    456.9549	  1.00000000	  1.00000000
   -42.7980	    -42.7980	    457.2020	  1.00000000	  1.00000000
   -42.5523	    -42.5523	    457.4477	  1.00000000	  1.00000000
   -42.3081	    -42.3081	    457.6919	  1.00000000	  1.00000000
   -42.0652	    -42.0652	    457.9348	  1.00000000	  1.00000000
   -41.8237	    -41.8237	    458.1763	  1.00000000	  1.00000000
   -41.5836	    -41.5836	    458.4164	  1.00000000	  1.00000000
   -41.3449	    -41.3449	    458.6551	  1.00000000	  1.00000000
   -41.1075	    -41.1075	    458.8925	  1.00000000	  1.00000000
   -40.8716	    -40.8716	    459.1284	  1.00000000	  1.00000000
   -40.6369	    -40.6369	    459.3631	  1.00000000	  1.00000000
   -40.4037	    -40.4037	    459.5963	  1.00000000	  1.00000000
   -40.1717	    -40.1717	    459.8283	  1.00000000	  1.00000000
   -39.9411	    -39.9411	    460.0589	  1.00000000	  1.00000000
   -39.7118	    -39.7118	    460.2882	  1.00000000	  1.00000000
   -39.4838	    -39.4838	    460.5162	  1.00000000	  1.00000000
   -39.2572	    -39.2572	    460.7428	  1.00000000	  1.00000000
   -39.0318	    -39.0318	    460.9682	  1.00000000	  1.00000000
   -38.8077	    -38.8077	    461.1923	  1.00000000	  1.00000000
   -38.5850	    -38.5850	    461.4150	  1.00000000	  1.00000000
   -38.3635	    -38.3635	    461.6365	  1.00000000	  1.00000000
   -38.1432	    -38.1432	    461.8568	  1.00000000	  1.00000000
   -37.9243	    -37.9243	    462.0757	  1.00000000	  1.00000000
   -37.7065	    -37.7065	    462.2935	  1.00000000	  1.00000000
   -37.4901	    -37.4901	    462.5099	  1.00000000	  1.00000000
   -37.2749	    -37.2749	    462.7251	  1.00000000	  1.00000000
   -37.0609	    -37.0609	    462.9391	  1.00000000	  1.00000000
   -36.8481	    -36.8481	    463.1519	  1.00000000	  1.00000000
   -36.6366	    -36.6366	    463.3634	  1.00000000	  1.00000000
   -36.4263	    -36.4263	    463.5737	  1.00000000	  1.00000000
   -36.2172	    -36.2172	    463.7828	  1.00000000	  1.00000000
   -36.0092	    -36.0092	    463.9908	  1.00000000	  1.00000000
   -35.8025	    -35.8025	    464.1975	  1.00000000	  1.00000000
   -35.5970	    -35.5970	    464.4030	  1.00000000	  1.00000000
   -35.3926	    -35.3926	    464.6074	  1.00000000	  1.00000000
   -35.1895	    -35.1895	    464.8105	  1.00000000	  1.00000000
   -34.9874	    -34.9874	    465.0126	  1.00000000	  1.00000000
   -34.7866	    -34.7866	    465.2134	  1.00000000	  1.00000000
   -34.5869	    -34.5869	    465.4131	  1.00000000	  1.00000000
   -34.3883	    -34.3883	    465.6117	  1.00000000	  1.00000000
   -34.1909	    -34.1909	    465.8091	  1.00000000	  1.00000000
   -33.9946	    -33.9946	    466.0054	  1.00000000	  1.00000000
   -33.7995	    -33.7995	    466.2005	  1.00000000	  1.00000000
   -33.6055	    -33.6055	    466.3945	  1.00000000	  1.00000000
   -33.4125	    -33.4125	    466.5875	  1.00000000	  1.00000000
   -33.2207	    -33.2207	    466.7793	  1.00000000	  1.00000000
   -33.0300	    -33.0300	    466.9700	  1.00000000	  1.00000000
   -32.8404	    -32.8404	    467.1596	  1.00000000	  1.00000000
   -32.6519	    -32.6519	    467.3481	  1.00000000	  1.00000000
   -32.4644	    -32.4644	    467.5356	  1.00000000	  1.00000000
   -32.2780	    -32.2780	    467.7220	  1.00000000	  1.00000000
   -32.0927	    -32.0927	    467.9073	  1.00000000	  1.00000000
   -31.9085	    -31.9085	    468.0915	  1.00000000	  1.00000000
   -31.7253	    -31.7253	    468.2747	  1.00000000	  1.00000000
   -31.5432	    -31.5432	    468.4568	  1.00000000	  1.00000000
   -31.3621	    -31.3621	    468.6379	  1.00000000	  1.00000000
   -31.1821	    -31.1821	    468.8179	  1.00000000	  1.00000000
   -31.0030	    -31.0030	    468.9970	  1.00000000	  1.00000000
   -30.8251	    -30.8251	    469.1749	  1.00000000	  1.00000000
   -30.6481	    -30.6481	    469.3519	  1.00000000	  1.00000000
   -30.4721	    -30.4721	    469.5279	  1.00000000	  1.00000000
   -30.2972	    -30.2972	    469.7028	  1.00000000	  1.00000000
   -30.1233	    -30.1233	    469.8767	  1.00000000	  1.00000000
   -29.9503	    -29.9503	    470.0497	  1.00000000	  1.00000000
   -29.7784	    -29.7784	    470.2216	  1.00000000	  1.00000000
   -29.6075	    -29.6075	    470.3925	  1.00000000	  1.00000000
   -29.4375	    -29.4375	    470.5625	  1.00000000	  1.00000000
   -29.2685	    -29.2685	    470.7315	  1.00000000	  1.00000000
   -29.1005	    -29.1005	    470.8995	  1.00000000	  1.00000000
   -28.9334	    -28.9334	    471.0666	  1.00000000	  1.00000000
   -28.7673	    -28.7673	    471.2327	  1.00000000	  1.00000000
   -28.6021	    -28.6021	    471.3979	  1.00000000	  1.00000000
   -28.4379	    -28.4379	    471.5621	  1.00000000	  1.00000000
   -28.2747	    -28.2747	    471.7253	  1.00000000	  1.00000000
   -28.1123	    -28.1123	    471.8877	  1.00000000	  1.00000000
   -27.9510	    -27.9510	    472.0490	  1.00000000	  1.00000000
   -27.7905	    -27.7905	    472.2095	  1.00000000	  1.00000000
   -27.6309	    -27.6309	    472.3691	  1.00000000	  1.00000000
   -27.4723	    -27.4723	    472.5277	  1.00000000	  1.00000000
   -27.3146	    -27.3146	    472.6854	  1.00000000	  1.00000000
   -27.1578	    -27.1578	    472.8422	  1.00000000	  1.00000000
   -27.0019	    -27.0019	    472.9981	  1.00000000	  1.00000000
   -26.8469	    -26.8469	    473.1531	  1.00000000	  1.00000000
   -26.6927	    -26.6927	    473.3073	  1.00000000	  1.00000000
   -26.5395	    -26.5395	    473.4605	  1.00000000	  1.00000000
   -26.3871	    -26.3871	    473.6129	  1.00000000	  1.00000000
   -26.2356	    -26.2356	    473.7644	  1.00000000	  1.00000000
   -26.0850	    -26.0850	    473.9150	  1.00000000	  1.00000000
   -25.9353	    -25.9353	    474.0647	  1.00000000	  1.00000000
   -25.7864	    -25.7864	    474.2136	  1.00000000	  1.00000000
   -25.6383	    -25.6383	    474.3617	  1.00000000	  1.00000000
   -25.4911	    -25.4911	    474.5089	  1.00000000	  1.00000000
   -25.3448	    -25.3448	    474.6552	  1.00000000	  1.00000000
   -25.1993	    -25.1993	    474.8007	  1.00000000	  1.00000000
   -25.0546	    -25.0546	    474.9454	  1.00000000	  1.00000000
   -24.9108	    -24.9108	    475.0892	  1.00000000	  1.00000000
   -24.7678	    -24.7678	    475.2322	  1.00000000	  1.00000000
   -24.6256	    -24.6256	    475.3744	  1.00000000	  1.00000000
   -24.4842	    -24.4842	    475.5158	  1.00000000	  1.00000000
   -24.3436	    -24.3436	    475.6564	  1.00000000	  1.00000000
   -24.2039	    -24.2039	    475.7961	  1.00000000	  1.00000000
   -24.0649	    -24.0649	    475.9351	  1.00000000	  1.00000000
   -23.9267	    -23.9267	    476.0733	  1.00000000	  1.00000000
   -23.7894	    -23.7894	    476.2106	  1.00000000	  1.00000000
   -23.6528	    -23.6528	    476.3472	  1.00000000	  1.00000000
   -23.5170	    -23.5170	    476.4830	  1.00000000	  1.00000000
   -23.3820	    -23.3820	    476.6180	  1.00000000	  1.00000000
   -23.2478	    -23.2478	    476.7522	  1.00000000	  1.00000000
   -23.1143	    -23.1143	    476.8857	  1.00000000	  1.00000000
   -22.9816	    -22.9816	    477.0184	  1.00000000	  1.00000000
   -22.8496	    -22.8496	    477.1504	  1.00000000	  1.00000000
   -22.7185	    -22.7185	    477.2815	  1.00000000	  1.00000000
   -22.5880	    -22.5880	    477.4120	  1.00000000	  1.00000000
   -22.4583	    -22.4583	    477.5417	  1.00000000	  1.00000000
   -22.3294	    -22.3294	    477.6706	  1.00000000	  1.00000000
   -22.2012	    -22.2012	    477.7988	  1.00000000	  1.00000000
   -22.0737	    -22.0737	    477.9263	  1.00000000	  1.00000000
   -21.9470	    -21.9470	    478.0530	  1.00000000	  1.00000000
   -21.8210	    -21.8210	    478.1790	  1.00000000	  1.00000000
   -21.6957	    -21.6957	    478.3043	  1.00000000	  1.00000000
   -21.5712	    -21.5712	    478.4288	  1.00000000	  1.00000000
   -21.4473	    -21.4473	    478.5527	  1.00000000	  1.00000000
   -21.3242	    -21.3242	    478.6758	  1.00000000	  1.00000000
   -21.2018	    -21.2018	    478.7982	  1.00000000	  1.00000000
   -21.0800	    -21.0800	    478.9200	  1.00000000	  1.00000000
   -20.9590	    -20.9590	    479.0410	  1.00000000	  1.00000000
   -20.8387	    -20.8387	    479.1613	  1.00000000	  1.00000000
   -20.7190	    -20.7190	    479.2810	  1.00000000	  1.00000000
   -20.6001	    -20.6001	    479.3999	  1.00000000	  1.00000000
   -20.4818	    -20.4818	    479.5182	  1.00000000	  1.00000000
   -20.3642	    -20.3642	    479.6358	  1.00000000	  1.00000000
   -20.2473	    -20.2473	    479.7527	  1.00000000	  1.00000000
   -20.1311	    -20.1311	    479.8689	  1.00000000	  1.00000000
   -20.0155	    -20.0155	    479.9845	  1.00000000	  1.00000000
   -19.9006	    -19.9006	    480.0994	  1.00000000	  1.00000000
   -19.7863	    -19.7863	    480.2137	  1.00000000	  1.00000000
   -19.6727	    -19.6727	    480.3273	  1.00000000	  1.00000000
   -19.5598	    -19.5598	    480.4402	  1.00000000	  1.00000000
   -19.4475	    -19.4475	    480.5525	  1.00000000	  1.00000000
   -19.3358	    -19.3358	    480.6642	  1.00000000	  1.00000000
   -19.2248	    -19.2248	    480.7752	  1.00000000	  0.99999999
   -19.1144	    -19.1144	    480.8856	  1.00000000	  0.99999999
   -19.0047	    -19.0047	    480.9953	  1.00000000	  0.99999999
   -18.8955	    -18.8955	    481.1045	  1.00000000	  0.99999999
   -18.7871	    -18.7871	    481.2129	  1.00000000	  0.99999999
   -18.6792	    -18.6792	    481.3208	  1.00000000	  0.99999999
   -18.5719	    -18.5719	    481.4281	  1.00000000	  0.99999999
   -18.4653	    -18.4653	    481.5347	  1.00000000	  0.99999999
   -18.3593	    -18.3593	    481.6407	  1.00000000	  0.99999999
   -18.2539	    -18.2539	    481.7461	  1.00000000	  0.99999999
   -18.1491	    -18.1491	    481.8509	  1.00000000	  0.99999998
   -18.0449	    -18.0449	    481.9551	  1.00000000	  0.99999998
   -17.9413	    -17.9413	    482.0587	  1.00000000	  0.99999998
   -17.8383	    -17.8383	    482.1617	  1.00000000	  0.99999998
   -17.7358	    -17.7358	    482.2642	  1.00000000	  0.99999998
   -17.6340	    -17.6340	    482.3660	  1.00000000	  0.99999997
   -17.5328	    -17.5328	    482.4672	  1.00000000	  0.99999997
   -17.4321	    -17.4321	    482.5679	  1.00000000	  0.99999997
   -17.3320	    -17.3320	    482.6680	  1.00000000	  0.99999996
   -17.2325	    -17.2325	    482.7675	  1.00000000	  0.99999996
   -17.1336	    -17.1336	    482.8664	  1.00000000	  0.99999996
   -17.0352	    -17.0352	    482.9648	  1.00000000	  0.99999995
   -16.9374	    -16.9374	    483.0626	  1.00000000	  0.99999995
   -16.8401	    -16.8401	    483.1599	  1.00000000	  0.99999994
   -16.7434	    -16.7434	    483.2566	  1.00000000	  0.99999994
   -16.6473	    -16.6473	    483.3527	  1.00000000	  0.99999993
   -16.5517	    -16.5517	    483.4483	  1.00000000	  0.99999992
   -16.4567	    -16.4567	    483.5433	  1.00000000	  0.99999991
   -16.3622	    -16.3622	    483.6378	  1.00000000	  0.99999991
   -16.2683	    -16.2683	    483.7317	  1.00000000	  0.99999990
   -16.1748	    -16.1748	    483.8252	  1.00000000	  0.99999989
   -16.0820	    -16.0820	    483.9180	  1.00000000	  0.99999987
   -15.9896	    -15.9896	    484.0104	  1.00000000	  0.99999986
   -15.8978	    -15.8978	    484.1022	  1.00000000	  0.99999985
   -15.8065	    -15.8065	    484.1935	  1.00000000	  0.99999984
   -15.7158	    -15.7158	    484.2842	  1.00000000	  0.99999982
   -15.6256	    -15.6256	    484.3744	  1.00000000	  0.99999980
   -15.5358	    -15.5358	    484.4642	  1.00000000	  0.99999978
   -15.4466	    -15.4466	    484.5534	  1.00000000	  0.99999976
   -15.3579	    -15.3579	    484.6421	  1.00000000	  0.99999974
   -15.2698	    -15.2698	    484.7302	  1.00000000	  0.99999972
   -15.1821	    -15.1821	    484.8179	  1.00000000	  0.99999969
   -15.0949	    -15.0949	    484.9051	  1.00000000	  0.99999966
   -15.0082	    -15.0082	    484.9918	  1.00000000	  0.99999963
   -14.9221	    -14.9221	    485.0779	  1.00000000	  0.99999960
   -14.8364	    -14.8364	    485.1636	  1.00000000	  0.99999957
   -14.7512	    -14.7512	    485.2488	  1.00000000	  0.99999953
   -14.6665	    -14.6665	    485.3335	  1.00000000	  0.99999949
   -14.5823	    -14.5823	    485.4177	  1.00000000	  0.99999944
   -14.4986	    -14.4986	    485.5014	  1.00000000	  0.99999939
   -14.4153	    -14.4153	    485.5847	  1.00000000	  0.99999934
   -14.3325	    -14.3325	    485.6675	  1.00000000	  0.99999928
   -14.2502	    -14.2502	    485.7498	  1.00000000	  0.99999922
   -14.1684	    -14.1684	    485.8316	  1.00000000	  0.99999916
   -14.0871	    -14.0871	    485.9129	  1.00000000	  0.99999908
   -14.0062	    -14.0062	    485.9938	  1.00000000	  0.99999901
   -13.9257	    -13.9257	    486.0743	  1.00000000	  0.99999892
   -13.8458	    -13.8458	    486.1542	  1.00000000	  0.99999883
   -13.7663	    -13.7663	    486.2337	  1.00000000	  0.99999874
   -13.6872	    -13.6872	    486.3128	  1.00000000	  0.99999863
   -13.6086	    -13.6086	    486.3914	  1.00000000	  0.99999852
   -13.5305	    -13.5305	    486.4695	  1.00000000	  0.99999840
   -13.4528	    -13.4528	    486.5472	  1.00000000	  0.99999827
   -13.3756	    -13.3756	    486.6244	  1.00000000	  0.99999814
   -13.2988	    -13.2988	    486.7012	  1.00000000	  0.99999799
   -13.2224	    -13.2224	    486.7776	  1.00000000	  0.99999783
   -13.1465	    -13.1465	    486.8535	  1.00000000	  0.99999766
   -13.0710	    -13.0710	    486.9290	  1.00000000	  0.99999748
   -12.9959	    -12.9959	    487.0041	  1.00000000	  0.99999728
   -12.9213	    -12.9213	    487.0787	  1.00000000	  0.99999707
   -12.8471	    -12.8471	    487.1529	  1.00000000	  0.99999684
   -12.7733	    -12.7733	    487.2267	  1.00000000	  0.99999660
   -12.7000	    -12.7000	    487.3000	  1.00000000	  0.99999634
   -12.6271	    -12.6271	    487.3729	  1.00000000	  0.99999607
   -12.5546	    -12.5546	    487.4454	  1.00000000	  0.99999577
   -12.4825	    -12.4825	    487.5175	  1.00000000	  0.99999546
   -12.4108	    -12.4108	    487.5892	  1.00000000	  0.99999512
   -12.3395	    -12.3395	    487.6605	  1.00000000	  0.99999476
   -12.2687	    -12.2687	    487.7313	  1.00000000	  0.99999438
   -12.1982	    -12.1982	    487.8018	  1.00000000	  0.99999397
   -12.1282	    -12.1282	    487.8718	  1.00000000	  0.99999353
   -12.0585	    -12.0585	    487.9415	  1.00000000	  0.99999307
   -11.9893	    -11.9893	    488.0107	  1.00000000	  0.99999257
   -11.9204	    -11.9204	    488.0796	  1.00000000	  0.99999204
   -11.8520	    -11.8520	    488.1480	  1.00000000	  0.99999148
   -11.7839	    -11.7839	    488.2161	  1.00000000	  0.99999088
   -11.7163	    -11.7163	    488.2837	  1.00000000	  0.99999025
   -11.6490	    -11.6490	    488.3510	  1.00000000	  0.99998957
   -11.5821	    -11.5821	    488.4179	  1.00000000	  0.99998885
   -11.5156	    -11.5156	    488.4844	  1.00000000	  0.99998808
   -11.4495	    -11.4495	    488.5505	  1.00000000	  0.99998727
   -11.3837	    -11.3837	    488.6163	  1.00000000	  0.99998641
   -11.3183	    -11.3183	    488.6817	  1.00000000	  0.99998549
   -11.2533	    -11.2533	    488.7467	  1.00000000	  0.99998452
   -11.1887	    -11.1887	    488.8113	  1.00000000	  0.99998349
   -11.1245	    -11.1245	    488.8755	  1.00000000	  0.99998239
   -11.0606	    -11.0606	    488.9394	  1.00000000	  0.99998123
   -10.9971	    -10.9971	    489.0029	  1.00000000	  0.99998001
   -10.9339	    -10.9339	    489.0661	  1.00000000	  0.99997871
   -10.8711	    -10.8711	    489.1289	  1.00000000	  0.99997733
   -10.8087	    -10.8087	    489.1913	  1.00000000	  0.99997587
   -10.7466	    -10.7466	    489.2534	  1.00000000	  0.99997433
   -10.6849	    -10.6849	    489.3151	  1.00000000	  0.99997270
   -10.6236	    -10.6236	    489.3764	  1.00000000	  0.99997097
   -10.5626	    -10.5626	    489.4374	  1.00000000	  0.99996915
   -10.5019	    -10.5019	    489.4981	  1.00000000	  0.99996723
   -10.4416	    -10.4416	    489.5584	  1.00000000	  0.99996519
   -10.3816	    -10.3816	    489.6184	  1.00000000	  0.99996305
   -10.3220	    -10.3220	    489.6780	  1.00000000	  0.99996078
   -10.2627	    -10.2627	    489.7373	  1.00000000	  0.99995839
   -10.2038	    -10.2038	    489.7962	  1.00000000	  0.99995587
   -10.1452	    -10.1452	    489.8548	  1.00000000	  0.99995321
   -10.0869	    -10.0869	    489.9131	  1.00000000	  0.99995041
   -10.0290	    -10.0290	    489.9710	  1.00000000	  0.99994746
    -9.9714	     -9.9714	    490.0286	  1.00000000	  0.99994435
    -9.9141	     -9.9141	    490.0859	  1.00000000	  0.99994108
    -9.8572	     -9.8572	    490.1428	  1.00000000	  0.99993763
    -9.8006	     -9.8006	    490.1994	  1.00000000	  0.99993400
    -9.7443	     -9.7443	    490.2557	  1.00000000	  0.99993019
    -9.6884	     -9.6884	    490.3116	  1.00000000	  0.99992618
    -9.6327	     -9.6327	    490.3673	  1.00000000	  0.99992197
    -9.5774	     -9.5774	    490.4226	  1.00000000	  0.99991753
    -9.5224	     -9.5224	    490.4776	  1.00000000	  0.99991288
    -9.4677	     -9.4677	    490.5323	  1.00000000	  0.99990799
    -9.4133	     -9.4133	    490.5867	  1.00000000	  0.99990286
    -9.3593	     -9.3593	    490.6407	  1.00000000	  0.99989748
    -9.3055	     -9.3055	    490.6945	  1.00000000	  0.99989182
    -9.2521	     -9.2521	    490.7479	  1.00000000	  0.99988590
    -9.1990	     -9.1990	    490.8010	  1.00000000	  0.99987968
    -9.1461	     -9.1461	    490.8539	  1.00000000	  0.99987316
    -9.0936	     -9.0936	    490.9064	  1.00000000	  0.99986634
    -9.0414	     -9.0414	    490.9586	  1.00000000	  0.99985918
    -8.9894	     -8.9894	    491.0106	  1.00000000	  0.99985169
    -8.9378	     -8.9378	    491.0622	  1.00000000	  0.99984385
    -8.8865	     -8.8865	    491.1135	  1.00000000	  0.99983564
    -8.8354	     -8.8354	    491.1646	  1.00000000	  0.99982705
    -8.7847	     -8.7847	    491.2153	  1.00000000	  0.99981806
    -8.7343	     -8.7343	    491.2657	  1.00000000	  0.99980866
    -8.6841	     -8.6841	    491.3159	  1.00000000	  0.99979884
    -8.6342	     -8.6342	    491.3658	  1.00000000	  0.99978857
    -8.5846	     -8.5846	    491.4154	  1.00000000	  0.99977784
    -8.5353	     -8.5353	    491.4647	  1.00000000	  0.99976663
    -8.4863	     -8.4863	    491.5137	  1.00000000	  0.99975492
    -8.4376	     -8.4376	    491.5624	  1.00000000	  0.99974270
    -8.3891	     -8.3891	    491.6109	  1.00000000	  0.99972995
    -8.3409	     -8.3409	    491.6591	  1.00000000	  0.99971665
    -8.2930	     -8.2930	    491.7070	  1.00000000	  0.99970276
    -8.2454	     -8.2454	    491.7546	  1.00000000	  0.99968829
    -8.1980	     -8.1980	    491.8020	  1.00000000	  0.99967320
    -8.1509	     -8.1509	    491.8491	  1.00000000	  0.99965747
    -8.1041	     -8.1041	    491.8959	  1.00000000	  0.99964108
    -8.0576	     -8.0576	    491.9424	  1.00000000	  0.99962401
    -8.0113	     -8.0113	    491.9887	  1.00000000	  0.99960624
    -7.9653	     -7.9653	    492.0347	  1.00000000	  0.99958773
    -7.9195	     -7.9195	    492.0805	  1.00000000	  0.99956846
    -7.8741	     -7.8741	    492.1259	  1.00000000	  0.99954841
    -7.8288	     -7.8288	    492.1712	  1.00000000	  0.99952756
    -7.7839	     -7.7839	    492.2161	  1.00000000	  0.99950587
    -7.7392	     -7.7392	    492.2608	  1.00000000	  0.99948332
    -7.6947	     -7.6947	    492.3053	  1.00000000	  0.99945987
    -7.6505	     -7.6505	    492.3495	  1.00000000	  0.99943551
    -7.6066	     -7.6066	    492.3934	  1.00000000	  0.99941020
    -7.5629	     -7.5629	    492.4371	  1.00000000	  0.99938391
    -7.5194	     -7.5194	    492.4806	  1.00000000	  0.99935661
    -7.4763	     -7.4763	    492.5237	  1.00000000	  0.99932826
    -7.4333	     -7.4333	    492.5667	  1.00000000	  0.99929884
    -7.3906	     -7.3906	    492.6094	  1.00000000	  0.99926831
    -7.3482	     -7.3482	    492.6518	  1.00000000	  0.99923664
    -7.3060	     -7.3060	    492.6940	  1.00000000	  0.99920380
    -7.2640	     -7.2640	    492.7360	  1.00000000	  0.99916974
    -7.2223	     -7.2223	    492.7777	  1.00000000	  0.99913443
    -7.1808	     -7.1808	    492.8192	  1.00000000	  0.99909784
    -7.1395	     -7.1395	    492.8605	  1.00000000	  0.99905993
    -7.0985	     -7.0985	    492.9015	  1.00000000	  0.99902065
    -7.0578	     -7.0578	    492.9422	  1.00000000	  0.99897997
    -7.0172	     -7.0172	    492.9828	  1.00000000	  0.99893786
    -6.9769	     -6.9769	    493.0231	  1.00000000	  0.99889426
    -6.9368	     -6.9368	    493.0632	  1.00000000	  0.99884914
    -6.8970	     -6.8970	    493.1030	  1.00000000	  0.99880245
    -6.8574	     -6.8574	    493.1426	  1.00000000	  0.99875416
    -6.8180	     -6.8180	    493.1820	  1.00000000	  0.99870421
    -6.7788	     -6.7788	    493.2212	  1.00000000	  0.99865257
    -6.7399	     -6.7399	    493.2601	  1.00000000	  0.99859918
    -6.7012	     -6.7012	    493.2988	  1.00000000	  0.99854401
    -6.6627	     -6.6627	    493.3373	  1.00000000	  0.99848700
    -6.6244	     -6.6244	    493.3756	  1.00000000	  0.99842810
    -6.5863	     -6.5863	    493.4137	  1.00000000	  0.99836728
    -6.5485	     -6.5485	    493.4515	  1.00000000	  0.99830447
    -6.5109	     -6.5109	    493.4891	  1.00000000	  0.99823963
    -6.4735	     -6.4735	    493.5265	  1.00000000	  0.99817270
    -6.4363	     -6.4363	    493.5637	  1.00000000	  0.99810364
    -6.3993	     -6.3993	    493.6007	  1.00000000	  0.99803239
    -6.3626	     -6.3626	    493.6374	  1.00000000	  0.99795890
    -6.3260	     -6.3260	    493.6740	  1.00000000	  0.99788312
    -6.2897	     -6.2897	    493.7103	  1.00000000	  0.99780498
    -6.2536	     -6.2536	    493.7464	  1.00000000	  0.99772444
    -6.2176	     -6.2176	    493.7824	  1.00000000	  0.99764143
    -6.1819	     -6.1819	    493.8181	  1.00000000	  0.99755590
    -6.1464	     -6.1464	    493.8536	  1.00000000	  0.99746779
    -6.1111	     -6.1111	    493.8889	  1.00000000	  0.99737705
    -6.0760	     -6.0760	    493.9240	  1.00000000	  0.99728361
    -6.0411	     -6.0411	    493.9589	  1.00000000	  0.99718741
    -6.0064	     -6.0064	    493.9936	  1.00000000	  0.99708838
    -5.9719	     -5.9719	    494.0281	  1.00000000	  0.99698648
    -5.9376	     -5.9376	    494.0624	  1.00000000	  0.99688164
    -5.9035	     -5.9035	    494.0965	  1.00000000	  0.99677378
    -5.8695	     -5.8695	    494.1305	  1.00000000	  0.99666286
    -5.8358	     -5.8358	    494.1642	  1.00000000	  0.99654880
    -5.8023	     -5.8023	    494.1977	  1.00000000	  0.99643154
    -5.7690	     -5.7690	    494.2310	  1.00000000	  0.99631101
    -5.7358	     -5.7358	    494.2642	  1.00000000	  0.99618714
    -5.7029	     -5.7029	    494.2971	  1.00000000	  0.99605988
    -5.6701	     -5.6701	    494.3299	  1.00000000	  0.99592914
    -5.6375	     -5.6375	    494.3625	  1.00000000	  0.99579487
    -5.6051	     -5.6051	    494.3949	  1.00000000	  0.99565699
    -5.5729	     -5.5729	    494.4271	  1.00000000	  0.99551543
    -5.5409	     -5.5409	    494.4591	  1.00000000	  0.99537012
    -5.5091	     -5.5091	    494.4909	  1.00000000	  0.99522099
    -5.4774	     -5.4774	    494.5226	  1.00000000	  0.99506797
    -5.4460	     -5.4460	    494.5540	  1.00000000	  0.99491099
    -5.4147	     -5.4147	    494.5853	  1.00000000	  0.99474997
    -5.3836	     -5.3836	    494.6164	  1.00000000	  0.99458484
    -5.3527	     -5.3527	    494.6473	  1.00000000	  0.99441553
    -5.3219	     -5.3219	    494.6781	  1.00000000	  0.99424196
    -5.2913	     -5.2913	    494.7087	  1.00000000	  0.99406407
    -5.2609	     -5.2609	    494.7391	  1.00000000	  0.99388176
    -5.2307	     -5.2307	    494.7693	  1.00000000	  0.99369498
    -5.2006	     -5.2006	    494.7994	  1.00000000	  0.99350363
    -5.1708	     -5.1708	    494.8292	  1.00000000	  0.99330766
    -5.1411	     -5.1411	    494.8589	  1.00000000	  0.99310697
    -5.1115	     -5.1115	    494.8885	  1.00000000	  0.99290150
    -5.0821	     -5.0821	    494.9179	  1.00000000	  0.99269116
    -5.0529	     -5.0529	    494.9471	  1.00000000	  0.99247588
    -5.0239	     -5.0239	    494.9761	  1.00000000	  0.99225558
    -4.9950	     -4.9950	    495.0050	  1.00000000	  0.99203019
    -4.9664	     -4.9664	    495.0336	  1.00000000	  0.99179962
    -4.9378	     -4.9378	    495.0622	  1.00000000	  0.99156379
    -4.9094	     -4.9094	    495.0906	  1.00000000	  0.99132264
    -4.8812	     -4.8812	    495.1188	  1.00000000	  0.99107608
    -4.8532	     -4.8532	    495.1468	  1.00000000	  0.99082402
    -4.8253	     -4.8253	    495.1747	  1.00000000	  0.99056640
    -4.7976	     -4.7976	    495.2024	  1.00000000	  0.99030314
    -4.7700	     -4.7700	    495.2300	  1.00000000	  0.99003415
    -4.7426	     -4.7426	    495.2574	  1.00000000	  0.98975935
    -4.7154	     -4.7154	    495.2846	  1.00000000	  0.98947867
    -4.6883	     -4.6883	    495.3117	  1.00000000	  0.98919204
    -4.6613	     -4.6613	    495.3387	  1.00000000	  0.98889936
    -4.6345	     -4.6345	    495.3655	  1.00000000	  0.98860056
    -4.6079	     -4.6079	    495.3921	  1.00000000	  0.98829557
    -4.5814	     -4.5814	    495.4186	  1.00000000	  0.98798430
    -4.5551	     -4.5551	    495.4449	  1.00000000	  0.98766668
    -4.5289	     -4.5289	    495.4711	  1.00000000	  0.98734263
    -4.5029	     -4.5029	    495.4971	  1.00000000	  0.98701207
    -4.4770	     -4.4770	    495.5230	  1.00000000	  0.98667492
    -4.4513	     -4.4513	    495.5487	  1.00000000	  0.98633112
    -4.4257	     -4.4257	    495.5743	  1.00000000	  0.98598057
    -4.4003	     -4.4003	    495.5997	  1.00000000	  0.98562321
    -4.3750	     -4.3750	    495.6250	  1.00000000	  0.98525895
    -4.3499	     -4.3499	    495.6501	  1.00000000	  0.98488774
    -4.3249	     -4.3249	    495.6751	  1.00000000	  0.98450948
    -4.3000	     -4.3000	    495.7000	  1.00000000	  0.98412410
    -4.2753	     -4.2753	    495.7247	  1.00000000	  0.98373153
    -4.2507	     -4.2507	    495.7493	  1.00000000	  0.98333171
    -4.2263	     -4.2263	    495.7737	  1.00000000	  0.98292454
    -4.2020	     -4.2020	    495.7980	  1.00000000	  0.98250997
    -4.1779	     -4.1779	    495.8221	  1.00000000	  0.98208792
    -4.1539	     -4.1539	    495.8461	  1.00000000	  0.98165832
    -4.1300	     -4.1300	    495.8700	  1.00000000	  0.98122110
    -4.1063	     -4.1063	    495.8937	  1.00000000	  0.98077618
    -4.0827	     -4.0827	    495.9173	  1.00000000	  0.98032351
    -4.0592	     -4.0592	    495.9408	  1.00000000	  0.97986302
    -4.0359	     -4.0359	    495.9641	  1.00000000	  0.97939463
    -4.0127	     -4.0127	    495.9873	  1.00000000	  0.97891828
    -3.9896	     -3.9896	    496.0104	  1.00000000	  0.97843391
    -3.9667	     -3.9667	    496.0333	  1.00000000	  0.97794145
    -3.9439	     -3.9439	    496.0561	  1.00000000	  0.97744084
    -3.9212	     -3.9212	    496.0788	  1.00000000	  0.97693202
    -3.8987	     -3.8987	    496.1013	  1.00000000	  0.97641491
    -3.8763	     -3.8763	    496.1237	  1.00000000	  0.97588948
    -3.8540	     -3.8540	    496.1460	  1.00000000	  0.97535564
    -3.8318	     -3.8318	    496.1682	  1.00000000	  0.97481336
    -3.8098	     -3.8098	    496.1902	  1.00000000	  0.97426256
    -3.7879	     -3.7879	    496.2121	  1.00000000	  0.97370319
    -3.7662	     -3.7662	    496.2338	  1.00000000	  0.97313521
    -3.7445	     -3.7445	    496.2555	  1.00000000	  0.97255854
    -3.7230	     -3.7230	    496.2770	  1.00000000	  0.97197316
    -3.7016	     -3.7016	    496.2984	  1.00000000	  0.97137899
    -3.6803	     -3.6803	    496.3197	  1.00000000	  0.97077599
    -3.6592	     -3.6592	    496.3408	  1.00000000	  0.97016412
    -3.6381	     -3.6381	    496.3619	  1.00000000	  0.96954332
    -3.6172	     -3.6172	    496.3828	  1.00000000	  0.96891355
    -3.5964	     -3.5964	    496.4036	  1.00000000	  0.96827477
    -3.5758	     -3.5758	    496.4242	  1.00000000	  0.96762693
    -3.5552	     -3.5552	    496.4448	  1.00000000	  0.96696998
    -3.5348	     -3.5348	    496.4652	  1.00000000	  0.96630390
    -3.5144	     -3.5144	    496.4856	  1.00000000	  0.96562864
    -3.4942	     -3.4942	    496.5058	  1.00000000	  0.96494416
    -3.4742	     -3.4742	    496.5258	  1.00000000	  0.96425043
    -3.4542	     -3.4542	    496.5458	  1.00000000	  0.96354742
    -3.4343	     -3.4343	    496.5657	  1.00000000	  0.96283508
    -3.4146	     -3.4146	    496.5854	  1.00000000	  0.96211339
    -3.3950	     -3.3950	    496.6050	  1.00000000	  0.96138233
    -3.3754	     -3.3754	    496.6246	  1.00000000	  0.96064185
    -3.3560	     -3.3560	    496.6440	  1.00000000	  0.95989194
    -3.3368	     -3.3368	    496.6632	  1.00000000	  0.95913256
    -3.3176	     -3.3176	    496.6824	  1.00000000	  0.95836371
    -3.2985	     -3.2985	    496.7015	  1.00000000	  0.95758534
    -3.2795	     -3.2795	    496.7205	  1.00000000	  0.95679746
    -3.2607	     -3.2607	    496.7393	  1.00000000	  0.95600002
    -3.2419	     -3.2419	    496.7581	  1.00000000	  0.95519303
    -3.2233	     -3.2233	    496.7767	  1.00000000	  0.95437647
    -3.2048	     -3.2048	    496.7952	  1.00000000	  0.95355031
    -3.1863	     -3.1863	    496.8137	  1.00000000	  0.95271455
    -3.1680	     -3.1680	    496.8320	  1.00000000	  0.95186919
    -3.1498	     -3.1498	    496.8502	  1.00000000	  0.95101420
    -3.1317	     -3.1317	    496.8683	  1.00000000	  0.95014960
    -3.1137	     -3.1137	    496.8863	  1.00000000	  0.94927536
    -3.0958	     -3.0958	    496.9042	  1.00000000	  0.94839149
    -3.0780	     -3.0780	    496.9220	  1.00000000	  0.94749799
    -3.0603	     -3.0603	    496.9397	  1.00000000	  0.94659486
    -3.0427	     -3.0427	    496.9573	  1.00000000	  0.94568210
    -3.0252	     -3.0252	    496.9748	  1.00000000	  0.94475971
    -3.0078	     -3.0078	    496.9922	  1.00000000	  0.94382770
    -2.9905	     -2.9905	    497.0095	  1.00000000	  0.94288608
    -2.9733	     -2.9733	    497.0267	  1.00000000	  0.94193486
    -2.9562	     -2.9562	    497.0438	  1.00000000	  0.94097405
    -2.9392	     -2.9392	    497.0608	  1.00000000	  0.94000367
    -2.9223	     -2.9223	    497.0777	  1.00000000	  0.93902372
    -2.9055	     -2.9055	    497.0945	  1.00000000	  0.93803423
    -2.8888	     -2.8888	    497.1112	  1.00000000	  0.93703520
    -2.8722	     -2.8722	    497.1278	  1.00000000	  0.93602668
    -2.8557	     -2.8557	    497.1443	  1.00000000	  0.93500867
    -2.8393	     -2.8393	    497.1607	  1.00000000	  0.93398119
    -2.8230	     -2.8230	    497.1770	  1.00000000	  0.93294429
    -2.8067	     -2.8067	    497.1933	  1.00000000	  0.93189797
    -2.7906	     -2.7906	    497.2094	  1.00000000	  0.93084228
    -2.7745	     -2.7745	    497.2255	  1.00000000	  0.92977724
    -2.7586	     -2.7586	    497.2414	  1.00000000	  0.92870288
    -2.7427	     -2.7427	    497.2573	  1.00000000	  0.92761925
    -2.7270	     -2.7270	    497.2730	  1.00000000	  0.92652636
    -2.7113	     -2.7113	    497.2887	  1.00000000	  0.92542428
    -2.6957	     -2.6957	    497.3043	  1.00000000	  0.92431302
    -2.6802	     -2.6802	    497.3198	  1.00000000	  0.92319264
    -2.6648	     -2.6648	    497.3352	  1.00000000	  0.92206317
    -2.6494	     -2.6494	    497.3506	  1.00000000	  0.92092466
    -2.6342	     -2.6342	    497.3658	  1.00000000	  0.91977716
    -2.6191	     -2.6191	    497.3809	  1.00000000	  0.91862072
    -2.6040	     -2.6040	    497.3960	  1.00000000	  0.91745538
    -2.5890	     -2.5890	    497.4110	  1.00000000	  0.91628119
    -2.5741	     -2.5741	    497.4259	  1.00000000	  0.91509821
    -2.5593	     -2.5593	    497.4407	  1.00000000	  0.91390649
    -2.5446	     -2.5446	    497.4554	  1.00000000	  0.91270608
    -2.5300	     -2.5300	    497.4700	  1.00000000	  0.91149705
    -2.5154	     -2.5154	    497.4846	  1.00000000	  0.91027945
    -2.5010	     -2.5010	    497.4990	  1.00000000	  0.90905334
    -2.4866	     -2.4866	    497.5134	  1.00000000	  0.90781879
    -2.4723	     -2.4723	    497.5277	  1.00000000	  0.90657585
    -2.4581	     -2.4581	    497.5419	  1.00000000	  0.90532460
    -2.4439	     -2.4439	    497.5561	  1.00000000	  0.90406509
    -2.4299	     -2.4299	    497.5701	  1.00000000	  0.90279739
    -2.4159	     -2.4159	    497.5841	  1.00000000	  0.90152157
    -2.4020	     -2.4020	    497.5980	  1.00000000	  0.90023771
    -2.3882	     -2.3882	    497.6118	  1.00000000	  0.89894587
    -2.3744	     -2.3744	    497.6256	  1.00000000	  0.89764613
    -2.3608	     -2.3608	    497.6392	  1.00000000	  0.89633856
    -2.3472	     -2.3472	    497.6528	  1.00000000	  0.89502323
    -2.3337	     -2.3337	    497.6663	  1.00000000	  0.89370022
    -2.3203	     -2.3203	    497.6797	  1.00000000	  0.89236961
    -2.3069	     -2.3069	    497.6931	  1.00000000	  0.89103147
    -2.2937	     -2.2937	    497.7063	  1.00000000	  0.88968590
    -2.2805	     -2.2805	    497.7195	  1.00000000	  0.88833296
    -2.2673	     -2.2673	    497.7327	  1.00000000	  0.88697274
    -2.2543	     -2.2543	    497.7457	  1.00000000	  0.88560532
    -2.2413	     -2.2413	    497.7587	  1.00000000	  0.88423079
    -2.2284	     -2.2284	    497.7716	  1.00000000	  0.88284923
    -2.2156	     -2.2156	    497.7844	  1.00000000	  0.88146073
    -2.2029	     -2.2029	    497.7971	  1.00000000	  0.88006537
    -2.1902	     -2.1902	    497.8098	  1.00000000	  0.87866325
    -2.1776	     -2.1776	    497.8224	  1.00000000	  0.87725444
    -2.1651	     -2.1651	    497.8349	  1.00000000	  0.87583905
    -2.1526	     -2.1526	    497.8474	  1.00000000	  0.87441716
    -2.1402	     -2.1402	    497.8598	  1.00000000	  0.87298887
    -2.1279	     -2.1279	    497.8721	  1.00000000	  0.87155426
    -2.1157	     -2.1157	    497.8843	  1.00000000	  0.87011342
    -2.1035	     -2.1035	    497.8965	  1.00000000	  0.86866646
    -2.0914	     -2.0914	    497.9086	  1.00000000	  0.86721347
    -2.0794	     -2.0794	    497.9206	  1.00000000	  0.86575454
    -2.0674	     -2.0674	    497.9326	  1.00000000	  0.86428976
    -2.0555	     -2.0555	    497.9445	  1.00000000	  0.86281924
    -2.0437	     -2.0437	    497.9563	  1.00000000	  0.86134307
    -2.0319	     -2.0319	    497.9681	  1.00000000	  0.85986135
    -2.0202	     -2.0202	    497.9798	  1.00000000	  0.85837418
    -2.0086	     -2.0086	    497.9914	  1.00000000	  0.85688165
    -1.9970	     -1.9970	    498.0030	  1.00000000	  0.85538387
    -1.9856	     -1.9856	    498.0144	  1.00000000	  0.85388093
    -1.9741	     -1.9741	    498.0259	  1.00000000	  0.85237293
    -1.9628	     -1.9628	    498.0372	  1.00000000	  0.85085998
    -1.9515	     -1.9515	    498.0485	  1.00000000	  0.84934217
    -1.9402	     -1.9402	    498.0598	  1.00000000	  0.84781961
    -1.9291	     -1.9291	    498.0709	  1.00000000	  0.84629240
    -1.9180	     -1.9180	    498.0820	  1.00000000	  0.84476063
    -1.9069	     -1.9069	    498.0931	  1.00000000	  0.84322442
    -1.8960	     -1.8960	    498.1040	  1.00000000	  0.84168386
    -1.8851	     -1.8851	    498.1149	  1.00000000	  0.84013906
    -1.8742	     -1.8742	    498.1258	  1.00000000	  0.83859011
    -1.8634	     -1.8634	    498.1366	  1.00000000	  0.83703713
    -1.8527	     -1.8527	    498.1473	  1.00000000	  0.83548021
    -1.8420	     -1.8420	    498.1580	  1.00000000	  0.83391946
    -1.8314	     -1.8314	    498.1686	  1.00000000	  0.83235498
    -1.8209	     -1.8209	    498.1791	  1.00000000	  0.83078687
    -1.8104	     -1.8104	    498.1896	  1.00000000	  0.82921524
    -1.8000	     -1.8000	    498.2000	  1.00000000	  0.82764019
    -1.7896	     -1.7896	    498.2104	  1.00000000	  0.82606182
    -1.7793	     -1.7793	    498.2207	  1.00000000	  0.82448024
    -1.7691	     -1.7691	    498.2309	  1.00000000	  0.82289555
    -1.7589	     -1.7589	    498.2411	  1.00000000	  0.82130785
    -1.7488	     -1.7488	    498.2512	  1.00000000	  0.81971724
    -1.7387	     -1.7387	    498.2613	  1.00000000	  0.81812383
    -1.7287	     -1.7287	    498.2713	  1.00000000	  0.81652773
    -1.7188	     -1.7188	    498.2812	  1.00000000	  0.81492902
    -1.7089	     -1.7089	    498.2911	  1.00000000	  0.81332782
    -1.6990	     -1.6990	    498.3010	  1.00000000	  0.81172422
    -1.6892	     -1.6892	    498.3108	  1.00000000	  0.81011833
    -1.6795	     -1.6795	    498.3205	  1.00000000	  0.80851025
    -1.6698	     -1.6698	    498.3302	  1.00000000	  0.80690009
    -1.6602	     -1.6602	    498.3398	  1.00000000	  0.80528793
    -1.6507	     -1.6507	    498.3493	  1.00000000	  0.80367388
    -1.6412	     -1.6412	    498.3588	  1.00000000	  0.80205805
    -1.6317	     -1.6317	    498.3683	  1.00000000	  0.80044052
    -1.6223	     -1.6223	    498.3777	  1.00000000	  0.79882141
    -1.6130	     -1.6130	    498.3870	  1.00000000	  0.79720080
    -1.6037	     -1.6037	    498.3963	  1.00000000	  0.79557880
    -1.5945	     -1.5945	    498.4055	  1.00000000	  0.79395551
    -1.5853	     -1.5853	    498.4147	  1.00000000	  0.79233102
    -1.5762	     -1.5762	    498.4238	  1.00000000	  0.79070543
    -1.5671	     -1.5671	    498.4329	  1.00000000	  0.78907884
    -1.5581	     -1.5581	    498.4419	  1.00000000	  0.78745134
    -1.5491	     -1.5491	    498.4509	  1.00000000	  0.78582302
    -1.5402	     -1.5402	    498.4598	  1.00000000	  0.78419399
    -1.5313	     -1.5313	    498.4687	  1.00000000	  0.78256434
    -1.5225	     -1.5225	    498.4775	  1.00000000	  0.78093415
    -1.5137	     -1.5137	    498.4863	  1.00000000	  0.77930353
    -1.5050	     -1.5050	    498.4950	  1.00000000	  0.77767257
    -1.4963	     -1.4963	    498.5037	  1.00000000	  0.77604135
    -1.4877	     -1.4877	    498.5123	  1.00000000	  0.77440997
    -1.4791	     -1.4791	    498.5209	  1.00000000	  0.77277853
    -1.4706	     -1.4706	    498.5294	  1.00000000	  0.77114710
    -1.4621	     -1.4621	    498.5379	  1.00000000	  0.76951578
    -1.4537	     -1.4537	    498.5463	  1.00000000	  0.76788466
    -1.4454	     -1.4454	    498.5546	  1.00000000	  0.76625383
    -1.4370	     -1.4370	    498.5630	  1.00000000	  0.76462336
    -1.4288	     -1.4288	    498.5712	  1.00000000	  0.76299336
    -1.4205	     -1.4205	    498.5795	  1.00000000	  0.76136390
    -1.4123	     -1.4123	    498.5877	  1.00000000	  0.75973508
    -1.4042	     -1.4042	    498.5958	  1.00000000	  0.75810696
    -1.3961	     -1.3961	    498.6039	  1.00000000	  0.75647964
    -1.3881	     -1.3881	    498.6119	  1.00000000	  0.75485321
    -1.3801	     -1.3801	    498.6199	  1.00000000	  0.75322773
    -1.3721	     -1.3721	    498.6279	  1.00000000	  0.75160330
    -1.3642	     -1.3642	    498.6358	  1.00000000	  0.74997999
    -1.3564	     -1.3564	    498.6436	  1.00000000	  0.74835789
    -1.3486	     -1.3486	    498.6514	  1.00000000	  0.74673707
    -1.3408	     -1.3408	    498.6592	  1.00000000	  0.74511761
    -1.3331	     -1.3331	    498.6669	  1.00000000	  0.74349958
    -1.3254	     -1.3254	    498.6746	  1.00000000	  0.74188307
    -1.3177	     -1.3177	    498.6823	  1.00000000	  0.74026814
    -1.3101	     -1.3101	    498.6899	  1.00000000	  0.73865488
    -1.3026	     -1.3026	    498.6974	  1.00000000	  0.73704336
    -1.2951	     -1.2951	    498.7049	  1.00000000	  0.73543364
    -1.2876	     -1.2876	    498.7124	  1.00000000	  0.73382581
    -1.2802	     -1.2802	    498.7198	  1.00000000	  0.73221993
    -1.2728	     -1.2728	    498.7272	  1.00000000	  0.73061607
    -1.2655	     -1.2655	    498.7345	  1.00000000	  0.72901431
    -1.2582	     -1.2582	    498.7418	  1.00000000	  0.72741471
    -1.2510	     -1.2510	    498.7490	  1.00000000	  0.72581733
    -1.2437	     -1.2437	    498.7563	  1.00000000	  0.72422226
    -1.2366	     -1.2366	    498.7634	  1.00000000	  0.72262954
    -1.2295	     -1.2295	    498.7705	  1.00000000	  0.72103925
    -1.2224	     -1.2224	    498.7776	  1.00000000	  0.71945146
    -1.2153	     -1.2153	    498.7847	  1.00000000	  0.71786622
    -1.2083	     -1.2083	    498.7917	  1.00000000	  0.71628359
    -1.2014	     -1.2014	    498.7986	  1.00000000	  0.71470365
    -1.1944	     -1.1944	    498.8056	  1.00000000	  0.71312645
    -1.1875	     -1.1875	    498.8125	  1.00000000	  0.71155204
    -1.1807	     -1.1807	    498.8193	  1.00000000	  0.70998050
    -1.1739	     -1.1739	    498.8261	  1.00000000	  0.70841187
    -1.1671	     -1.1671	    498.8329	  1.00000000	  0.70684621
    -1.1604	     -1.1604	    498.8396	  1.00000000	  0.70528359
    -1.1537	     -1.1537	    498.8463	  1.00000000	  0.70372405
    -1.1471	     -1.1471	    498.8529	  1.00000000	  0.70216765
    -1.1404	     -1.1404	    498.8596	  1.00000000	  0.70061445
    -1.1339	     -1.1339	    498.8661	  1.00000000	  0.69906449
    -1.1273	     -1.1273	    498.8727	  1.00000000	  0.69751783
    -1.1208	     -1.1208	    498.8792	  1.00000000	  0.69597452
    -1.1144	     -1.1144	    498.8856	  1.00000000	  0.69443462
    -1.1079	     -1.1079	    498.8921	  1.00000000	  0.69289816
    -1.1016	     -1.1016	    498.8984	  1.00000000	  0.69136520
    -1.0952	     -1.0952	    498.9048	  1.00000000	  0.68983579
    -1.0889	     -1.0889	    498.9111	  1.00000000	  0.68830997
    -1.0826	     -1.0826	    498.9174	  1.00000000	  0.68678779
    -1.0764	     -1.0764	    498.9236	  1.00000000	  0.68526930
    -1.0702	     -1.0702	    498.9298	  1.00000000	  0.68375453
    -1.0640	     -1.0640	    498.9360	  1.00000000	  0.68224354
    -1.0579	     -1.0579	    498.9421	  1.00000000	  0.68073636
    -1.0518	     -1.0518	    498.9482	  1.00000000	  0.67923303
    -1.0457	     -1.0457	    498.9543	  1.00000000	  0.67773361
    -1.0397	     -1.0397	    498.9603	  1.00000000	  0.67623812
    -1.0337	     -1.0337	    498.9663	  1.00000000	  0.67474661
    -1.0277	     -1.0277	    498.9723	  1.00000000	  0.67325911
    -1.0218	     -1.0218	    498.9782	  1.00000000	  0.67177567
    -1.0159	     -1.0159	    498.9841	  1.00000000	  0.67029632
    -1.0100	     -1.0100	    498.9900	  1.00000000	  0.66882109
    -1.0042	     -1.0042	    498.9958	  1.00000000	  0.66735003
    -0.9984	     -0.9984	    499.0016	  1.00000000	  0.66588316
    -0.9926	     -0.9926	    499.0074	  1.00000000	  0.66442052
    -0.9869	     -0.9869	    499.0131	  1.00000000	  0.66296214
    -0.9812	     -0.9812	    499.0188	  1.00000000	  0.66150806
    -0.9756	     -0.9756	    499.0244	  1.00000000	  0.66005831
    -0.9699	     -0.9699	    499.0301	  1.00000000	  0.65861291
    -0.9643	     -0.9643	    499.0357	  1.00000000	  0.65717190
    -0.9588	     -0.9588	    499.0412	  1.00000000	  0.65573531
    -0.9532	     -0.9532	    499.0468	  1.00000000	  0.65430316
    -0.9477	     -0.9477	    499.0523	  1.00000000	  0.65287548
    -0.9423	     -0.9423	    499.0577	  1.00000000	  0.65145230
    -0.9368	     -0.9368	    499.0632	  1.00000000	  0.65003365
    -0.9314	     -0.9314	    499.0686	  1.00000000	  0.64861955
    -0.9261	     -0.9261	    499.0739	  1.00000000	  0.64721003
    -0.9207	     -0.9207	    499.0793	  1.00000000	  0.64580511
    -0.9154	     -0.9154	    499.0846	  1.00000000	  0.64440481
    -0.9101	     -0.9101	    499.0899	  1.00000000	  0.64300915
    -0.9049	     -0.9049	    499.0951	  1.00000000	  0.64161817
    -0.8996	     -0.8996	    499.1004	  1.00000000	  0.64023187
    -0.8944	     -0.8944	    499.1056	  1.00000000	  0.63885029
    -0.8893	     -0.8893	    499.1107	  1.00000000	  0.63747343
    -0.8841	     -0.8841	    499.1159	  1.00000000	  0.63610133
    -0.8790	     -0.8790	    499.1210	  1.00000000	  0.63473399
    -0.8740	     -0.8740	    499.1260	  1.00000000	  0.63337144
    -0.8689	     -0.8689	    499.1311	  1.00000000	  0.63201370
    -0.8639	     -0.8639	    499.1361	  1.00000000	  0.63066077
    -0.8589	     -0.8589	    499.1411	  1.00000000	  0.62931268
    -0.8540	     -0.8540	    499.1460	  1.00000000	  0.62796945
    -0.8490	     -0.8490	    499.1510	  1.00000000	  0.62663108
    -0.8441	     -0.8441	    499.1559	  1.00000000	  0.62529760
    -0.8393	     -0.8393	    499.1607	  1.00000000	  0.62396901
    -0.8344	     -0.8344	    499.1656	  1.00000000	  0.62264533
    -0.8296	     -0.8296	    499.1704	  1.00000000	  0.62132658
    -0.8248	     -0.8248	    499.1752	  1.00000000	  0.62001275
    -0.8200	     -0.8200	    499.1800	  1.00000000	  0.61870388
    -0.8153	     -0.8153	    499.1847	  1.00000000	  0.61739996
    -0.8106	     -0.8106	    499.1894	  1.00000000	  0.61610100
    -0.8059	     -0.8059	    499.1941	  1.00000000	  0.61480702
    -0.8013	     -0.8013	    499.1987	  1.00000000	  0.61351803
    -0.7966	     -0.7966	    499.2034	  1.00000000	  0.61223403
    -0.7920	     -0.7920	    499.2080	  1.00000000	  0.61095503
    -0.7875	     -0.7875	    499.2125	  1.00000000	  0.60968105
    -0.7829	     -0.7829	    499.2171	  1.00000000	  0.60841208
    -0.7784	     -0.7784	    499.2216	  1.00000000	  0.60714814
    -0.7739	     -0.7739	    499.2261	  1.00000000	  0.60588922
    -0.7694	     -0.7694	    499.2306	  1.00000000	  0.60463535
    -0.7650	     -0.7650	    499.2350	  1.00000000	  0.60338651
    -0.7606	     -0.7606	    499.2394	  1.00000000	  0.60214272
    -0.7562	     -0.7562	    499.2438	  1.00000000	  0.60090398
    -0.7518	     -0.7518	    499.2482	  1.00000000	  0.59967029
    -0.7474	     -0.7474	    499.2526	  1.00000000	  0.59844167
    -0.7431	     -0.7431	    499.2569	  1.00000000	  0.59721810
    -0.7388	     -0.7388	    499.2612	  1.00000000	  0.59599959
    -0.7346	     -0.7346	    499.2654	  1.00000000	  0.59478615
    -0.7303	     -0.7303	    499.2697	  1.00000000	  0.59357778
    -0.7261	     -0.7261	    499.2739	  1.00000000	  0.59237447
    -0.7219	     -0.7219	    499.2781	  1.00000000	  0.59117623
    -0.7177	     -0.7177	    499.2823	  1.00000000	  0.58998306
    -0.7136	     -0.7136	    499.2864	  1.00000000	  0.58879496
    -0.7095	     -0.7095	    499.2905	  1.00000000	  0.58761193
    -0.7054	     -0.7054	    499.2946	  1.00000000	  0.58643396
    -0.7013	     -0.7013	    499.2987	  1.00000000	  0.58526106
    -0.6972	     -0.6972	    499.3028	  1.00000000	  0.58409323
    -0.6932	     -0.6932	    499.3068	  1.00000000	  0.58293045
    -0.6892	     -0.6892	    499.3108	  1.00000000	  0.58177274
    -0.6852	     -0.6852	    499.3148	  1.00000000	  0.58062008
    -0.6812	     -0.6812	    499.3188	  1.00000000	  0.57947248
    -0.6773	     -0.6773	    499.3227	  1.00000000	  0.57832993
    -0.6734	     -0.6734	    499.3266	  1.00000000	  0.57719242
    -0.6695	     -0.6695	    499.3305	  1.00000000	  0.57605996
    -0.6656	     -0.6656	    499.3344	  1.00000000	  0.57493253
    -0.6618	     -0.6618	    499.3382	  1.00000000	  0.57381014
    -0.6579	     -0.6579	    499.3421	  1.00000000	  0.57269278
    -0.6541	     -0.6541	    499.3459	  1.00000000	  0.57158044
    -0.6504	     -0.6504	    499.3496	  1.00000000	  0.57047312
    -0.6466	     -0.6466	    499.3534	  1.00000000	  0.56937080
    -0.6428	     -0.6428	    499.3572	  1.00000000	  0.56827350
    -0.6391	     -0.6391	    499.3609	  1.00000000	  0.56718119
    -0.6354	     -0.6354	    499.3646	  1.00000000	  0.56609387
    -0.6318	     -0.6318	    499.3682	  1.00000000	  0.56501154
    -0.6281	     -0.6281	    499.3719	  1.00000000	  0.56393418
    -0.6245	     -0.6245	    499.3755	  1.00000000	  0.56286180
    -0.6209	     -0.6209	    499.3791	  1.00000000	  0.56179437
    -0.6173	     -0.6173	    499.3827	  1.00000000	  0.56073190
    -0.6137	     -0.6137	    499.3863	  1.00000000	  0.55967437
    -0.6101	     -0.6101	    499.3899	  1.00000000	  0.55862177
    -0.6066	     -0.6066	    499.3934	  1.00000000	  0.55757411
    -0.6031	     -0.6031	    499.3969	  1.00000000	  0.55653136
    -0.5996	     -0.5996	    499.4004	  1.00000000	  0.55549351
    -0.5961	     -0.5961	    499.4039	  1.00000000	  0.55446057
    -0.5927	     -0.5927	    499.4073	  1.00000000	  0.55343252
    -0.5893	     -0.5893	    499.4107	  1.00000000	  0.55240934
    -0.5858	     -0.5858	    499.4142	  1.00000000	  0.55139103
    -0.5825	     -0.5825	    499.4175	  1.00000000	  0.55037758
    -0.5791	     -0.5791	    499.4209	  1.00000000	  0.54936897
    -0.5757	     -0.5757	    499.4243	  1.00000000	  0.54836520
    -0.5724	     -0.5724	    499.4276	  1.00000000	  0.54736625
    -0.5691	     -0.5691	    499.4309	  1.00000000	  0.54637212
    -0.5658	     -0.5658	    499.4342	  1.00000000	  0.54538279
    -0.5625	     -0.5625	    499.4375	  1.00000000	  0.54439824
    -0.5593	     -0.5593	    499.4407	  1.00000000	  0.54341848
    -0.5560	     -0.5560	    499.4440	  1.00000000	  0.54244348
    -0.5528	     -0.5528	    499.4472	  1.00000000	  0.54147324
    -0.5496	     -0.5496	    499.4504	  1.00000000	  0.54050773
    -0.5464	     -0.5464	    499.4536	  1.00000000	  0.53954695
    -0.5432	     -0.5432	    499.4568	  1.00000000	  0.53859089
    -0.5401	     -0.5401	    499.4599	  1.00000000	  0.53763954
    -0.5370	     -0.5370	    499.4630	  1.00000000	  0.53669287
    -0.5339	     -0.5339	    499.4661	  1.00000000	  0.53575088
    -0.5308	     -0.5308	    499.4692	  1.00000000	  0.53481355
    -0.5277	     -0.5277	    499.4723	  1.00000000	  0.53388087
    -0.5246	     -0.5246	    499.4754	  1.00000000	  0.53295283
    -0.5216	     -0.5216	    499.4784	  1.00000000	  0.53202941
    -0.5186	     -0.5186	    499.4814	  1.00000000	  0.53111060
    -0.5156	     -0.5156	    499.4844	  1.00000000	  0.53019638
    -0.5126	     -0.5126	    499.4874	  1.00000000	  0.52928675
    -0.5096	     -0.5096	    499.4904	  1.00000000	  0.52838168
    -0.5067	     -0.5067	    499.4933	  1.00000000	  0.52748116
    -0.5037	     -0.5037	    499.4963	  1.00000000	  0.52658518
    -0.5008	     -0.5008	    499.4992	  1.00000000	  0.52569372
    -0.4979	     -0.4979	    499.5021	  1.00000000	  0.52480677
    -0.4950	     -0.4950	    499.5050	  1.00000000	  0.52392432
    -0.4921	     -0.4921	    499.5079	  1.00000000	  0.52304634
    -0.4893	     -0.4893	    499.5107	  1.00000000	  0.52217283
    -0.4864	     -0.4864	    499.5136	  1.00000000	  0.52130376
    -0.4836	     -0.4836	    499.5164	  1.00000000	  0.52043913
    -0.4808	     -0.4808	    499.5192	  1.00000000	  0.51957892
    -0.4780	     -0.4780	    499.5220	  1.00000000	  0.51872311
    -0.4753	     -0.4753	    499.5247	  1.00000000	  0.51787169
    -0.4725	     -0.4725	    499.5275	  1.00000000	  0.51702464
    -0.4698	     -0.4698	    499.5302	  1.00000000	  0.51618195
    -0.4670	     -0.4670	    499.5330	  1.00000000	  0.51534360
    -0.4643	     -0.4643	    499.5357	  1.00000000	  0.51450957
    -0.4616	     -0.4616	    499.5384	  1.00000000	  0.51367986
    -0.4590	     -0.4590	    499.5410	  1.00000000	  0.51285444
    -0.4563	     -0.4563	    499.5437	  1.00000000	  0.51203329
    -0.4536	     -0.4536	    499.5464	  1.00000000	  0.51121641
    -0.4510	     -0.4510	    499.5490	  1.00000000	  0.51040378
    -0.4484	     -0.4484	    499.5516	  1.00000000	  0.50959537
    -0.4458	     -0.4458	    499.5542	  1.00000000	  0.50879118
    -0.4432	     -0.4432	    499.5568	  1.00000000	  0.50799119
    -0.4406	     -0.4406	    499.5594	  1.00000000	  0.50719538
    -0.4381	     -0.4381	    499.5619	  1.00000000	  0.50640374
    -0.4355	     -0.4355	    499.5645	  1.00000000	  0.50561624
    -0.4330	     -0.4330	    499.5670	  1.00000000	  0.50483288
    -0.4305	     -0.4305	    499.5695	  1.00000000	  0.50405364
    -0.4280	     -0.4280	    499.5720	  1.00000000	  0.50327850
    -0.4255	     -0.4255	    499.5745	  1.00000000	  0.50250744
    -0.4230	     -0.4230	    499.5770	  1.00000000	  0.50174045
    -0.4206	     -0.4206	    499.5794	  1.00000000	  0.50097751
    -0.4181	     -0.4181	    499.5819	  1.00000000	  0.50021860
    -0.4157	     -0.4157	    499.5843	  1.00000000	  0.49946372
    -0.4133	     -0.4133	    499.5867	  1.00000000	  0.49871284
    -0.4109	     -0.4109	    499.5891	  1.00000000	  0.49796594
    -0.4085	     -0.4085	    499.5915	  1.00000000	  0.49722301
    -0.4061	     -0.4061	    499.5939	  1.00000000	  0.49648403
    -0.4038	     -0.4038	    499.5962	  1.00000000	  0.49574899
    -0.4014	     -0.4014	    499.5986	  1.00000000	  0.49501787
    -0.3991	     -0.3991	    499.6009	  1.00000000	  0.49429065
    -0.3968	     -0.3968	    499.6032	  1.00000000	  0.49356732
    -0.3945	     -0.3945	    499.6055	  1.00000000	  0.49284786
    -0.3922	     -0.3922	    499.6078	  1.00000000	  0.49213225
    -0.3899	     -0.3899	    499.6101	  1.00000000	  0.49142048
    -0.3876	     -0.3876	    499.6124	  1.00000000	  0.49071253
    -0.3854	     -0.3854	    499.6146	  1.00000000	  0.49000838
    -0.3831	     -0.3831	    499.6169	  1.00000000	  0.48930802
    -0.3809	     -0.3809	    499.6191	  1.00000000	  0.48861142
    -0.3787	     -0.3787	    499.6213	  1.00000000	  0.48791858
    -0.3765	     -0.3765	    499.6235	  1.00000000	  0.48722948
    -0.3743	     -0.3743	    499.6257	  1.00000000	  0.48654410
    -0.3721	     -0.3721	    499.6279	  1.00000000	  0.48586242
    -0.3700	     -0.3700	    499.6300	  1.00000000	  0.48518443
    -0.3678	     -0.3678	    499.6322	  1.00000000	  0.48451011
    -0.3657	     -0.3657	    499.6343	  1.00000000	  0.48383944
    -0.3635	     -0.3635	    499.6365	  1.00000000	  0.48317241
    -0.3614	     -0.3614	    499.6386	  1.00000000	  0.48250900
    -0.3593	     -0.3593	    499.6407	  1.00000000	  0.48184920
    -0.3572	     -0.3572	    499.6428	  1.00000000	  0.48119298
    -0.3551	     -0.3551	    499.6449	  1.00000000	  0.48054034
    -0.3531	     -0.3531	    499.6469	  1.00000000	  0.47989125
    -0.3510	     -0.3510	    499.6490	  1.00000000	  0.47924570
    -0.3490	     -0.3490	    499.6510	  1.00000000	  0.47860367
    -0.3469	     -0.3469	    499.6531	  1.00000000	  0.47796515
    -0.3449	     -0.3449	    499.6551	  1.00000000	  0.47733012
    -0.3429	     -0.3429	    499.6571	  1.00000000	  0.47669856
    -0.3409	     -0.3409	    499.6591	  1.00000000	  0.47607045
    -0.3389	     -0.3389	    499.6611	  1.00000000	  0.47544579
    -0.3370	     -0.3370	    499.6630	  1.00000000	  0.47482455
    -0.3350	     -0.3350	    499.6650	  1.00000000	  0.47420672
    -0.3330	     -0.3330	    499.6670	  1.00000000	  0.47359228
    -0.3311	     -0.3311	    499.6689	  1.00000000	  0.47298122
    -0.3292	     -0.3292	    499.6708	  1.00000000	  0.47237352
    -0.3273	     -0.3273	    499.6727	  1.00000000	  0.47176916
    -0.3253	     -0.3253	    499.6747	  1.00000000	  0.47116813
    -0.3235	     -0.3235	    499.6765	  1.00000000	  0.47057041
    -0.3216	     -0.3216	    499.6784	  1.00000000	  0.46997598
    -0.3197	     -0.3197	    499.6803	  1.00000000	  0.46938483
    -0.3178	     -0.3178	    499.6822	  1.00000000	  0.46879695
    -0.3160	     -0.3160	    499.6840	  1.00000000	  0.46821232
    -0.3141	     -0.3141	    499.6859	  1.00000000	  0.46763091
    -0.3123	     -0.3123	    499.6877	  1.00000000	  0.46705273
    -0.3105	     -0.3105	    499.6895	  1.00000000	  0.46647774
    -0.3087	     -0.3087	    499.6913	  1.00000000	  0.46590594
    -0.3069	     -0.3069	    499.6931	  1.00000000	  0.46533731
    -0.3051	     -0.3051	    499.6949	  1.00000000	  0.46477183
    -0.3033	     -0.3033	    499.6967	  1.00000000	  0.46420948
    -0.3015	     -0.3015	    499.6985	  1.00000000	  0.46365026
    -0.2998	     -0.2998	    499.7002	  1.00000000	  0.46309415
    -0.2980	     -0.2980	    499.7020	  1.00000000	  0.46254112
    -0.2963	     -0.2963	    499.7037	  1.00000000	  0.46199118
    -0.2946	     -0.2946	    499.7054	  1.00000000	  0.46144429
    -0.2928	     -0.2928	    499.7072	  1.00000000	  0.46090045
    -0.2911	     -0.2911	    499.7089	  1.00000000	  0.46035963
    -0.2894	     -0.2894	    499.7106	  1.00000000	  0.45982183
    -0.2877	     -0.2877	    499.7123	  1.00000000	  0.45928703
    -0.2861	     -0.2861	    499.7139	  1.00000000	  0.45875521
    -0.2844	     -0.2844	    499.7156	  1.00000000	  0.45822637
    -0.2827	     -0.2827	    499.7173	  1.00000000	  0.45770047
    -0.2811	     -0.2811	    499.7189	  1.00000000	  0.45717752
    -0.2794	     -0.2794	    499.7206	  1.00000000	  0.45665748
    -0.2778	     -0.2778	    499.7222	  1.00000000	  0.45614036
    -0.2762	     -0.2762	    499.7238	  1.00000000	  0.45562613
    -0.2746	     -0.2746	    499.7254	  1.00000000	  0.45511478
    -0.2730	     -0.2730	    499.7270	  1.00000000	  0.45460629
    -0.2714	     -0.2714	    499.7286	  1.00000000	  0.45410066
    -0.2698	     -0.2698	    499.7302	  1.00000000	  0.45359786
    -0.2682	     -0.2682	    499.7318	  1.00000000	  0.45309787
    -0.2666	     -0.2666	    499.7334	  1.00000000	  0.45260070
    -0.2651	     -0.2651	    499.7349	  1.00000000	  0.45210631
    -0.2635	     -0.2635	    499.7365	  1.00000000	  0.45161470
    -0.2620	     -0.2620	    499.7380	  1.00000000	  0.45112586
    -0.2604	     -0.2604	    499.7396	  1.00000000	  0.45063976
    -0.2589	     -0.2589	    499.7411	  1.00000000	  0.45015639
    -0.2574	     -0.2574	    499.7426	  1.00000000	  0.44967575
    -0.2559	     -0.2559	    499.7441	  1.00000000	  0.44919781
    -0.2544	     -0.2544	    499.7456	  1.00000000	  0.44872256
    -0.2529	     -0.2529	    499.7471	  1.00000000	  0.44824999
    -0.2514	     -0.2514	    499.7486	  1.00000000	  0.44778007
    -0.2500	     -0.2500	    499.7500	  1.00000000	  0.44731281
    -0.2485	     -0.2485	    499.7515	  1.00000000	  0.44684819
    -0.2470	     -0.2470	    499.7530	  1.00000000	  0.44638618
    -0.2456	     -0.2456	    499.7544	  1.00000000	  0.44592678
    -0.2442	     -0.2442	    499.7558	  1.00000000	  0.44546998
    -0.2427	     -0.2427	    499.7573	  1.00000000	  0.44501575
    -0.2413	     -0.2413	    499.7587	  1.00000000	  0.44456409
    -0.2399	     -0.2399	    499.7601	  1.00000000	  0.44411499
    -0.2385	     -0.2385	    499.7615	  1.00000000	  0.44366842
    -0.2371	     -0.2371	    499.7629	  1.00000000	  0.44322438
    -0.2357	     -0.2357	    499.7643	  1.00000000	  0.44278284
    -0.2343	     -0.2343	    499.7657	  1.00000000	  0.44234381
    -0.2329	     -0.2329	    499.7671	  1.00000000	  0.44190726
    -0.2316	     -0.2316	    499.7684	  1.00000000	  0.44147319
    -0.2302	     -0.2302	    499.7698	  1.00000000	  0.44104157
    -0.2289	     -0.2289	    499.7711	  1.00000000	  0.44061240
    -0.2275	     -0.2275	    499.7725	  1.00000000	  0.44018566
    -0.2262	     -0.2262	    499.7738	  1.00000000	  0.43976134
    -0.2249	     -0.2249	    499.7751	  1.00000000	  0.43933943
    -0.2235	     -0.2235	    499.7765	  1.00000000	  0.43891990
    -0.2222	     -0.2222	    499.7778	  1.00000000	  0.43850276
    -0.2209	     -0.2209	    499.7791	  1.00000000	  0.43808799
    -0.2196	     -0.2196	    499.7804	  1.00000000	  0.43767557
    -0.2183	     -0.2183	    499.7817	  1.00000000	  0.43726550
    -0.2171	     -0.2171	    499.7829	  1.00000000	  0.43685775
    -0.2158	     -0.2158	    499.7842	  1.00000000	  0.43645232
    -0.2145	     -0.2145	    499.7855	  1.00000000	  0.43604920
    -0.2133	     -0.2133	    499.7867	  1.00000000	  0.43564836
    -0.2120	     -0.2120	    499.7880	  1.00000000	  0.43524981
    -0.2108	     -0.2108	    499.7892	  1.00000000	  0.43485352
    -0.2095	     -0.2095	    499.7905	  1.00000000	  0.43445949
    -0.2083	     -0.2083	    499.7917	  1.00000000	  0.43406770
    -0.2071	     -0.2071	    499.7929	  1.00000000	  0.43367814
    -0.2059	     -0.2059	    499.7941	  1.00000000	  0.43329080
    -0.2046	     -0.2046	    499.7954	  1.00000000	  0.43290566
    -0.2034	     -0.2034	    499.7966	  1.00000000	  0.43252272
    -0.2022	     -0.2022	    499.7978	  1.00000000	  0.43214196
    -0.2011	     -0.2011	    499.7989	  1.00000000	  0.43176337
    -0.1999	     -0.1999	    499.8001	  1.00000000	  0.43138693
    -0.1987	     -0.1987	    499.8013	  1.00000000	  0.43101265
    -0.1975	     -0.1975	    499.8025	  1.00000000	  0.43064049
    -0.1964	     -0.1964	    499.8036	  1.00000000	  0.43027046
    -0.1952	     -0.1952	    499.8048	  1.00000000	  0.42990254
    -0.1941	     -0.1941	    499.8059	  1.00000000	  0.42953672
    -0.1929	     -0.1929	    499.8071	  1.00000000	  0.42917299
    -0.1918	     -0.1918	    499.8082	  1.00000000	  0.42881134
    -0.1906	     -0.1906	    499.8094	  1.00000000	  0.42845175
    -0.1895	     -0.1895	    499.8105	  1.00000000	  0.42809421
    -0.1884	     -0.1884	    499.8116	  1.00000000	  0.42773871
    -0.1873	     -0.1873	    499.8127	  1.00000000	  0.42738525
    -0.1862	     -0.1862	    499.8138	  1.00000000	  0.42703380
    -0.1851	     -0.1851	    499.8149	  1.00000000	  0.42668437
    -0.1840	     -0.1840	    499.8160	  1.00000000	  0.42633693
    -0.1829	     -0.1829	    499.8171	  1.00000000	  0.42599147
    -0.1818	     -0.1818	    499.8182	  1.00000000	  0.42564800
    -0.1808	     -0.1808	    499.8192	  1.00000000	  0.42530648
    -0.1797	     -0.1797	    499.8203	  1.00000000	  0.42496692
    -0.1786	     -0.1786	    499.8214	  1.00000000	  0.42462930
    -0.1776	     -0.1776	    499.8224	  1.00000000	  0.42429362
    -0.1765	     -0.1765	    499.8235	  1.00000000	  0.42395985
    -0.1755	     -0.1755	    499.8245	  1.00000000	  0.42362800
    -0.1745	     -0.1745	    499.8255	  1.00000000	  0.42329804
    -0.1734	     -0.1734	    499.8266	  1.00000000	  0.42296998
    -0.1724	     -0.1724	    499.8276	  1.00000000	  0.42264379
    -0.1714	     -0.1714	    499.8286	  1.00000000	  0.42231947
    -0.1704	     -0.1704	    499.8296	  1.00000000	  0.42199701
    -0.1694	     -0.1694	    499.8306	  1.00000000	  0.42167639
    -0.1684	     -0.1684	    499.8316	  1.00000000	  0.42135762
    -0.1674	     -0.1674	    499.8326	  1.00000000	  0.42104067
    -0.1664	     -0.1664	    499.8336	  1.00000000	  0.42072553
    -0.1654	     -0.1654	    499.8346	  1.00000000	  0.42041220
    -0.1644	     -0.1644	    499.8356	  1.00000000	  0.42010067
    -0.1635	     -0.1635	    499.8365	  1.00000000	  0.41979092
    -0.1625	     -0.1625	    499.8375	  1.00000000	  0.41948295
    -0.1615	     -0.1615	    499.8385	  1.00000000	  0.41917675
    -0.1606	     -0.1606	    499.8394	  1.00000000	  0.41887230
    -0.1596	     -0.1596	    499.8404	  1.00000000	  0.41856960
    -0.1587	     -0.1587	    499.8413	  1.00000000	  0.41826864
    -0.1577	     -0.1577	    499.8423	  1.00000000	  0.41796940
    -0.1568	     -0.1568	    499.8432	  1.00000000	  0.41767188
    -0.1559	     -0.1559	    499.8441	  1.00000000	  0.41737606
    -0.1549	     -0.1549	    499.8451	  1.00000000	  0.41708195
    -0.1540	     -0.1540	    499.8460	  1.00000000	  0.41678952
    -0.1531	     -0.1531	    499.8469	  1.00000000	  0.41649877
    -0.1522	     -0.1522	    499.8478	  1.00000000	  0.41620969
    -0.1513	     -0.1513	    499.8487	  1.00000000	  0.41592227
    -0.1504	     -0.1504	    499.8496	  1.00000000	  0.41563650
    -0.1495	     -0.1495	    499.8505	  1.00000000	  0.41535238
    -0.1486	     -0.1486	    499.8514	  1.00000000	  0.41506988
    -0.1477	     -0.1477	    499.8523	  1.00000000	  0.41478901
    -0.1469	     -0.1469	    499.8531	  1.00000000	  0.41450975
    -0.1460	     -0.1460	    499.8540	  1.00000000	  0.41423209
    -0.1451	     -0.1451	    499.8549	  1.00000000	  0.41395603
    -0.1443	     -0.1443	    499.8557	  1.00000000	  0.41368156
    -0.1434	     -0.1434	    499.8566	  1.00000000	  0.41340866
    -0.1426	     -0.1426	    499.8574	  1.00000000	  0.41313734
    -0.1417	     -0.1417	    499.8583	  1.00000000	  0.41286757
    -0.1409	     -0.1409	    499.8591	  1.00000000	  0.41259935
    -0.1400	     -0.1400	    499.8600	  1.00000000	  0.41233268
    -0.1392	     -0.1392	    499.8608	  1.00000000	  0.41206753
    -0.1384	     -0.1384	    499.8616	  1.00000000	  0.41180392
    -0.1376	     -0.1376	    499.8624	  1.00000000	  0.41154182
    -0.1367	     -0.1367	    499.8633	  1.00000000	  0.41128122
    -0.1359	     -0.1359	    499.8641	  1.00000000	  0.41102213
    -0.1351	     -0.1351	    499.8649	  1.00000000	  0.41076452
    -0.1343	     -0.1343	    499.8657	  1.00000000	  0.41050840
    -0.1335	     -0.1335	    499.8665	  1.00000000	  0.41025375
    -0.1327	     -0.1327	    499.8673	  1.00000000	  0.41000056
    -0.1319	     -0.1319	    499.8681	  1.00000000	  0.40974883
    -0.1311	     -0.1311	    499.8689	  1.00000000	  0.40949855
    -0.1304	     -0.1304	    499.8696	  1.00000000	  0.40924971
    -0.1296	     -0.1296	    499.8704	  1.00000000	  0.40900230
    -0.1288	     -0.1288	    499.8712	  1.00000000	  0.40875632
    -0.1280	     -0.1280	    499.8720	  1.00000000	  0.40851175
    -0.1273	     -0.1273	    499.8727	  1.00000000	  0.40826859
    -0.1265	     -0.1265	    499.8735	  1.00000000	  0.40802683
    -0.1258	     -0.1258	    499.8742	  1.00000000	  0.40778646
    -0.1250	     -0.1250	    499.8750	  1.00000000	  0.40754747
    -0.1243	     -0.1243	    499.8757	  1.00000000	  0.40730986
    -0.1235	     -0.1235	    499.8765	  1.00000000	  0.40707362
    -0.1228	     -0.1228	    499.8772	  1.00000000	  0.40683874
    -0.1220	     -0.1220	    499.8780	  1.00000000	  0.40660521
    -0.1213	     -0.1213	    499.8787	  1.00000000	  0.40637302
    -0.1206	     -0.1206	    499.8794	  1.00000000	  0.40614218
    -0.1199	     -0.1199	    499.8801	  1.00000000	  0.40591266
    -0.1192	     -0.1192	    499.8808	  1.00000000	  0.40568446
    -0.1184	     -0.1184	    499.8816	  1.00000000	  0.40545758
    -0.1177	     -0.1177	    499.8823	  1.00000000	  0.40523200
    -0.1170	     -0.1170	    499.8830	  1.00000000	  0.40500772
    -0.1163	     -0.1163	    499.8837	  1.00000000	  0.40478474
    -0.1156	     -0.1156	    499.8844	  1.00000000	  0.40456304
    -0.1149	     -0.1149	    499.8851	  1.00000000	  0.40434262
    -0.1143	     -0.1143	    499.8857	  1.00000000	  0.40412346
    -0.1136	     -0.1136	    499.8864	  1.00000000	  0.40390557
    -0.1129	     -0.1129	    499.8871	  1.00000000	  0.40368894
    -0.1122	     -0.1122	    499.8878	  1.00000000	  0.40347355
    -0.1115	     -0.1115	    499.8885	  1.00000000	  0.40325940
    -0.1109	     -0.1109	    499.8891	  1.00000000	  0.40304649
    -0.1102	     -0.1102	    499.8898	  1.00000000	  0.40283481
    -0.1095	     -0.1095	    499.8905	  1.00000000	  0.40262434
    -0.1089	     -0.1089	    499.8911	  1.00000000	  0.40241509
    -0.1082	     -0.1082	    499.8918	  1.00000000	  0.40220704
    -0.1076	     -0.1076	    499.8924	  1.00000000	  0.40200019
    -0.1069	     -0.1069	    499.8931	  1.00000000	  0.40179454
    -0.1063	     -0.1063	    499.8937	  1.00000000	  0.40159007
    -0.1057	     -0.1057	    499.8943	  1.00000000	  0.40138677
    -0.1050	     -0.1050	    499.8950	  1.00000000	  0.40118465
    -0.1044	     -0.1044	    499.8956	  1.00000000	  0.40098370
    -0.1038	     -0.1038	    499.8962	  1.00000000	  0.40078390
    -0.1031	     -0.1031	    499.8969	  1.00000000	  0.40058526
    -0.1025	     -0.1025	    499.8975	  1.00000000	  0.40038776
    -0.1019	     -0.1019	    499.8981	  1.00000000	  0.40019139
    -0.1013	     -0.1013	    499.8987	  1.00000000	  0.39999616
    -0.1007	     -0.1007	    499.8993	  1.00000000	  0.39980206
    -0.1001	     -0.1001	    499.8999	  1.00000000	  0.39960908
    -0.0995	     -0.0995	    499.9005	  1.00000000	  0.39941720
    -0.0989	     -0.0989	    499.9011	  1.00000000	  0.39922644
    -0.0983	     -0.0983	    499.9017	  1.00000000	  0.39903677
    -0.0977	     -0.0977	    499.9023	  1.00000000	  0.39884820
    -0.0971	     -0.0971	    499.9029	  1.00000000	  0.39866071
    -0.0965	     -0.0965	    499.9035	  1.00000000	  0.39847430
    -0.0959	     -0.0959	    499.9041	  1.00000000	  0.39828897
    -0.0953	     -0.0953	    499.9047	  1.00000000	  0.39810471
    -0.0948	     -0.0948	    499.9052	  1.00000000	  0.39792151
    -0.0942	     -0.0942	    499.9058	  1.00000000	  0.39773937
    -0.0936	     -0.0936	    499.9064	  1.00000000	  0.39755828
    -0.0931	     -0.0931	    499.9069	  1.00000000	  0.39737823
    -0.0925	     -0.0925	    499.9075	  1.00000000	  0.39719922
    -0.0919	     -0.0919	    499.9081	  1.00000000	  0.39702124
    -0.0914	     -0.0914	    499.9086	  1.00000000	  0.39684429
    -0.0908	     -0.0908	    499.9092	  1.00000000	  0.39666836
    -0.0903	     -0.0903	    499.9097	  1.00000000	  0.39649344
    -0.0897	     -0.0897	    499.9103	  1.00000000	  0.39631954
    -0.0892	     -0.0892	    499.9108	  1.00000000	  0.39614663
    -0.0886	     -0.0886	    499.9114	  1.00000000	  0.39597472
    -0.0881	     -0.0881	    499.9119	  1.00000000	  0.39580381
    -0.0876	     -0.0876	    499.9124	  1.00000000	  0.39563388
    -0.0870	     -0.0870	    499.9130	  1.00000000	  0.39546493
    -0.0865	     -0.0865	    499.9135	  1.00000000	  0.39529695
    -0.0860	     -0.0860	    499.9140	  1.00000000	  0.39512994
    -0.0855	     -0.0855	    499.9145	  1.00000000	  0.39496390
    -0.0849	     -0.0849	    499.9151	  1.00000000	  0.39479881
    -0.0844	     -0.0844	    499.9156	  1.00000000	  0.39463468
    -0.0839	     -0.0839	    499.9161	  1.00000000	  0.39447149
    -0.0834	     -0.0834	    499.9166	  1.00000000	  0.39430925
    -0.0829	     -0.0829	    499.9171	  1.00000000	  0.39414793
    -0.0824	     -0.0824	    499.9176	  1.00000000	  0.39398755
    -0.0819	     -0.0819	    499.9181	  1.00000000	  0.39382810
    -0.0814	     -0.0814	    499.9186	  1.00000000	  0.39366956
    -0.0809	     -0.0809	    499.9191	  1.00000000	  0.39351194
    -0.0804	     -0.0804	    499.9196	  1.00000000	  0.39335523
    -0.0799	     -0.0799	    499.9201	  1.00000000	  0.39319942
    -0.0794	     -0.0794	    499.9206	  1.00000000	  0.39304451
    -0.0789	     -0.0789	    499.9211	  1.00000000	  0.39289050
    -0.0785	     -0.0785	    499.9215	  1.00000000	  0.39273737
    -0.0780	     -0.0780	    499.9220	  1.00000000	  0.39258513
    -0.0775	     -0.0775	    499.9225	  1.00000000	  0.39243376
    -0.0770	     -0.0770	    499.9230	  1.00000000	  0.39228327
    -0.0766	     -0.0766	    499.9234	  1.00000000	  0.39213364
    -0.0761	     -0.0761	    499.9239	  1.00000000	  0.39198488
    -0.0756	     -0.0756	    499.9244	  1.00000000	  0.39183697
    -0.0752	     -0.0752	    499.9248	  1.00000000	  0.39168992
    -0.0747	     -0.0747	    499.9253	  1.00000000	  0.39154372
    -0.0742	     -0.0742	    499.9258	  1.00000000	  0.39139836
    -0.0738	     -0.0738	    499.9262	  1.00000000	  0.39125384
    -0.0733	     -0.0733	    499.9267	  1.00000000	  0.39111015
    -0.0729	     -0.0729	    499.9271	  1.00000000	  0.39096729
    -0.0724	     -0.0724	    499.9276	  1.00000000	  0.39082526
    -0.0720	     -0.0720	    499.9280	  1.00000000	  0.39068404
    -0.0716	     -0.0716	    499.9284	  1.00000000	  0.39054364
    -0.0711	     -0.0711	    499.9289	  1.00000000	  0.39040405
    -0.0707	     -0.0707	    499.9293	  1.00000000	  0.39026527
    -0.0702	     -0.0702	    499.9298	  1.00000000	  0.39012728
    -0.0698	     -0.0698	    499.9302	  1.00000000	  0.38999009
    -0.0694	     -0.0694	    499.9306	  1.00000000	  0.38985369
    -0.0690	     -0.0690	    499.9310	  1.00000000	  0.38971808
    -0.0685	     -0.0685	    499.9315	  1.00000000	  0.38958325
    -0.0681	     -0.0681	    499.9319	  1.00000000	  0.38944920
    -0.0677	     -0.0677	    499.9323	  1.00000000	  0.38931592
    -0.0673	     -0.0673	    499.9327	  1.00000000	  0.38918341
    -0.0669	     -0.0669	    499.9331	  1.00000000	  0.38905167
    -0.0664	     -0.0664	    499.9336	  1.00000000	  0.38892068
    -0.0660	     -0.0660	    499.9340	  1.00000000	  0.38879045
    -0.0656	     -0.0656	    499.9344	  1.00000000	  0.38866097
    -0.0652	     -0.0652	    499.9348	  1.00000000	  0.38853224
    -0.0648	     -0.0648	    499.9352	  1.00000000	  0.38840425
    -0.0644	     -0.0644	    499.9356	  1.00000000	  0.38827700
    -0.0640	     -0.0640	    499.9360	  1.00000000	  0.38815048
    -0.0636	     -0.0636	    499.9364	  1.00000000	  0.38802470
    -0.0632	     -0.0632	    499.9368	  1.00000000	  0.38789963
    -0.0628	     -0.0628	    499.9372	  1.00000000	  0.38777529
    -0.0624	     -0.0624	    499.9376	  1.00000000	  0.38765167
    -0.0621	     -0.0621	    499.9379	  1.00000000	  0.38752876
    -0.0617	     -0.0617	    499.9383	  1.00000000	  0.38740656
    -0.0613	     -0.0613	    499.9387	  1.00000000	  0.38728506
    -0.0609	     -0.0609	    499.9391	  1.00000000	  0.38716426
    -0.0605	     -0.0605	    499.9395	  1.00000000	  0.38704416
    -0.0602	     -0.0602	    499.9398	  1.00000000	  0.38692476
    -0.0598	     -0.0598	    499.9402	  1.00000000	  0.38680604
    -0.0594	     -0.0594	    499.9406	  1.00000000	  0.38668800
    -0.0590	     -0.0590	    499.9410	  1.00000000	  0.38657065
    -0.0587	     -0.0587	    499.9413	  1.00000000	  0.38645397
    -0.0583	     -0.0583	    499.9417	  1.00000000	  0.38633797
    -0.0579	     -0.0579	    499.9421	  1.00000000	  0.38622264
    -0.0576	     -0.0576	    499.9424	  1.00000000	  0.38610797
    -0.0572	     -0.0572	    499.9428	  1.00000000	  0.38599396
    -0.0569	     -0.0569	    499.9431	  1.00000000	  0.38588061
    -0.0565	     -0.0565	    499.9435	  1.00000000	  0.38576791
    -0.0562	     -0.0562	    499.9438	  1.00000000	  0.38565586
    -0.0558	     -0.0558	    499.9442	  1.00000000	  0.38554446
    -0.0555	     -0.0555	    499.9445	  1.00000000	  0.38543370
    -0.0551	     -0.0551	    499.9449	  1.00000000	  0.38532358
    -0.0548	     -0.0548	    499.9452	  1.00000000	  0.38521410
    -0.0544	     -0.0544	    499.9456	  1.00000000	  0.38510524
    -0.0541	     -0.0541	    499.9459	  1.00000000	  0.38499702
    -0.0537	     -0.0537	    499.9463	  1.00000000	  0.38488942
    -0.0534	     -0.0534	    499.9466	  1.00000000	  0.38478243
    -0.0531	     -0.0531	    499.9469	  1.00000000	  0.38467607
    -0.0527	     -0.0527	    499.9473	  1.00000000	  0.38457032
    -0.0524	     -0.0524	    499.9476	  1.00000000	  0.38446518
    -0.0521	     -0.0521	    499.9479	  1.00000000	  0.38436064
    -0.0518	     -0.0518	    499.9482	  1.00000000	  0.38425671
    -0.0514	     -0.0514	    499.9486	  1.00000000	  0.38415338
    -0.0511	     -0.0511	    499.9489	  1.00000000	  0.38405064
    -0.0508	     -0.0508	    499.9492	  1.00000000	  0.38394849
    -0.0505	     -0.0505	    499.9495	  1.00000000	  0.38384694
    -0.0501	     -0.0501	    499.9499	  1.00000000	  0.38374597
    -0.0498	     -0.0498	    499.9502	  1.00000000	  0.38364558
    -0.0495	     -0.0495	    499.9505	  1.00000000	  0.38354577
    -0.0492	     -0.0492	    499.9508	  1.00000000	  0.38344653
    -0.0489	     -0.0489	    499.9511	  1.00000000	  0.38334787
    -0.0486	     -0.0486	    499.9514	  1.00000000	  0.38324978
    -0.0483	     -0.0483	    499.9517	  1.00000000	  0.38315225
    -0.0480	     -0.0480	    499.9520	  1.00000000	  0.38305528
    -0.0477	     -0.0477	    499.9523	  1.00000000	  0.38295888
    -0.0474	     -0.0474	    499.9526	  1.00000000	  0.38286303
    -0.0471	     -0.0471	    499.9529	  1.00000000	  0.38276773
    -0.0468	     -0.0468	    499.9532	  1.00000000	  0.38267298
    -0.0465	     -0.0465	    499.9535	  1.00000000	  0.38257878
    -0.0462	     -0.0462	    499.9538	  1.00000000	  0.38248512
    -0.0459	     -0.0459	    499.9541	  1.00000000	  0.38239200
    -0.0456	     -0.0456	    499.9544	  1.00000000	  0.38229941
    -0.0453	     -0.0453	    499.9547	  1.00000000	  0.38220736
    -0.0450	     -0.0450	    499.9550	  1.00000000	  0.38211584
    -0.0447	     -0.0447	    499.9553	  1.00000000	  0.38202485
    -0.0444	     -0.0444	    499.9556	  1.00000000	  0.38193439
    -0.0441	     -0.0441	    499.9559	  1.00000000	  0.38184444
    -0.0439	     -0.0439	    499.9561	  1.00000000	  0.38175501
    -0.0436	     -0.0436	    499.9564	  1.00000000	  0.38166610
    -0.0433	     -0.0433	    499.9567	  1.00000000	  0.38157770
    -0.0430	     -0.0430	    499.9570	  1.00000000	  0.38148981
    -0.0428	     -0.0428	    499.9572	  1.00000000	  0.38140243
    -0.0425	     -0.0425	    499.9575	  1.00000000	  0.38131555
    -0.0422	     -0.0422	    499.9578	  1.00000000	  0.38122917
    -0.0419	     -0.0419	    499.9581	  1.00000000	  0.38114329
    -0.0417	     -0.0417	    499.9583	  1.00000000	  0.38105791
    -0.0414	     -0.0414	    499.9586	  1.00000000	  0.38097301
    -0.0411	     -0.0411	    499.9589	  1.00000000	  0.38088861
    -0.0409	     -0.0409	    499.9591	  1.00000000	  0.38080469
    -0.0406	     -0.0406	    499.9594	  1.00000000	  0.38072126
    -0.0403	     -0.0403	    499.9597	  1.00000000	  0.38063830
    -0.0401	     -0.0401	    499.9599	  1.00000000	  0.38055583
    -0.0398	     -0.0398	    499.9602	  1.00000000	  0.38047383
    -0.0396	     -0.0396	    499.9604	  1.00000000	  0.38039230
    -0.0393	     -0.0393	    499.9607	  1.00000000	  0.38031124
    -0.0391	     -0.0391	    499.9609	  1.00000000	  0.38023065
    -0.0388	     -0.0388	    499.9612	  1.00000000	  0.38015052
    -0.0385	     -0.0385	    499.9615	  1.00000000	  0.38007086
    -0.0383	     -0.0383	    499.9617	  1.00000000	  0.37999165
    -0.0381	     -0.0381	    499.9619	  1.00000000	  0.37991291
    -0.0378	     -0.0378	    499.9622	  1.00000000	  0.37983461
    -0.0376	     -0.0376	    499.9624	  1.00000000	  0.37975677
    -0.0373	     -0.0373	    499.9627	  1.00000000	  0.37967937
    -0.0371	     -0.0371	    499.9629	  1.00000000	  0.37960242
    -0.0368	     -0.0368	    499.9632	  1.00000000	  0.37952591
    -0.0366	     -0.0366	    499.9634	  1.00000000	  0.37944985
    -0.0363	     -0.0363	    499.9637	  1.00000000	  0.37937422
    -0.0361	     -0.0361	    499.9639	  1.00000000	  0.37929903
    -0.0359	     -0.0359	    499.9641	  1.00000000	  0.37922427
    -0.0356	     -0.0356	    499.9644	  1.00000000	  0.37914994
    -0.0354	     -0.0354	    499.9646	  1.00000000	  0.37907605
    -0.0352	     -0.0352	    499.9648	  1.00000000	  0.37900257
    -0.0349	     -0.0349	    499.9651	  1.00000000	  0.37892952
    -0.0347	     -0.0347	    499.9653	  1.00000000	  0.37885689
    -0.0345	     -0.0345	    499.9655	  1.00000000	  0.37878468
    -0.0343	     -0.0343	    499.9657	  1.00000000	  0.37871289
    -0.0340	     -0.0340	    499.9660	  1.00000000	  0.37864150
    -0.0338	     -0.0338	    499.9662	  1.00000000	  0.37857053
    -0.0336	     -0.0336	    499.9664	  1.00000000	  0.37849997
    -0.0334	     -0.0334	    499.9666	  1.00000000	  0.37842982
    -0.0331	     -0.0331	    499.9669	  1.00000000	  0.37836007
    -0.0329	     -0.0329	    499.9671	  1.00000000	  0.37829072
    -0.0327	     -0.0327	    499.9673	  1.00000000	  0.37822177
    -0.0325	     -0.0325	    499.9675	  1.00000000	  0.37815322
    -0.0323	     -0.0323	    499.9677	  1.00000000	  0.37808506
    -0.0321	     -0.0321	    499.9679	  1.00000000	  0.37801729
    -0.0319	     -0.0319	    499.9681	  1.00000000	  0.37794992
    -0.0316	     -0.0316	    499.9684	  1.00000000	  0.37788293
    -0.0314	     -0.0314	    499.9686	  1.00000000	  0.37781633
    -0.0312	     -0.0312	    499.9688	  1.00000000	  0.37775012
    -0.0310	     -0.0310	    499.9690	  1.00000000	  0.37768428
    -0.0308	     -0.0308	    499.9692	  1.00000000	  0.37761882
    -0.0306	     -0.0306	    499.9694	  1.00000000	  0.37755375
    -0.0304	     -0.0304	    499.9696	  1.00000000	  0.37748904
    -0.0302	     -0.0302	    499.9698	  1.00000000	  0.37742471
    -0.0300	     -0.0300	    499.9700	  1.00000000	  0.37736075
    -0.0298	     -0.0298	    499.9702	  1.00000000	  0.37729715
    -0.0296	     -0.0296	    499.9704	  1.00000000	  0.37723393
    -0.0294	     -0.0294	    499.9706	  1.00000000	  0.37717107
    -0.0292	     -0.0292	    499.9708	  1.00000000	  0.37710856
    -0.0290	     -0.0290	    499.9710	  1.00000000	  0.37704642
    -0.0288	     -0.0288	    499.9712	  1.00000000	  0.37698464
    -0.0286	     -0.0286	    499.9714	  1.00000000	  0.37692321
    -0.0284	     -0.0284	    499.9716	  1.00000000	  0.37686214
    -0.0282	     -0.0282	    499.9718	  1.00000000	  0.37680142
    -0.0280	     -0.0280	    499.9720	  1.00000000	  0.37674105
    -0.0278	     -0.0278	    499.9722	  1.00000000	  0.37668102
    -0.0277	     -0.0277	    499.9723	  1.00000000	  0.37662135
    -0.0275	     -0.0275	    499.9725	  1.00000000	  0.37656201
    -0.0273	     -0.0273	    499.9727	  1.00000000	  0.37650302
    -0.0271	     -0.0271	    499.9729	  1.00000000	  0.37644436
    -0.0269	     -0.0269	    499.9731	  1.00000000	  0.37638605
    -0.0267	     -0.0267	    499.9733	  1.00000000	  0.37632807
    -0.0265	     -0.0265	    499.9735	  1.00000000	  0.37627042
    -0.0264	     -0.0264	    499.9736	  1.00000000	  0.37621311
    -0.0262	     -0.0262	    499.9738	  1.00000000	  0.37615612
    -0.0260	     -0.0260	    499.9740	  1.00000000	  0.37609947
    -0.0258	     -0.0258	    499.9742	  1.00000000	  0.37604314
    -0.0257	     -0.0257	    499.9743	  1.00000000	  0.37598713
    -0.0255	     -0.0255	    499.9745	  1.00000000	  0.37593145
    -0.0253	     -0.0253	    499.9747	  1.00000000	  0.37587609
    -0.0251	     -0.0251	    499.9749	  1.00000000	  0.37582104
    -0.0250	     -0.0250	    499.9750	  1.00000000	  0.37576632
    -0.0248	     -0.0248	    499.9752	  1.00000000	  0.37571190
    -0.0246	     -0.0246	    499.9754	  1.00000000	  0.37565780
    -0.0244	     -0.0244	    499.9756	  1.00000000	  0.37560402
    -0.0243	     -0.0243	    499.9757	  1.00000000	  0.37555054
    -0.0241	     -0.0241	    499.9759	  1.00000000	  0.37549737
    -0.0239	     -0.0239	    499.9761	  1.00000000	  0.37544451
    -0.0238	     -0.0238	    499.9762	  1.00000000	  0.37539195
    -0.0236	     -0.0236	    499.9764	  1.00000000	  0.37533969
    -0.0234	     -0.0234	    499.9766	  1.00000000	  0.37528774
    -0.0233	     -0.0233	    499.9767	  1.00000000	  0.37523608
    -0.0231	     -0.0231	    499.9769	  1.00000000	  0.37518472
    -0.0230	     -0.0230	    499.9770	  1.00000000	  0.37513366
    -0.0228	     -0.0228	    499.9772	  1.00000000	  0.37508289
    -0.0226	     -0.0226	    499.9774	  1.00000000	  0.37503241
    -0.0225	     -0.0225	    499.9775	  1.00000000	  0.37498222
    -0.0223	     -0.0223	    499.9777	  1.00000000	  0.37493232
    -0.0222	     -0.0222	    499.9778	  1.00000000	  0.37488271
    -0.0220	     -0.0220	    499.9780	  1.00000000	  0.37483339
    -0.0219	     -0.0219	    499.9781	  1.00000000	  0.37478435
    -0.0217	     -0.0217	    499.9783	  1.00000000	  0.37473559
    -0.0215	     -0.0215	    499.9785	  1.00000000	  0.37468711
    -0.0214	     -0.0214	    499.9786	  1.00000000	  0.37463891
    -0.0212	     -0.0212	    499.9788	  1.00000000	  0.37459099
    -0.0211	     -0.0211	    499.9789	  1.00000000	  0.37454334
    -0.0209	     -0.0209	    499.9791	  1.00000000	  0.37449597
    -0.0208	     -0.0208	    499.9792	  1.00000000	  0.37444887
    -0.0206	     -0.0206	    499.9794	  1.00000000	  0.37440204
    -0.0205	     -0.0205	    499.9795	  1.00000000	  0.37435548
    -0.0203	     -0.0203	    499.9797	  1.00000000	  0.37430919
    -0.0202	     -0.0202	    499.9798	  1.00000000	  0.37426317
    -0.0201	     -0.0201	    499.9799	  1.00000000	  0.37421741
    -0.0199	     -0.0199	    499.9801	  1.00000000	  0.37417191
    -0.0198	     -0.0198	    499.9802	  1.00000000	  0.37412668
    -0.0196	     -0.0196	    499.9804	  1.00000000	  0.37408170
    -0.0195	     -0.0195	    499.9805	  1.00000000	  0.37403699
    -0.0193	     -0.0193	    499.9807	  1.00000000	  0.37399253
    -0.0192	     -0.0192	    499.9808	  1.00000000	  0.37394833
    -0.0191	     -0.0191	    499.9809	  1.00000000	  0.37390438
    -0.0189	     -0.0189	    499.9811	  1.00000000	  0.37386068
    -0.0188	     -0.0188	    499.9812	  1.00000000	  0.37381724
    -0.0187	     -0.0187	    499.9813	  1.00000000	  0.37377405
    -0.0185	     -0.0185	    499.9815	  1.00000000	  0.37373110
    -0.0184	     -0.0184	    499.9816	  1.00000000	  0.37368841
    -0.0183	     -0.0183	    499.9817	  1.00000000	  0.37364595
    -0.0181	     -0.0181	    499.9819	  1.00000000	  0.37360375
    -0.0180	     -0.0180	    499.9820	  1.00000000	  0.37356178
    -0.0179	     -0.0179	    499.9821	  1.00000000	  0.37352006
    -0.0177	     -0.0177	    499.9823	  1.00000000	  0.37347857
    -0.0176	     -0.0176	    499.9824	  1.00000000	  0.37343733
    -0.0175	     -0.0175	    499.9825	  1.00000000	  0.37339632
    -0.0173	     -0.0173	    499.9827	  1.00000000	  0.37335555
    -0.0172	     -0.0172	    499.9828	  1.00000000	  0.37331501
    -0.0171	     -0.0171	    499.9829	  1.00000000	  0.37327471
    -0.0170	     -0.0170	    499.9830	  1.00000000	  0.37323464
    -0.0168	     -0.0168	    499.9832	  1.00000000	  0.37319480
    -0.0167	     -0.0167	    499.9833	  1.00000000	  0.37315518
    -0.0166	     -0.0166	    499.9834	  1.00000000	  0.37311580
    -0.0165	     -0.0165	    499.9835	  1.00000000	  0.37307664
    -0.0163	     -0.0163	    499.9837	  1.00000000	  0.37303771
    -0.0162	     -0.0162	    499.9838	  1.00000000	  0.37299900
    -0.0161	     -0.0161	    499.9839	  1.00000000	  0.37296052
    -0.0160	     -0.0160	    499.9840	  1.00000000	  0.37292225
    -0.0158	     -0.0158	    499.9842	  1.00000000	  0.37288421
    -0.0157	     -0.0157	    499.9843	  1.00000000	  0.37284638
    -0.0156	     -0.0156	    499.9844	  1.00000000	  0.37280878
    -0.0155	     -0.0155	    499.9845	  1.00000000	  0.37277138
    -0.0154	     -0.0154	    499.9846	  1.00000000	  0.37273421
    -0.0153	     -0.0153	    499.9847	  1.00000000	  0.37269725
    -0.0151	     -0.0151	    499.9849	  1.00000000	  0.37266050
    -0.0150	     -0.0150	    499.9850	  1.00000000	  0.37262396
    -0.0149	     -0.0149	    499.9851	  1.00000000	  0.37258763
    -0.0148	     -0.0148	    499.9852	  1.00000000	  0.37255151
    -0.0147	     -0.0147	    499.9853	  1.00000000	  0.37251560
    -0.0146	     -0.0146	    499.9854	  1.00000000	  0.37247989
    -0.0145	     -0.0145	    499.9855	  1.00000000	  0.37244440
    -0.0143	     -0.0143	    499.9857	  1.00000000	  0.37240910
    -0.0142	     -0.0142	    499.9858	  1.00000000	  0.37237401
    -0.0141	     -0.0141	    499.9859	  1.00000000	  0.37233912
    -0.0140	     -0.0140	    499.9860	  1.00000000	  0.37230443
    -0.0139	     -0.0139	    499.9861	  1.00000000	  0.37226994
    -0.0138	     -0.0138	    499.9862	  1.00000000	  0.37223565
    -0.0137	     -0.0137	    499.9863	  1.00000000	  0.37220155
    -0.0136	     -0.0136	    499.9864	  1.00000000	  0.37216765
    -0.0135	     -0.0135	    499.9865	  1.00000000	  0.37213395
    -0.0134	     -0.0134	    499.9866	  1.00000000	  0.37210044
    -0.0133	     -0.0133	    499.9867	  1.00000000	  0.37206712
    -0.0132	     -0.0132	    499.9868	  1.00000000	  0.37203400
    -0.0130	     -0.0130	    499.9870	  1.00000000	  0.37200106
    -0.0129	     -0.0129	    499.9871	  1.00000000	  0.37196832
    -0.0128	     -0.0128	    499.9872	  1.00000000	  0.37193576
    -0.0127	     -0.0127	    499.9873	  1.00000000	  0.37190339
    -0.0126	     -0.0126	    499.9874	  1.00000000	  0.37187121
    -0.0125	     -0.0125	    499.9875	  1.00000000	  0.37183921
    -0.0124	     -0.0124	    499.9876	  1.00000000	  0.37180740
    -0.0123	     -0.0123	    499.9877	  1.00000000	  0.37177576
    -0.0122	     -0.0122	    499.9878	  1.00000000	  0.37174431
    -0.0121	     -0.0121	    499.9879	  1.00000000	  0.37171305
    -0.0120	     -0.0120	    499.9880	  1.00000000	  0.37168196
    -0.0119	     -0.0119	    499.9881	  1.00000000	  0.37165105
    -0.0118	     -0.0118	    499.9882	  1.00000000	  0.37162031
    -0.0117	     -0.0117	    499.9883	  1.00000000	  0.37158976
    -0.0117	     -0.0117	    499.9883	  1.00000000	  0.37155938
    -0.0116	     -0.0116	    499.9884	  1.00000000	  0.37152917
    -0.0115	     -0.0115	    499.9885	  1.00000000	  0.37149914
    -0.0114	     -0.0114	    499.9886	  1.00000000	  0.37146928
    -0.0113	     -0.0113	    499.9887	  1.00000000	  0.37143960
    -0.0112	     -0.0112	    499.9888	  1.00000000	  0.37141008
    -0.0111	     -0.0111	    499.9889	  1.00000000	  0.37138073
    -0.0110	     -0.0110	    499.9890	  1.00000000	  0.37135156
    -0.0109	     -0.0109	    499.9891	  1.00000000	  0.37132255
    -0.0108	     -0.0108	    499.9892	  1.00000000	  0.37129370
    -0.0107	     -0.0107	    499.9893	  1.00000000	  0.37126502
    -0.0106	     -0.0106	    499.9894	  1.00000000	  0.37123651
    -0.0105	     -0.0105	    499.9895	  1.00000000	  0.37120816
    -0.0105	     -0.0105	    499.9895	  1.00000000	  0.37117998
    -0.0104	     -0.0104	    499.9896	  1.00000000	  0.37115195
    -0.0103	     -0.0103	    499.9897	  1.00000000	  0.37112409
    -0.0102	     -0.0102	    499.9898	  1.00000000	  0.37109639
    -0.0101	     -0.0101	    499.9899	  1.00000000	  0.37106885
    -0.0100	     -0.0100	    499.9900	  1.00000000	  0.37104146
    -0.0099	     -0.0099	    499.9901	  1.00000000	  0.37101423
    -0.0098	     -0.0098	    499.9902	  1.00000000	  0.37098716
    -0.0098	     -0.0098	    499.9902	  1.00000000	  0.37096025
    -0.0097	     -0.0097	    499.9903	  1.00000000	  0.37093349
    -0.0096	     -0.0096	    499.9904	  1.00000000	  0.37090688
    -0.0095	     -0.0095	    499.9905	  1.00000000	  0.37088043
    -0.0094	     -0.0094	    499.9906	  1.00000000	  0.37085413
    -0.0093	     -0.0093	    499.9907	  1.00000000	  0.37082798
    -0.0093	     -0.0093	    499.9907	  1.00000000	  0.37080198
    -0.0092	     -0.0092	    499.9908	  1.00000000	  0.37077613
    -0.0091	     -0.0091	    499.9909	  1.00000000	  0.37075043
    -0.0090	     -0.0090	    499.9910	  1.00000000	  0.37072487
    -0.0089	     -0.0089	    499.9911	  1.00000000	  0.37069947
    -0.0089	     -0.0089	    499.9911	  1.00000000	  0.37067420
    -0.0088	     -0.0088	    499.9912	  1.00000000	  0.37064909
    -0.0087	     -0.0087	    499.9913	  1.00000000	  0.37062412
    -0.0086	     -0.0086	    499.9914	  1.00000000	  0.37059929
    -0.0085	     -0.0085	    499.9915	  1.00000000	  0.37057460
    -0.0085	     -0.0085	    499.9915	  1.00000000	  0.37055006
    -0.0084	     -0.0084	    499.9916	  1.00000000	  0.37052566
    -0.0083	     -0.0083	    499.9917	  1.00000000	  0.37050140
    -0.0082	     -0.0082	    499.9918	  1.00000000	  0.37047728
    -0.0082	     -0.0082	    499.9918	  1.00000000	  0.37045329
    -0.0081	     -0.0081	    499.9919	  1.00000000	  0.37042945
    -0.0080	     -0.0080	    499.9920	  1.00000000	  0.37040574
    -0.0079	     -0.0079	    499.9921	  1.00000000	  0.37038217
    -0.0079	     -0.0079	    499.9921	  1.00000000	  0.37035873
    -0.0078	     -0.0078	    499.9922	  1.00000000	  0.37033543
    -0.0077	     -0.0077	    499.9923	  1.00000000	  0.37031226
    -0.0076	     -0.0076	    499.9924	  1.00000000	  0.37028922
    -0.0076	     -0.0076	    499.9924	  1.00000000	  0.37026632
    -0.0075	     -0.0075	    499.9925	  1.00000000	  0.37024355
    -0.0074	     -0.0074	    499.9926	  1.00000000	  0.37022091
    -0.0073	     -0.0073	    499.9927	  1.00000000	  0.37019840
    -0.0073	     -0.0073	    499.9927	  1.00000000	  0.37017602
    -0.0072	     -0.0072	    499.9928	  1.00000000	  0.37015377
    -0.0071	     -0.0071	    499.9929	  1.00000000	  0.37013164
    -0.0071	     -0.0071	    499.9929	  1.00000000	  0.37010965
    -0.0070	     -0.0070	    499.9930	  1.00000000	  0.37008778
    -0.0069	     -0.0069	    499.9931	  1.00000000	  0.37006603
    -0.0069	     -0.0069	    499.9931	  1.00000000	  0.37004441
    -0.0068	     -0.0068	    499.9932	  1.00000000	  0.37002292
    -0.0067	     -0.0067	    499.9933	  1.00000000	  0.37000154
    -0.0067	     -0.0067	    499.9933	  1.00000000	  0.36998030
    -0.0066	     -0.0066	    499.9934	  1.00000000	  0.36995917
    -0.0065	     -0.0065	    499.9935	  1.00000000	  0.36993816
    -0.0065	     -0.0065	    499.9935	  1.00000000	  0.36991728
    -0.0064	     -0.0064	    499.9936	  1.00000000	  0.36989651
    -0.0063	     -0.0063	    499.9937	  1.00000000	  0.36987587
    -0.0063	     -0.0063	    499.9937	  1.00000000	  0.36985534
    -0.0062	     -0.0062	    499.9938	  1.00000000	  0.36983493
    -0.0061	     -0.0061	    499.9939	  1.00000000	  0.36981464
    -0.0061	     -0.0061	    499.9939	  1.00000000	  0.36979447
    -0.0060	     -0.0060	    499.9940	  1.00000000	  0.36977441
    -0.0059	     -0.0059	    499.9941	  1.00000000	  0.36975446
    -0.0059	     -0.0059	    499.9941	  1.00000000	  0.36973464
    -0.0058	     -0.0058	    499.9942	  1.00000000	  0.36971492
    -0.0058	     -0.0058	    499.9942	  1.00000000	  0.36969532
    -0.0057	     -0.0057	    499.9943	  1.00000000	  0.36967583
    -0.0056	     -0.0056	    499.9944	  1.00000000	  0.36965645
    -0.0056	     -0.0056	    499.9944	  1.00000000	  0.36963719
    -0.0055	     -0.0055	    499.9945	  1.00000000	  0.36961803
    -0.0054	     -0.0054	    499.9946	  1.00000000	  0.36959899
    -0.0054	     -0.0054	    499.9946	  1.00000000	  0.36958005
    -0.0053	     -0.0053	    499.9947	  1.00000000	  0.36956122
    -0.0053	     -0.0053	    499.9947	  1.00000000	  0.36954251
    -0.0052	     -0.0052	    499.9948	  1.00000000	  0.36952390
    -0.0052	     -0.0052	    499.9948	  1.00000000	  0.36950539
    -0.0051	     -0.0051	    499.9949	  1.00000000	  0.36948699
    -0.0050	     -0.0050	    499.9950	  1.00000000	  0.36946870
    -0.0050	     -0.0050	    499.9950	  1.00000000	  0.36945052
    -0.0049	     -0.0049	    499.9951	  1.00000000	  0.36943243
    -0.0049	     -0.0049	    499.9951	  1.00000000	  0.36941446
    -0.0048	     -0.0048	    499.9952	  1.00000000	  0.36939658
    -0.0047	     -0.0047	    499.9953	  1.00000000	  0.36937881
    -0.0047	     -0.0047	    499.9953	  1.00000000	  0.36936114
    -0.0046	     -0.0046	    499.9954	  1.00000000	  0.36934357
    -0.0046	     -0.0046	    499.9954	  1.00000000	  0.36932610
    -0.0045	     -0.0045	    499.9955	  1.00000000	  0.36930873
    -0.0045	     -0.0045	    499.9955	  1.00000000	  0.36929147
    -0.0044	     -0.0044	    499.9956	  1.00000000	  0.36927430
    -0.0044	     -0.0044	    499.9956	  1.00000000	  0.36925723
    -0.0043	     -0.0043	    499.9957	  1.00000000	  0.36924026
    -0.0043	     -0.0043	    499.9957	  1.00000000	  0.36922338
    -0.0042	     -0.0042	    499.9958	  1.00000000	  0.36920661
    -0.0042	     -0.0042	    499.9958	  1.00000000	  0.36918993
    -0.0041	     -0.0041	    499.9959	  1.00000000	  0.36917334
    -0.0040	     -0.0040	    499.9960	  1.00000000	  0.36915685
    -0.0040	     -0.0040	    499.9960	  1.00000000	  0.36914046
    -0.0039	     -0.0039	    499.9961	  1.00000000	  0.36912416
    -0.0039	     -0.0039	    499.9961	  1.00000000	  0.36910795
    -0.0038	     -0.0038	    499.9962	  1.00000000	  0.36909184
    -0.0038	     -0.0038	    499.9962	  1.00000000	  0.36907581
    -0.0037	     -0.0037	    499.9963	  1.00000000	  0.36905989
    -0.0037	     -0.0037	    499.9963	  1.00000000	  0.36904405
    -0.0036	     -0.0036	    499.9964	  1.00000000	  0.36902830
    -0.0036	     -0.0036	    499.9964	  1.00000000	  0.36901265
    -0.0035	     -0.0035	    499.9965	  1.00000000	  0.36899708
    -0.0035	     -0.0035	    499.9965	  1.00000000	  0.36898160
    -0.0034	     -0.0034	    499.9966	  1.00000000	  0.36896621
    -0.0034	     -0.0034	    499.9966	  1.00000000	  0.36895092
    -0.0033	     -0.0033	    499.9967	  1.00000000	  0.36893570
    -0.0033	     -0.0033	    499.9967	  1.00000000	  0.36892058
    -0.0033	     -0.0033	    499.9967	  1.00000000	  0.36890554
    -0.0032	     -0.0032	    499.9968	  1.00000000	  0.36889059
    -0.0032	     -0.0032	    499.9968	  1.00000000	  0.36887573
    -0.0031	     -0.0031	    499.9969	  1.00000000	  0.36886095
    -0.0031	     -0.0031	    499.9969	  1.00000000	  0.36884625
    -0.0030	     -0.0030	    499.9970	  1.00000000	  0.36883164
    -0.0030	     -0.0030	    499.9970	  1.00000000	  0.36881712
    -0.0029	     -0.0029	    499.9971	  1.00000000	  0.36880267
    -0.0029	     -0.0029	    499.9971	  1.00000000	  0.36878831
    -0.0028	     -0.0028	    499.9972	  1.00000000	  0.36877404
    -0.0028	     -0.0028	    499.9972	  1.00000000	  0.36875984
    -0.0027	     -0.0027	    499.9973	  1.00000000	  0.36874573
    -0.0027	     -0.0027	    499.9973	  1.00000000	  0.36873170
    -0.0027	     -0.0027	    499.9973	  1.00000000	  0.36871774
    -0.0026	     -0.0026	    499.9974	  1.00000000	  0.36870387
    -0.0026	     -0.0026	    499.9974	  1.00000000	  0.36869008
    -0.0025	     -0.0025	    499.9975	  1.00000000	  0.36867637
    -0.0025	     -0.0025	    499.9975	  1.00000000	  0.36866273
    -0.0024	     -0.0024	    499.9976	  1.00000000	  0.36864918
    -0.0024	     -0.0024	    499.9976	  1.00000000	  0.36863570
    -0.0024	     -0.0024	    499.9976	  1.00000000	  0.36862230
    -0.0023	     -0.0023	    499.9977	  1.00000000	  0.36860897
    -0.0023	     -0.0023	    499.9977	  1.00000000	  0.36859573
    -0.0022	     -0.0022	    499.9978	  1.00000000	  0.36858256
    -0.0022	     -0.0022	    499.9978	  1.00000000	  0.36856946
    -0.0021	     -0.0021	    499.9979	  1.00000000	  0.36855644
    -0.0021	     -0.0021	    499.9979	  1.00000000	  0.36854350
    -0.0021	     -0.0021	    499.9979	  1.00000000	  0.36853063
    -0.0020	     -0.0020	    499.9980	  1.00000000	  0.36851783
    -0.0020	     -0.0020	    499.9980	  1.00000000	  0.36850511
    -0.0019	     -0.0019	    499.9981	  1.00000000	  0.36849246
    -0.0019	     -0.0019	    499.9981	  1.00000000	  0.36847988
    -0.0019	     -0.0019	    499.9981	  1.00000000	  0.36846737
    -0.0018	     -0.0018	    499.9982	  1.00000000	  0.36845494
    -0.0018	     -0.0018	    499.9982	  1.00000000	  0.36844258
    -0.0017	     -0.0017	    499.9983	  1.00000000	  0.36843029
    -0.0017	     -0.0017	    499.9983	  1.00000000	  0.36841807
    -0.0017	     -0.0017	    499.9983	  1.00000000	  0.36840592
    -0.0016	     -0.0016	    499.9984	  1.00000000	  0.36839384
    -0.0016	     -0.0016	    499.9984	  1.00000000	  0.36838182
    -0.0016	     -0.0016	    499.9984	  1.00000000	  0.36836988
    -0.0015	     -0.0015	    499.9985	  1.00000000	  0.36835801
    -0.0015	     -0.0015	    499.9985	  1.00000000	  0.36834620
    -0.0014	     -0.0014	    499.9986	  1.00000000	  0.36833447
    -0.0014	     -0.0014	    499.9986	  1.00000000	  0.36832280
    -0.0014	     -0.0014	    499.9986	  1.00000000	  0.36831119
    -0.0013	     -0.0013	    499.9987	  1.00000000	  0.36829966
    -0.0013	     -0.0013	    499.9987	  1.00000000	  0.36828819
    -0.0013	     -0.0013	    499.9987	  1.00000000	  0.36827678
    -0.0012	     -0.0012	    499.9988	  1.00000000	  0.36826544
    -0.0012	     -0.0012	    499.9988	  1.00000000	  0.36825417
    -0.0012	     -0.0012	    499.9988	  1.00000000	  0.36824296
    -0.0011	     -0.0011	    499.9989	  1.00000000	  0.36823182
    -0.0011	     -0.0011	    499.9989	  1.00000000	  0.36822074
    -0.0010	     -0.0010	    499.9990	  1.00000000	  0.36820972
    -0.0010	     -0.0010	    499.9990	  1.00000000	  0.36819877
    -0.0010	     -0.0010	    499.9990	  1.00000000	  0.36818788
    -0.0009	     -0.0009	    499.9991	  1.00000000	  0.36817705
    -0.0009	     -0.0009	    499.9991	  1.00000000	  0.36816628
    -0.0009	     -0.0009	    499.9991	  1.00000000	  0.36815558
    -0.0008	     -0.0008	    499.9992	  1.00000000	  0.36814494
    -0.0008	     -0.0008	    499.9992	  1.00000000	  0.36813436
    -0.0008	     -0.0008	    499.9992	  1.00000000	  0.36812383
    -0.0007	     -0.0007	    499.9993	  1.00000000	  0.36811337
    -0.0007	     -0.0007	    499.9993	  1.00000000	  0.36810297
    -0.0007	     -0.0007	    499.9993	  1.00000000	  0.36809263
    -0.0006	     -0.0006	    499.9994	  1.00000000	  0.36808235
    -0.0006	     -0.0006	    499.9994	  1.00000000	  0.36807213
    -0.0006	     -0.0006	    499.9994	  1.00000000	  0.36806197
    -0.0005	     -0.0005	    499.9995	  1.00000000	  0.36805186
    -0.0005	     -0.0005	    499.9995	  1.00000000	  0.36804182
    -0.0005	     -0.0005	    499.9995	  1.00000000	  0.36803183
    -0.0005	     -0.0005	    499.9995	  1.00000000	  0.36802190
    -0.0004	     -0.0004	    499.9996	  1.00000000	  0.36801202
    -0.0004	     -0.0004	    499.9996	  1.00000000	  0.36800220
    -0.0004	     -0.0004	    499.9996	  1.00000000	  0.36799244
    -0.0003	     -0.0003	    499.9997	  1.00000000	  0.36798274
    -0.0003	     -0.0003	    499.9997	  1.00000000	  0.36797309
    -0.0003	     -0.0003	    499.9997	  1.00000000	  0.36796349
    -0.0002	     -0.0002	    499.9998	  1.00000000	  0.36795395
    -0.0002	     -0.0002	    499.9998	  1.00000000	  0.36794447
    -0.0002	     -0.0002	    499.9998	  1.00000000	  0.36793504
    -0.0001	     -0.0001	    499.9999	  1.00000000	  0.36792566
    -0.0001	     -0.0001	    499.9999	  1.00000000	  0.36791619
    -0.0001	     -0.0001	    499.9999	  1.00000000	  0.36790692
    -0.0001	     -0.0001	    499.9999	  1.00000000	  0.36789770
    -0.0000	     -0.0000	    500.0000	  1.00000000	  0.36788854
    -0.0000	     -0.0000	    500.0000	  1.00000000	  0.36787943
    -0.0000	     -0.0000	    500.0000	  0.00000000	  0.36787943
     0.0844	      0.0844	    500.0844	  0.00000000	  0.34262467
     0.1719	      0.1719	    500.1719	  0.00000000	  0.31910364
     0.2625	      0.2625	    500.2625	  0.00000000	  0.29719732
     0.3564	      0.3564	    500.3564	  0.00000000	  0.27679485
     0.4537	      0.4537	    500.4537	  0.00000000	  0.25779301
     0.5545	      0.5545	    500.5545	  0.00000000	  0.24009563
     0.6590	      0.6590	    500.6590	  0.00000000	  0.22361317
     0.7673	      0.7673	    500.7673	  0.00000000	  0.20826223
     0.8795	      0.8795	    500.8795	  0.00000000	  0.19396512
     0.9957	      0.9957	    500.9957	  0.00000000	  0.18064950
     1.1161	      1.1161	    501.1161	  0.00000000	  0.16824799
     1.2409	      1.2409	    501.2409	  0.00000000	  0.15669784
     1.3703	      1.3703	    501.3703	  0.00000000	  0.14594060
     1.5043	      1.5043	    501.5043	  0.00000000	  0.13592184
     1.6431	      1.6431	    501.6431	  0.00000000	  0.12659087
     1.7870	      1.7870	    501.7870	  0.00000000	  0.11790046
     1.9361	      1.9361	    501.9361	  0.00000000	  0.10980665
     2.0906	      2.0906	    502.0906	  0.00000000	  0.10226847
     2.2507	      2.2507	    502.2507	  0.00000000	  0.09524778
     2.4166	      2.4166	    502.4166	  0.00000000	  0.08870906
     2.5885	      2.5885	    502.5885	  0.00000000	  0.08261923
     2.7666	      2.7666	    502.7666	  0.00000000	  0.07694745
     2.9511	      2.9511	    502.9511	  0.00000000	  0.07166504
     3.1424	      3.1424	    503.1424	  0.00000000	  0.06674527
     3.3405	      3.3405	    503.3405	  0.00000000	  0.06216324
     3.5458	      3.5458	    503.5458	  0.00000000	  0.05789576
     3.7586	      3.7586	    503.7586	  0.00000000	  0.05392124
     3.9791	      3.9791	    503.9791	  0.00000000	  0.05021957
     4.2075	      4.2075	    504.2075	  0.00000000	  0.04677202
     4.4442	      4.4442	    504.4442	  0.00000000	  0.04356114
     4.6895	      4.6895	    504.6895	  0.00000000	  0.04057069
     4.9437	      4.9437	    504.9437	  0.00000000	  0.03778553
     5.2070	      5.2070	    505.2070	  0.00000000	  0.03519157
     5.4799	      5.4799	    505.4799	  0.00000000	  0.03277568
     5.7627	      5.7627	    505.7627	  0.00000000	  0.03052565
     6.0557	      6.0557	    506.0557	  0.00000000	  0.02843007
     6.3593	      6.3593	    506.3593	  0.00000000	  0.02647836
     6.6740	      6.6740	    506.6740	  0.00000000	  0.02466063
     7.0000	      7.0000	    507.0000	  0.00000000	  0.02296769
     7.3378	      7.3378	    507.3378	  0.00000000	  0.02139097
     7.6878	      7.6878	    507.6878	  0.00000000	  0.01992249
     8.0505	      8.0505	    508.0505	  0.00000000	  0.01855482
     8.4263	      8.4263	    508.4263	  0.00000000	  0.01728104
     8.8158	      8.8158	    508.8158	  0.00000000	  0.01609470
     9.2193	      9.2193	    509.2193	  0.00000000	  0.01498981
     9.6374	      9.6374	    509.6374	  0.00000000	  0.01396077
    10.0707	     10.0707	    510.0707	  0.00000000	  0.01300237
    10.5197	     10.5197	    510.5197	  0.00000000	  0.01210976
    10.9849	     10.9849	    510.9849	  0.00000000	  0.01127843
    11.4669	     11.4669	    511.4669	  0.00000000	  0.01050417
    11.9664	     11.9664	    511.9664	  0.00000000	  0.00978306
    12.4840	     12.4840	    512.4840	  0.00000000	  0.00911146
    13.0203	     13.0203	    513.0203	  0.00000000	  0.00848596
    13.5761	     13.5761	    513.5761	  0.00000000	  0.00790340
    14.1519	     14.1519	    514.1519	  0.00000000	  0.00736084
    14.7486	     14.7486	    514.7486	  0.00000000	  0.00685552
    15.3669	     15.3669	    515.3669	  0.00000000	  0.00638489
    16.0076	     16.0076	    516.0076	  0.00000000	  0.00594657
    16.6715	     16.6715	    516.6715	  0.00000000	  0.00553834
    17.3594	     17.3594	    517.3594	  0.00000000	  0.00515814
    18.0722	     18.0722	    518.0722	  0.00000000	  0.00480403
    18.8108	     18.8108	    518.8108	  0.00000000	  0.00447424
    19.5762	     19.5762	    519.5762	  0.00000000	  0.00416708
    20.3692	     20.3692	    520.3692	  0.00000000	  0.00388102
    21.1910	     21.1910	    521.1910	  0.00000000	  0.00361459
    22.0425	     22.0425	    522.0425	  0.00000000	  0.00336645
    22.9248	     22.9248	    522.9248	  0.00000000	  0.00313534
    23.8391	     23.8391	    523.8391	  0.00000000	  0.00292010
    24.7865	     24.7865	    524.7865	  0.00000000	  0.00271964
    25.7681	     25.7681	    525.7681	  0.00000000	  0.00253294
    26.7853	     26.7853	    526.7853	  0.00000000	  0.00235905
    27.8394	     27.8394	    527.8394	  0.00000000	  0.00219710
    28.9315	     28.9315	    528.9315	  0.00000000	  0.00204627
    30.0633	     30.0633	    530.0633	  0.00000000	  0.00190580
    31.2359	     31.2359	    531.2359	  0.00000000	  0.00177497
    32.4511	     32.4511	    532.4511	  0.00000000	  0.00165311
    33.7102	     33.7102	    533.7102	  0.00000000	  0.00153963
    35.0149	     35.0149	    535.0149	  0.00000000	  0.00143393
    36.3668	     36.3668	    536.3668	  0.00000000	  0.00133550
    37.7677	     37.7677	    537.7677	  0.00000000	  0.00124381
    39.2193	     39.2193	    539.2193	  0.00000000	  0.00115843
    40.7234	     40.7234	    540.7234	  0.00000000	  0.00107890
    42.2820	     42.2820	    542.2820	  0.00000000	  0.00100484
    43.8970	     43.8970	    543.8970	  0.00000000	  0.00093585
    45.5704	     45.5704	    545.5704	  0.00000000	  0.00087161
    47.3045	     47.3045	    547.3045	  0.00000000	  0.00081177
    49.1013	     49.1013	    549.1013	  0.00000000	  0.00075604
    50.9631	     50.9631	    550.9631	  0.00000000	  0.00070414
    52.8924	     52.8924	    552.8924	  0.00000000	  0.00065580
    54.8915	     54.8915	    554.8915	  0.00000000	  0.00061078
    56.9629	     56.9629	    556.9629	  0.00000000	  0.00056885
    59.1094	     59.1094	    559.1094	  0.00000000	  0.00052980
    61.3335	     61.3335	    561.3335	  0.00000000	  0.00049343
    63.6382	     63.6382	    563.6382	  0.00000000	  0.00045956
    66.0263	     66.0263	    566.0263	  0.00000000	  0.00042801
    68.5008	     68.5008	    568.5008	  0.00000000	  0.00039863
    71.0649	     71.0649	    571.0649	  0.00000000	  0.00037126
    73.7218	     73.7218	    573.7218	  0.00000000	  0.00034577
    76.4750	     76.4750	    576.4750	  0.00000000	  0.00032204
    79.3277	     79.3277	    579.3277	  0.00000000	  0.00029993
    82.2838	     82.2838	    582.2838	  0.00000000	  0.00027934
    85.3468	     85.3468	    585.3468	  0.00000000	  0.00026016
    88.5207	     88.5207	    588.5207	  0.00000000	  0.00024230
    91.8096	     91.8096	    591.8096	  0.00000000	  0.00022567
    95.2174	     95.2174	    595.2174	  0.00000000	  0.00021018
    98.7487	     98.7487	    598.7487	  0.00000000	  0.00019575
   102.4078	    102.4078	    602.4078	  0.00000000	  0.00018231
   106.1993	    106.1993	    606.1993	  0.00000000	  0.00016979
   110.1281	    110.1281	    610.1281	  0.00000000	  0.00015814
   114.1991	    114.1991	    614.1991	  0.00000000	  0.00014728
   118.4174	    118.4174	    618.4174	  0.00000000	  0.00013717
   122.7885	    122.7885	    622.7885	  0.00000000	  0.00012775
   127.3178	    127.3178	    627.3178	  0.00000000	  0.00011898
   132.0111	    132.0111	    632.0111	  0.00000000	  0.00011082
   136.8742	    136.8742	    636.8742	  0.00000000	  0.00010321
   141.9134	    141.9134	    641.9134	  0.00000000	  0.00009612
   147.1351	    147.1351	    647.1351	  0.00000000	  0.00008952
   152.5457	    152.5457	    652.5457	  0.00000000	  0.00008338
   158.1522	    158.1522	    658.1522	  0.00000000	  0.00007765
   163.9617	    163.9617	    663.9617	  0.00000000	  0.00007232
   169.9814	    169.9814	    669.9814	  0.00000000	  0.00006736
   176.2191	    176.2191	    676.2191	  0.00000000	  0.00006273
   182.6826	    182.6826	    682.6826	  0.00000000	  0.00005843
   189.3800	    189.3800	    689.3800	  0.00000000	  0.00005442
   196.3199	    196.3199	    696.3199	  0.00000000	  0.00005068
   203.5110	    203.5110	    703.5110	  0.00000000	  0.00004720
   210.9625	    210.9625	    710.9625	  0.00000000	  0.00004396
   218.6836	    218.6836	    718.6836	  0.00000000	  0.00004094
   226.6843	    226.6843	    726.6843	  0.00000000	  0.00003813
   234.9746	    234.9746	    734.9746	  0.00000000	  0.00003551
   243.5650	    243.5650	    743.5650	  0.00000000	  0.00003308
   252.4664	    252.4664	    752.4664	  0.00000000	  0.00003081
   261.6900	    261.6900	    761.6900	  0.00000000	  0.00002869
   271.2474	    271.2474	    771.2474	  0.00000000	  0.00002672
   281.1509	    281.1509	    781.1509	  0.00000000	  0.00002489
   291.4129	    291.4129	    791.4129	  0.00000000	  0.00002318
   302.0463	    302.0463	    802.0463	  0.00000000	  0.00002159
   313.0647	    313.0647	    813.0647	  0.00000000	  0.00002011
   324.4819	    324.4819	    824.4819	  0.00000000	  0.00001873
   336.3125	    336.3125	    836.3125	  0.00000000	  0.00001744
   348.5713	    348.5713	    848.5713	  0.00000000	  0.00001624
   361.2738	    361.2738	    861.2738	  0.00000000	  0.00001513
   374.4362	    374.4362	    874.4362	  0.00000000	  0.00001409
   388.0751	    388.0751	    888.0751	  0.00000000	  0.00001312
   402.2077	    402.2077	    902.2077	  0.00000000	  0.00001222
   416.8518	    416.8518	    916.8518	  0.00000000	  0.00001138
   432.0261	    432.0261	    932.0261	  0.00000000	  0.00001060
   447.7497	    447.7497	    947.7497	  0.00000000	  0.00000987
   464.0425	    464.0425	    964.0425	  0.00000000	  0.00000920
   480.9251	    480.9251	    980.9251	  0.00000000	  0.00000856
   498.4188	    498.4188	    998.4188	  0.00000000	  0.00000798
   516.5458	    516.5458	   1016.5458	  0.00000000	  0.00000743
   535.3290	    535.3290	   1035.3290	  0.00000000	  0.00000692
   554.7921	    554.7921	   1054.7921	  0.00000000	  0.00000644
   574.9598	    574.9598	   1074.9598	  0.00000000	  0.00000600
   595.8575	    595.8575	   1095.8575	  0.00000000	  0.00000559
   617.5117	    617.5117	   1117.5117	  0.00000000	  0.00000521
   639.9499	    639.9499	   1139.9499	  0.00000000	  0.00000485
   663.2002	    663.2002	   1163.2002	  0.00000000	  0.00000452
   687.2922	    687.2922	   1187.2922	  0.00000000	  0.00000421
   712.2564	    712.2564	   1212.2564	  0.00000000	  0.00000392
   738.1242	    738.1242	   1238.1242	  0.00000000	  0.00000365
   764.9284	    764.9284	   1264.9284	  0.00000000	  0.00000340
   792.7030	    792.7030	   1292.7030	  0.00000000	  0.00000316
   821.4829	    821.4829	   1321.4829	  0.00000000	  0.00000295
   851.3047	    851.3047	   1351.3047	  0.00000000	  0.00000274
   882.2061	    882.2061	   1382.2061	  0.00000000	  0.00000256
   914.2260	    914.2260	   1414.2260	  0.00000000	  0.00000238
   947.4051	    947.4051	   1447.4051	  0.00000000	  0.00000222
   981.7852	    981.7852	   1481.7852	  0.00000000	  0.00000207
  1017.4099	   1017.4099	   1517.4099	  0.00000000	  0.00000192
  1054.3242	   1054.3242	   1554.3242	  0.00000000	  0.00000179
  1092.5747	   1092.5747	   1592.5747	  0.00000000	  0.00000167
  1132.2099	   1132.2099	   1632.2099	  0.00000000	  0.00000155
  1173.2799	   1173.2799	   1673.2799	  0.00000000	  0.00000145
  1215.8367	   1215.8367	   1715.8367	  0.00000000	  0.00000135
  1259.9339	   1259.9339	   1759.9339	  0.00000000	  0.00000126
  1305.6275	   1305.6275	   1805.6275	  0.00000000	  0.00000117
  1352.9751	   1352.9751	   1852.9751	  0.00000000	  0.00000109
  1402.0367	   1402.0367	   1902.0367	  0.00000000	  0.00000101
  1452.8744	   1452.8744	   1952.8744	  0.00000000	  0.00000094
  1505.5523	   1505.5523	   2005.5523	  0.00000000	  0.00000088
  1560.1372	   1560.1372	   2060.1372	  0.00000000	  0.00000082
  1616.6980	   1616.6980	   2116.6980	  0.00000000	  0.00000076
  1675.3063	   1675.3063	   2175.3063	  0.00000000	  0.00000071
  1736.0362	   1736.0362	   2236.0362	  0.00000000	  0.00000066
  1798.9645	   1798.9645	   2298.9645	  0.00000000	  0.00000062
  1864.1707	   1864.1707	   2364.1707	  0.00000000	  0.00000057
  1931.7374	   1931.7374	   2431.7374	  0.00000000	  0.00000053
  2001.7501	   2001.7501	   2501.7501	  0.00000000	  0.00000050
  2074.2971	   2074.2971	   2574.2971	  0.00000000	  0.00000046
  2149.4703	   2149.4703	   2649.4703	  0.00000000	  0.00000043
  2227.3648	   2227.3648	   2727.3648	  0.00000000	  0.00000040
  2308.0790	   2308.0790	   2808.0790	  0.00000000	  0.00000037
  2391.7150	   2391.7150	   2891.7150	  0.00000000	  0.00000035
  2478.3787	   2478.3787	   2978.3787	  0.00000000	  0.00000032
  2568.1795	   2568.1795	   3068.1795	  0.00000000	  0.00000030
  2661.2311	   2661.2311	   3161.2311	  0.00000000	  0.00000028
  2757.6511	   2757.6511	   3257.6511	  0.00000000	  0.00000026
  2857.5615	   2857.5615	   3357.5615	  0.00000000	  0.00000024
  2961.0886	   2961.0886	   3461.0886	  0.00000000	  0.00000023
  3068.3633	   3068.3633	   3568.3633	  0.00000000	  0.00000021
  3179.5214	   3179.5214	   3679.5214	  0.00000000	  0.00000020
  3294.7033	   3294.7033	   3794.7033	  0.00000000	  0.00000018
  3414.0548	   3414.0548	   3914.0548	  0.00000000	  0.00000017
  3537.7268	   3537.7268	   4037.7268	  0.00000000	  0.00000016
  3665.8756	   3665.8756	   4165.8756	  0.00000000	  0.00000015
  3798.6634	   3798.6634	   4298.6634	  0.00000000	  0.00000014
  3936.2581	   3936.2581	   4436.2581	  0.00000000	  0.00000013
  4078.8336	   4078.8336	   4578.8336	  0.00000000	  0.00000012
  4226.5703	   4226.5703	   4726.5703	  0.00000000	  0.00000011
  4379.6550	   4379.6550	   4879.6550	  0.00000000	  0.00000010
  4538.2814	   4538.2814	   5038.2814	  0.00000000	  0.00000010
  4702.6500	   4702.6500	   5202.6500	  0.00000000	  0.00000009
  4872.9686	   4872.9686	   5372.9686	  0.00000000	  0.00000008
  5049.4527	   5049.4527	   5549.4527	  0.00000000	  0.00000008
  5232.3255	   5232.3255	   5732.3255	  0.00000000	  0.00000007
  5421.8182	   5421.8182	   5921.8182	  0.00000000	  0.00000007
  5618.1705	   5618.1705	   6118.1705	  0.00000000	  0.00000006
  5821.6307	   5821.6307	   6321.6307	  0.00000000	  0.00000006
  6032.4560	   6032.4560	   6532.4560	  0.00000000	  0.00000005
  6250.9132	   6250.9132	   6750.9132	  0.00000000	  0.00000005
  6477.2784	   6477.2784	   6977.2784	  0.00000000	  0.00000005
  6711.8380	   6711.8380	   7211.8380	  0.00000000	  0.00000004
  6954.8885	   6954.8885	   7454.8885	  0.00000000	  0.00000004
  7206.7374	   7206.7374	   7706.7374	  0.00000000	  0.00000004
  7467.7031	   7467.7031	   7967.7031	  0.00000000	  0.00000004
  7738.1157	   7738.1157	   8238.1157	  0.00000000	  0.00000003
  8018.3171	   8018.3171	   8518.3171	  0.00000000	  0.00000003
  8308.6617	   8308.6617	   8808.6617	  0.00000000	  0.00000003
  8609.5167	   8609.5167	   9109.5167	  0.00000000	  0.00000003
  8921.2625	   8921.2625	   9421.2625	  0.00000000	  0.00000003
  9244.2934	   9244.2934	   9744.2934	  0.00000000	  0.00000002
  9579.0179	   9579.0179	  10079.0179	  0.00000000	  0.00000002
  9925.8593	   9925.8593	  10425.8593	  0.00000000	  0.00000002
 10285.2563	  10285.2563	  10785.2563	  0.00000000	  0.00000002
 10657.6633	  10657.6633	  11157.6633	  0.00000000	  0.00000002
 11043.5513	  11043.5513	  11543.5513	  0.00000000	  0.00000002
 11443.4083	  11443.4083	  11943.4083	  0.00000000	  0.00000002
 11857.7400	  11857.7400	  12357.7400	  0.00000000	  0.00000001
 12287.0703	  12287.0703	  12787.0703	  0.00000000	  0.00000001
 12731.9423	  12731.9423	  13231.9423	  0.00000000	  0.00000001
 13192.9184	  13192.9184	  13692.9184	  0.00000000	  0.00000001
 13670.5818	  13670.5818	  14170.5818	  0.00000000	  0.00000001
 14165.5363	  14165.5363	  14665.5363	  0.00000000	  0.00000001
 14678.4081	  14678.4081	  15178.4081	  0.00000000	  0.00000001
 15209.8456	  15209.8456	  15709.8456	  0.00000000	  0.00000001
 15760.5210	  15760.5210	  16260.5210	  0.00000000	  0.00000001
 16331.1306	  16331.1306	  16831.1306	  0.00000000	  0.00000001
 16922.3960	  16922.3960	  17422.3960	  0.00000000	  0.00000001
 17535.0651	  17535.0651	  18035.0651	  0.00000000	  0.00000001
 18169.9126	  18169.9126	  18669.9126	  0.00000000	  0.00000001
 18827.7413	  18827.7413	  19327.7413	  0.00000000	  0.00000001
 19509.3832	  19509.3832	  20009.3832	  0.00000000	  0.00000001
 20215.7003	  20215.7003	  20715.7003	  0.00000000	  0.00000000
 20947.5858	  20947.5858	  21447.5858	  0.00000000	  0.00000000
 21705.9653	  21705.9653	  22205.9653	  0.00000000	  0.00000000
 22491.7979	  22491.7979	  22991.7979	  0.00000000	  0.00000000
 23306.0773	  23306.0773	  23806.0773	  0.00000000	  0.00000000
 24149.8334	  24149.8334	  24649.8334	  0.00000000	  0.00000000
 25024.1331	  25024.1331	  25524.1331	  0.00000000	  0.00000000
 25930.0822	  25930.0822	  26430.0822	  0.00000000	  0.00000000
 26868.8263	  26868.8263	  27368.8263	  0.00000000	  0.00000000
 27841.5526	  27841.5526	  28341.5526	  0.00000000	  0.00000000
 28849.4912	  28849.4912	  29349.4912	  0.00000000	  0.00000000
 29893.9168	  29893.9168	  30393.9168	  0.00000000	  0.00000000
 30976.1503	  30976.1503	  31476.1503	  0.00000000	  0.00000000
 32097.5603	  32097.5603	  32597.5603	  0.00000000	  0.00000000
 33259.5649	  33259.5649	  33759.5649	  0.00000000	  0.00000000
 34463.6336	  34463.6336	  34963.6336	  0.00000000	  0.00000000
 35711.2892	  35711.2892	  36211.2892	  0.00000000	  0.00000000
 37004.1095	  37004.1095	  37504.1095	  0.00000000	  0.00000000
 38343.7294	  38343.7294	  38843.7294	  0.00000000	  0.00000000
 39731.8430	  39731.8430	  40231.8430	  0.00000000	  0.00000000
 41170.2059	  41170.2059	  41670.2059	  0.00000000	  0.00000000
 42660.6370	  42660.6370	  43160.6370	  0.00000000	  0.00000000
 44205.0212	  44205.0212	  44705.0212	  0.00000000	  0.00000000
 45805.3116	  45805.3116	  46305.3116	  0.00000000	  0.00000000
 47463.5318	  47463.5318	  47963.5318	  0.00000000	  0.00000000
 49181.7791	  49181.7791	  49681.7791	  0.00000000	  0.00000000
 50962.2263	  50962.2263	  51462.2263	  0.00000000	  0.00000000
 52807.1250	  52807.1250	  53307.1250	  0.00000000	  0.00000000
 54718.8084	  54718.8084	  55218.8084	  0.00000000	  0.00000000
 56699.6941	  56699.6941	  57199.6941	  0.00000000	  0.00000000
 58752.2871	  58752.2871	  59252.2871	  0.00000000	  0.00000000
 60879.1832	  60879.1832	  61379.1832	  0.00000000	  0.00000000
 63083.0723	  63083.0723	  63583.0723	  0.00000000	  0.00000000
 65366.7413	  65366.7413	  65866.7413	  0.00000000	  0.00000000
 67733.0783	  67733.0783	  68233.0783	  0.00000000	  0.00000000
 70185.0759	  70185.0759	  70685.0759	  0.00000000	  0.00000000
 72725.8349	  72725.8349	  73225.8349	  0.00000000	  0.00000000
 75358.5685	  75358.5685	  75858.5685	  0.00000000	  0.00000000
 78086.6060	  78086.6060	  78586.6060	  0.00000000	  0.00000000
 80913.3976	  80913.3976	  81413.3976	  0.00000000	  0.00000000
 83842.5180	  83842.5180	  84342.5180	  0.00000000	  0.00000000
 86877.6715	  86877.6715	  87377.6715	  0.00000000	  0.00000000
 90022.6965	  90022.6965	  90522.6965	  0.00000000	  0.00000000
 93281.5703	  93281.5703	  93781.5703	  0.00000000	  0.00000000
 96658.4141	  96658.4141	  97158.4141	  0.00000000	  0.00000000
100157.4985	 100157.4985	 100657.4985	  0.00000000	  0.00000000
103783.2484	 103783.2484	 104283.2484	  0.00000000	  0.00000000
107540.2493	 107540.2493	 108040.2493	  0.00000000	  0.00000000
111433.2522	 111433.2522	 111933.2522	  0.00000000	  0.00000000
115467.1804	 115467.1804	 115967.1804	  0.00000000	  0.00000000
119647.1353	 119647.1353	 120147.1353	  0.00000000	  0.00000000
123978.4032	 123978.4032	 124478.4032	  0.00000000	  0.00000000
128466.4613	 128466.4613	 128966.4613	  0.00000000	  0.00000000
133116.9856	 133116.9856	 133616.9856	  0.00000000	  0.00000000
137935.8572	 137935.8572	 138435.8572	  0.00000000	  0.00000000
142929.1702	 142929.1702	 143429.1702	  0.00000000	  0.00000000
148103.2394	 148103.2394	 148603.2394	  0.00000000	  0.00000000
153464.6080	 153464.6080	 153964.6080	  0.00000000	  0.00000000
159020.0562	 159020.0562	 159520.0562	  0.00000000	  0.00000000
164776.6097	 164776.6097	 165276.6097	  0.00000000	  0.00000000
170741.5483	 170741.5483	 171241.5483	  0.00000000	  0.00000000
176922.4156	 176922.4156	 177422.4156	  0.00000000	  0.00000000
183327.0281	 183327.0281	 183827.0281	  0.00000000	  0.00000000
189963.4852	 189963.4852	 190463.4852	  0.00000000	  0.00000000
196840.1797	 196840.1797	 197340.1797	  0.00000000	  0.00000000
203965.8081	 203965.8081	 204465.8081	  0.00000000	  0.00000000
211349.3817	 211349.3817	 211849.3817	  0.00000000	  0.00000000
219000.2380	 219000.2380	 219500.2380	  0.00000000	  0.00000000
226928.0525	 226928.0525	 227428.0525	  0.00000000	  0.00000000
235142.8511	 235142.8511	 235642.8511	  0.00000000	  0.00000000
243655.0225	 243655.0225	 244155.0225	  0.00000000	  0.00000000
252475.3314	 252475.3314	 252975.3314	  0.00000000	  0.00000000
261614.9324	 261614.9324	 262114.9324	  0.00000000	  0.00000000
271085.3836	 271085.3836	 271585.3836	  0.00000000	  0.00000000
280898.6618	 280898.6618	 281398.6618	  0.00000000	  0.00000000
291067.1771	 291067.1771	 291567.1771	  0.00000000	  0.00000000
301603.7890	 301603.7890	 302103.7890	  0.00000000	  0.00000000
312521.8225	 312521.8225	 313021.8225	  0.00000000	  0.00000000
323835.0849	 323835.0849	 324335.0849	  0.00000000	  0.00000000
335557.8834	 335557.8834	 336057.8834	  0.00000000	  0.00000000
347705.0430	 347705.0430	 348205.0430	  0.00000000	  0.00000000
360291.9253	 360291.9253	 360791.9253	  0.00000000	  0.00000000
373334.4484	 373334.4484	 373834.4484	  0.00000000	  0.00000000
386849.1060	 386849.1060	 387349.1060	  0.00000000	  0.00000000
400852.9895	 400852.9895	 401352.9895	  0.00000000	  0.00000000
415363.8085	 415363.8085	 415863.8085	  0.00000000	  0.00000000
430399.9139	 430399.9139	 430899.9139	  0.00000000	  0.00000000
445980.3210	 445980.3210	 446480.3210	  0.00000000	  0.00000000
462124.7333	 462124.7333	 462624.7333	  0.00000000	  0.00000000
478853.5674	 478853.5674	 479353.5674	  0.00000000	  0.00000000
496187.9794	 496187.9794	 496687.9794	  0.00000000	  0.00000000
514149.8909	 514149.8909	 514649.8909	  0.00000000	  0.00000000
532762.0172	 532762.0172	 533262.0172	  0.00000000	  0.00000000
552047.8957	 552047.8957	 552547.8957	  0.00000000	  0.00000000
572031.9161	 572031.9161	 572531.9161	  0.00000000	  0.00000000
592739.3510	 592739.3510	 593239.3510	  0.00000000	  0.00000000
614196.3875	 614196.3875	 614696.3875	  0.00000000	  0.00000000
636430.1611	 636430.1611	 636930.1611	  0.00000000	  0.00000000
659468.7893	 659468.7893	 659968.7893	  0.00000000	  0.00000000
683341.4076	 683341.4076	 683841.4076	  0.00000000	  0.00000000
708078.2061	 708078.2061	 708578.2061	  0.00000000	  0.00000000
733710.4679	 733710.4679	 734210.4679	  0.00000000	  0.00000000
760270.6084	 760270.6084	 760770.6084	  0.00000000	  0.00000000
787792.2164	 787792.2164	 788292.2164	  0.00000000	  0.00000000
816310.0968	 816310.0968	 816810.0968	  0.00000000	  0.00000000
845860.3142	 845860.3142	 846360.3142	  0.00000000	  0.00000000
876480.2390	 876480.2390	 876980.2390	  0.00000000	  0.00000000
908208.5940	 908208.5940	 908708.5940	  0.00000000	  0.00000000
941085.5041	 941085.5041	 941585.5041	  0.00000000	  0.00000000
975152.5466	 975152.5466	 975652.5466	  0.00000000	  0.00000000
***********	1010452.8038	1010952.8038	  0.00000000	  0.00000000
***********	1047030.9177	1047530.9177	  0.00000000	  0.00000000
***********	1084933.1462	1085433.1462	  0.00000000	  0.00000000
***********	1124207.4217	1124707.4217	  0.00000000	  0.00000000
***********	1164903.4120	1165403.4120	  0.00000000	  0.00000000
***********	1207072.5826	1207572.5826	  0.00000000	  0.00000000
***********	1250768.2620	1251268.2620	  0.00000000	  0.00000000
***********	1296045.7094	1296545.7094	  0.00000000	  0.00000000
***********	1342962.1841	1343462.1841	  0.00000000	  0.00000000
***********	1391577.0184	1392077.0184	  0.00000000	  0.00000000
***********	1441951.6923	1442451.6923	  0.00000000	  0.00000000
***********	1494149.9114	1494649.9114	  0.00000000	  0.00000000
***********	1548237.6872	1548737.6872	  0.00000000	  0.00000000
***********	1604283.4212	1604783.4212	  0.00000000	  0.00000000
***********	1662357.9907	1662857.9907	  0.00000000	  0.00000000
***********	1722534.8388	1723034.8388	  0.00000000	  0.00000000
***********	1784890.0672	1785390.0672	  0.00000000	  0.00000000
***********	1849502.5325	1850002.5325	  0.00000000	  0.00000000
***********	1916453.9460	1916953.9460	  0.00000000	  0.00000000
***********	1985828.9766	1986328.9766	  0.00000000	  0.00000000
***********	2057715.3585	2058215.3585	  0.00000000	  0.00000000
***********	2132204.0016	2132704.0016	  0.00000000	  0.00000000
***********	2209389.1069	2209889.1069	  0.00000000	  0.00000000
***********	2289368.2854	2289868.2854	  0.00000000	  0.00000000
***********	2372242.6815	2372742.6815	  0.00000000	  0.00000000
***********	2458117.1011	2458617.1011	  0.00000000	  0.00000000
***********	2547100.1438	2547600.1438	  0.00000000	  0.00000000
***********	2639304.3409	2639804.3409	  0.00000000	  0.00000000
***********	2734846.2968	2735346.2968	  0.00000000	  0.00000000
***********	2833846.8373	2834346.8373	  0.00000000	  0.00000000
***********	2936431.1619	2936931.1619	  0.00000000	  0.00000000
***********	3042729.0023	3043229.0023	  0.00000000	  0.00000000
***********	3152874.7864	3153374.7864	  0.00000000	  0.00000000
***********	3267007.8085	3267507.8085	  0.00000000	  0.00000000
***********	3385272.4051	3385772.4051	  0.00000000	  0.00000000
