 # x0 xt v phi E ni ne rho nhot ncold nss difnor dWhot SWhot charge
    -25.2000	    -25.2000	 0.0000	 1.184056	 0.000000	  0.30623976	  0.30603493	  0.00020483	  0.30603493	  0.00000000	  0.60896164
    -25.0992	    -24.8708	 0.0100	 1.184067	 0.000067	  0.30623637	  0.30603154	  0.00020484	  0.30603154	  0.00000000	  0.60496575
    -24.9988	    -24.5430	 0.0200	 1.184100	 0.000135	  0.30622626	  0.30602140	  0.00020485	  0.30602140	  0.00000000	  0.60101182
    -24.8988	    -24.2164	 0.0299	 1.184155	 0.000201	  0.30620949	  0.30600461	  0.00020488	  0.30600461	  0.00000000	  0.59709922
    -24.7992	    -23.8911	 0.0398	 1.184231	 0.000268	  0.30618616	  0.30598124	  0.00020492	  0.30598124	  0.00000000	  0.59322733
    -24.7000	    -23.5671	 0.0496	 1.184329	 0.000335	  0.30615634	  0.30595137	  0.00020497	  0.30595137	  0.00000000	  0.58939556
    -24.6012	    -23.2444	 0.0594	 1.184448	 0.000401	  0.30612010	  0.30591507	  0.00020503	  0.30591507	  0.00000000	  0.58560331
    -24.5028	    -22.9229	 0.0692	 1.184587	 0.000467	  0.30607752	  0.30587242	  0.00020510	  0.30587242	  0.00000000	  0.58185000
    -24.4048	    -22.6026	 0.0789	 1.184747	 0.000532	  0.30602868	  0.30582350	  0.00020519	  0.30582350	  0.00000000	  0.57813506
    -24.3071	    -22.2836	 0.0886	 1.184927	 0.000598	  0.30597365	  0.30576837	  0.00020528	  0.30576837	  0.00000000	  0.57445794
    -24.2099	    -21.9658	 0.0983	 1.185128	 0.000663	  0.30591250	  0.30570711	  0.00020538	  0.30570711	  0.00000000	  0.57081808
    -24.1131	    -21.6492	 0.1079	 1.185348	 0.000728	  0.30584530	  0.30563979	  0.00020550	  0.30563979	  0.00000000	  0.56721496
    -24.0166	    -21.3337	 0.1175	 1.185588	 0.000793	  0.30577211	  0.30556648	  0.00020563	  0.30556648	  0.00000000	  0.56364804
    -23.9205	    -21.0195	 0.1270	 1.185847	 0.000858	  0.30569302	  0.30548725	  0.00020577	  0.30548725	  0.00000000	  0.56011680
    -23.8248	    -20.7064	 0.1365	 1.186126	 0.000922	  0.30560808	  0.30540217	  0.00020591	  0.30540217	  0.00000000	  0.55662075
    -23.7295	    -20.3945	 0.1460	 1.186423	 0.000986	  0.30551737	  0.30531130	  0.00020607	  0.30531130	  0.00000000	  0.55315938
    -23.6346	    -20.0838	 0.1554	 1.186740	 0.001050	  0.30542094	  0.30521470	  0.00020624	  0.30521470	  0.00000000	  0.54973220
    -23.5401	    -19.7742	 0.1648	 1.187075	 0.001114	  0.30531887	  0.30511245	  0.00020642	  0.30511245	  0.00000000	  0.54633874
    -23.4459	    -19.4657	 0.1742	 1.187428	 0.001178	  0.30521122	  0.30500460	  0.00020662	  0.30500460	  0.00000000	  0.54297853
    -23.3521	    -19.1584	 0.1835	 1.187800	 0.001241	  0.30509805	  0.30489122	  0.00020682	  0.30489122	  0.00000000	  0.53965110
    -23.2587	    -18.8521	 0.1928	 1.188190	 0.001305	  0.30497941	  0.30477238	  0.00020704	  0.30477238	  0.00000000	  0.53635600
    -23.1657	    -18.5470	 0.2021	 1.188598	 0.001368	  0.30485539	  0.30464812	  0.00020727	  0.30464812	  0.00000000	  0.53309278
    -23.0730	    -18.2430	 0.2113	 1.189023	 0.001431	  0.30472602	  0.30451852	  0.00020751	  0.30451852	  0.00000000	  0.52986102
    -22.9807	    -17.9400	 0.2205	 1.189466	 0.001494	  0.30459138	  0.30438362	  0.00020776	  0.30438362	  0.00000000	  0.52666027
    -22.8888	    -17.6381	 0.2297	 1.189927	 0.001557	  0.30445151	  0.30424349	  0.00020802	  0.30424349	  0.00000000	  0.52349012
    -22.7972	    -17.3373	 0.2388	 1.190405	 0.001619	  0.30430649	  0.30409819	  0.00020830	  0.30409819	  0.00000000	  0.52035016
    -22.7060	    -17.0376	 0.2479	 1.190899	 0.001682	  0.30415636	  0.30394777	  0.00020859	  0.30394777	  0.00000000	  0.51723997
    -22.6152	    -16.7389	 0.2570	 1.191411	 0.001744	  0.30400118	  0.30379229	  0.00020889	  0.30379229	  0.00000000	  0.51415916
    -22.5247	    -16.4412	 0.2660	 1.191940	 0.001806	  0.30384100	  0.30363179	  0.00020920	  0.30363179	  0.00000000	  0.51110734
    -22.4346	    -16.1446	 0.2750	 1.192485	 0.001869	  0.30367588	  0.30346635	  0.00020953	  0.30346635	  0.00000000	  0.50808412
    -22.3449	    -15.8490	 0.2840	 1.193046	 0.001931	  0.30350587	  0.30329600	  0.00020987	  0.30329600	  0.00000000	  0.50508912
    -22.2555	    -15.5544	 0.2929	 1.193624	 0.001992	  0.30333103	  0.30312080	  0.00021023	  0.30312080	  0.00000000	  0.50212196
    -22.1664	    -15.2608	 0.3018	 1.194218	 0.002054	  0.30315140	  0.30294080	  0.00021060	  0.30294080	  0.00000000	  0.49918229
    -22.0778	    -14.9682	 0.3107	 1.194828	 0.002116	  0.30296703	  0.30275605	  0.00021099	  0.30275605	  0.00000000	  0.49626974
    -21.9895	    -14.6766	 0.3195	 1.195454	 0.002177	  0.30277798	  0.30256660	  0.00021139	  0.30256660	  0.00000000	  0.49338396
    -21.9015	    -14.3860	 0.3284	 1.196096	 0.002239	  0.30258430	  0.30237250	  0.00021180	  0.30237250	  0.00000000	  0.49052461
    -21.8139	    -14.0964	 0.3371	 1.196753	 0.002300	  0.30238603	  0.30217380	  0.00021223	  0.30217380	  0.00000000	  0.48769133
    -21.7266	    -13.8077	 0.3459	 1.197426	 0.002362	  0.30218322	  0.30197054	  0.00021268	  0.30197054	  0.00000000	  0.48488380
    -21.6397	    -13.5200	 0.3546	 1.198114	 0.002423	  0.30197592	  0.30176277	  0.00021315	  0.30176277	  0.00000000	  0.48210168
    -21.5531	    -13.2332	 0.3633	 1.198818	 0.002484	  0.30176416	  0.30155054	  0.00021363	  0.30155054	  0.00000000	  0.47934465
    -21.4669	    -12.9474	 0.3720	 1.199536	 0.002545	  0.30154801	  0.30133388	  0.00021413	  0.30133388	  0.00000000	  0.47661239
    -21.3811	    -12.6625	 0.3806	 1.200270	 0.002606	  0.30132750	  0.30111285	  0.00021465	  0.30111285	  0.00000000	  0.47390458
    -21.2955	    -12.3786	 0.3892	 1.201019	 0.002667	  0.30110267	  0.30088749	  0.00021518	  0.30088749	  0.00000000	  0.47122092
    -21.2103	    -12.0956	 0.3978	 1.201782	 0.002728	  0.30087358	  0.30065784	  0.00021574	  0.30065784	  0.00000000	  0.46856111
    -21.1255	    -11.8135	 0.4063	 1.202561	 0.002789	  0.30064025	  0.30042394	  0.00021631	  0.30042394	  0.00000000	  0.46592483
    -21.0410	    -11.5323	 0.4149	 1.203354	 0.002850	  0.30040273	  0.30018583	  0.00021691	  0.30018583	  0.00000000	  0.46331181
    -20.9568	    -11.2519	 0.4234	 1.204161	 0.002911	  0.30016107	  0.29994354	  0.00021753	  0.29994354	  0.00000000	  0.46072174
    -20.8730	    -10.9725	 0.4318	 1.204983	 0.002972	  0.29991530	  0.29969713	  0.00021817	  0.29969713	  0.00000000	  0.45815435
    -20.7895	    -10.6940	 0.4403	 1.205819	 0.003033	  0.29966546	  0.29944663	  0.00021883	  0.29944663	  0.00000000	  0.45560936
    -20.7063	    -10.4164	 0.4487	 1.206670	 0.003094	  0.29941159	  0.29919208	  0.00021951	  0.29919208	  0.00000000	  0.45308648
    -20.6235	    -10.1396	 0.4570	 1.207534	 0.003154	  0.29915372	  0.29893350	  0.00022022	  0.29893350	  0.00000000	  0.45058545
    -20.5410	     -9.8637	 0.4654	 1.208413	 0.003215	  0.29889190	  0.29867095	  0.00022095	  0.29867095	  0.00000000	  0.44810600
    -20.4588	     -9.5887	 0.4737	 1.209306	 0.003276	  0.29862616	  0.29840445	  0.00022171	  0.29840445	  0.00000000	  0.44564787
    -20.3770	     -9.3145	 0.4820	 1.210212	 0.003337	  0.29835652	  0.29813403	  0.00022249	  0.29813403	  0.00000000	  0.44321080
    -20.2955	     -9.0412	 0.4903	 1.211133	 0.003398	  0.29808304	  0.29785974	  0.00022330	  0.29785974	  0.00000000	  0.44079453
    -20.2143	     -8.7687	 0.4985	 1.212067	 0.003459	  0.29780574	  0.29758161	  0.00022414	  0.29758161	  0.00000000	  0.43839881
    -20.1334	     -8.4970	 0.5067	 1.213015	 0.003520	  0.29752465	  0.29729965	  0.00022500	  0.29729965	  0.00000000	  0.43602340
    -20.0529	     -8.2262	 0.5149	 1.213976	 0.003581	  0.29723981	  0.29701392	  0.00022589	  0.29701392	  0.00000000	  0.43366805
    -19.9727	     -7.9562	 0.5231	 1.214951	 0.003642	  0.29695125	  0.29672443	  0.00022682	  0.29672443	  0.00000000	  0.43133253
    -19.8928	     -7.6870	 0.5312	 1.215940	 0.003703	  0.29665899	  0.29643122	  0.00022777	  0.29643122	  0.00000000	  0.42901659
    -19.8132	     -7.4186	 0.5393	 1.216942	 0.003765	  0.29636307	  0.29613432	  0.00022875	  0.29613432	  0.00000000	  0.42672001
    -19.7339	     -7.1511	 0.5474	 1.217958	 0.003826	  0.29606352	  0.29583375	  0.00022977	  0.29583375	  0.00000000	  0.42444255
    -19.6550	     -6.8843	 0.5554	 1.218986	 0.003887	  0.29576036	  0.29552954	  0.00023082	  0.29552954	  0.00000000	  0.42218399
    -19.5764	     -6.6183	 0.5635	 1.220029	 0.003949	  0.29545363	  0.29522172	  0.00023190	  0.29522172	  0.00000000	  0.41994411
    -19.4981	     -6.3531	 0.5715	 1.221084	 0.004011	  0.29514334	  0.29491032	  0.00023302	  0.29491032	  0.00000000	  0.41772269
    -19.4201	     -6.0887	 0.5795	 1.222153	 0.004072	  0.29482952	  0.29459535	  0.00023417	  0.29459535	  0.00000000	  0.41551952
    -19.3424	     -5.8251	 0.5874	 1.223234	 0.004134	  0.29451221	  0.29427684	  0.00023536	  0.29427684	  0.00000000	  0.41333437
    -19.2650	     -5.5622	 0.5953	 1.224329	 0.004196	  0.29419141	  0.29395482	  0.00023659	  0.29395482	  0.00000000	  0.41116705
    -19.1879	     -5.3001	 0.6032	 1.225437	 0.004258	  0.29386716	  0.29362931	  0.00023785	  0.29362931	  0.00000000	  0.40901735
    -19.1112	     -5.0388	 0.6111	 1.226558	 0.004321	  0.29353948	  0.29330032	  0.00023916	  0.29330032	  0.00000000	  0.40688506
    -19.0347	     -4.7782	 0.6190	 1.227692	 0.004383	  0.29320839	  0.29296789	  0.00024050	  0.29296789	  0.00000000	  0.40476998
    -18.9586	     -4.5183	 0.6268	 1.228839	 0.004446	  0.29287391	  0.29263203	  0.00024188	  0.29263203	  0.00000000	  0.40267191
    -18.8827	     -4.2592	 0.6346	 1.229999	 0.004509	  0.29253606	  0.29229275	  0.00024331	  0.29229275	  0.00000000	  0.40059067
    -18.8072	     -4.0009	 0.6424	 1.231172	 0.004572	  0.29219486	  0.29195009	  0.00024477	  0.29195009	  0.00000000	  0.39852606
    -18.7320	     -3.7432	 0.6501	 1.232358	 0.004635	  0.29185033	  0.29160405	  0.00024628	  0.29160405	  0.00000000	  0.39647788
    -18.6570	     -3.4863	 0.6578	 1.233557	 0.004699	  0.29150249	  0.29125465	  0.00024783	  0.29125465	  0.00000000	  0.39444596
    -18.5824	     -3.2302	 0.6655	 1.234769	 0.004762	  0.29115134	  0.29090191	  0.00024943	  0.29090191	  0.00000000	  0.39243011
    -18.5081	     -2.9747	 0.6732	 1.235994	 0.004826	  0.29079692	  0.29054585	  0.00025107	  0.29054585	  0.00000000	  0.39043015
    -18.4340	     -2.7199	 0.6809	 1.237232	 0.004890	  0.29043923	  0.29018647	  0.00025276	  0.29018647	  0.00000000	  0.38844590
    -18.3603	     -2.4659	 0.6885	 1.238482	 0.004955	  0.29007829	  0.28982380	  0.00025450	  0.28982380	  0.00000000	  0.38647718
    -18.2868	     -2.2125	 0.6961	 1.239746	 0.005020	  0.28971412	  0.28945784	  0.00025628	  0.28945784	  0.00000000	  0.38452381
    -18.2137	     -1.9599	 0.7037	 1.241022	 0.005085	  0.28934671	  0.28908860	  0.00025811	  0.28908860	  0.00000000	  0.38258564
    -18.1408	     -1.7079	 0.7112	 1.242311	 0.005150	  0.28897610	  0.28871611	  0.00025999	  0.28871611	  0.00000000	  0.38066249
    -18.0683	     -1.4566	 0.7187	 1.243614	 0.005215	  0.28860228	  0.28834037	  0.00026191	  0.28834037	  0.00000000	  0.37875418
    -17.9960	     -1.2060	 0.7262	 1.244929	 0.005281	  0.28822528	  0.28796139	  0.00026389	  0.28796139	  0.00000000	  0.37686057
    -17.9240	     -0.9561	 0.7337	 1.246257	 0.005347	  0.28784509	  0.28757917	  0.00026592	  0.28757917	  0.00000000	  0.37498148
    -17.8523	     -0.7068	 0.7412	 1.247598	 0.005414	  0.28746173	  0.28719373	  0.00026799	  0.28719373	  0.00000000	  0.37311675
    -17.7809	     -0.4582	 0.7486	 1.248952	 0.005481	  0.28707520	  0.28680508	  0.00027012	  0.28680508	  0.00000000	  0.37126623
    -17.7097	     -0.2103	 0.7560	 1.250320	 0.005548	  0.28668552	  0.28641322	  0.00027230	  0.28641322	  0.00000000	  0.36942976
    -17.6389	      0.0370	 0.7634	 1.251700	 0.005616	  0.28629269	  0.28601816	  0.00027453	  0.28601816	  0.00000000	  0.36760718
    -17.5683	      0.2837	 0.7708	 1.253093	 0.005684	  0.28589672	  0.28561991	  0.00027681	  0.28561991	  0.00000000	  0.36579835
    -17.4981	      0.5296	 0.7781	 1.254500	 0.005752	  0.28549760	  0.28521846	  0.00027914	  0.28521846	  0.00000000	  0.36400311
    -17.4281	      0.7750	 0.7854	 1.255920	 0.005821	  0.28509535	  0.28481383	  0.00028152	  0.28481383	  0.00000000	  0.36222132
    -17.3583	      1.0197	 0.7927	 1.257352	 0.005890	  0.28468998	  0.28440602	  0.00028396	  0.28440602	  0.00000000	  0.36045283
    -17.2889	      1.2638	 0.8000	 1.258799	 0.005960	  0.28428147	  0.28399502	  0.00028645	  0.28399502	  0.00000000	  0.35869750
    -17.2197	      1.5073	 0.8072	 1.260258	 0.006030	  0.28386984	  0.28358086	  0.00028898	  0.28358086	  0.00000000	  0.35695517
    -17.1509	      1.7501	 0.8144	 1.261731	 0.006100	  0.28345509	  0.28316351	  0.00029157	  0.28316351	  0.00000000	  0.35522572
    -17.0823	      1.9923	 0.8216	 1.263217	 0.006171	  0.28303721	  0.28274300	  0.00029422	  0.28274300	  0.00000000	  0.35350901
    -17.0139	      2.2339	 0.8288	 1.264717	 0.006243	  0.28261622	  0.28231931	  0.00029691	  0.28231931	  0.00000000	  0.35180489
    -16.9459	      2.4749	 0.8359	 1.266230	 0.006314	  0.28219210	  0.28189245	  0.00029965	  0.28189245	  0.00000000	  0.35011323
    -16.8781	      2.7153	 0.8430	 1.267756	 0.006387	  0.28176486	  0.28146242	  0.00030244	  0.28146242	  0.00000000	  0.34843389
    -16.8106	      2.9551	 0.8501	 1.269297	 0.006460	  0.28133449	  0.28102921	  0.00030528	  0.28102921	  0.00000000	  0.34676675
    -16.7433	      3.1944	 0.8572	 1.270851	 0.006533	  0.28090100	  0.28059284	  0.00030816	  0.28059284	  0.00000000	  0.34511168
    -16.6763	      3.4330	 0.8643	 1.272418	 0.006607	  0.28046438	  0.28015328	  0.00031110	  0.28015328	  0.00000000	  0.34346854
    -16.6096	      3.6710	 0.8713	 1.274000	 0.006681	  0.28002463	  0.27971055	  0.00031408	  0.27971055	  0.00000000	  0.34183721
    -16.5432	      3.9085	 0.8783	 1.275595	 0.006756	  0.27958175	  0.27926464	  0.00031710	  0.27926464	  0.00000000	  0.34021757
    -16.4770	      4.1454	 0.8853	 1.277205	 0.006832	  0.27913572	  0.27881555	  0.00032017	  0.27881555	  0.00000000	  0.33860948
    -16.4111	      4.3817	 0.8922	 1.278828	 0.006908	  0.27868656	  0.27836328	  0.00032328	  0.27836328	  0.00000000	  0.33701283
    -16.3454	      4.6175	 0.8991	 1.280466	 0.006984	  0.27823425	  0.27790781	  0.00032644	  0.27790781	  0.00000000	  0.33542749
    -16.2800	      4.8527	 0.9061	 1.282118	 0.007062	  0.27777878	  0.27744915	  0.00032963	  0.27744915	  0.00000000	  0.33385334
    -16.2149	      5.0873	 0.9129	 1.283784	 0.007139	  0.27732016	  0.27698730	  0.00033286	  0.27698730	  0.00000000	  0.33229028
    -16.1501	      5.3214	 0.9198	 1.285464	 0.007218	  0.27685837	  0.27652224	  0.00033613	  0.27652224	  0.00000000	  0.33073817
    -16.0854	      5.5550	 0.9266	 1.287159	 0.007296	  0.27639341	  0.27605398	  0.00033943	  0.27605398	  0.00000000	  0.32919690
    -16.0211	      5.7880	 0.9334	 1.288868	 0.007376	  0.27592527	  0.27558251	  0.00034276	  0.27558251	  0.00000000	  0.32766636
    -15.9570	      6.0204	 0.9402	 1.290592	 0.007456	  0.27545395	  0.27510783	  0.00034613	  0.27510783	  0.00000000	  0.32614644
    -15.8932	      6.2524	 0.9470	 1.292331	 0.007537	  0.27497945	  0.27462993	  0.00034952	  0.27462993	  0.00000000	  0.32463703
    -15.8296	      6.4838	 0.9537	 1.294084	 0.007618	  0.27450174	  0.27414880	  0.00035294	  0.27414880	  0.00000000	  0.32313801
    -15.7663	      6.7147	 0.9604	 1.295853	 0.007700	  0.27402083	  0.27366445	  0.00035638	  0.27366445	  0.00000000	  0.32164927
    -15.7032	      6.9450	 0.9671	 1.297636	 0.007782	  0.27353671	  0.27317687	  0.00035984	  0.27317687	  0.00000000	  0.32017071
    -15.6404	      7.1749	 0.9738	 1.299434	 0.007865	  0.27304937	  0.27268605	  0.00036332	  0.27268605	  0.00000000	  0.31870222
    -15.5778	      7.4043	 0.9804	 1.301248	 0.007949	  0.27255880	  0.27219198	  0.00036682	  0.27219198	  0.00000000	  0.31724370
    -15.5155	      7.6331	 0.9871	 1.303076	 0.008034	  0.27206500	  0.27169467	  0.00037033	  0.27169467	  0.00000000	  0.31579504
    -15.4534	      7.8614	 0.9937	 1.304920	 0.008119	  0.27156796	  0.27119412	  0.00037385	  0.27119412	  0.00000000	  0.31435614
    -15.3916	      8.0893	 1.0002	 1.306780	 0.008204	  0.27106767	  0.27069030	  0.00037737	  0.27069030	  0.00000000	  0.31292689
    -15.3300	      8.3166	 1.0068	 1.308655	 0.008290	  0.27056413	  0.27018323	  0.00038090	  0.27018323	  0.00000000	  0.31150720
    -15.2687	      8.5435	 1.0133	 1.310546	 0.008377	  0.27005733	  0.26967290	  0.00038443	  0.26967290	  0.00000000	  0.31009697
    -15.2076	      8.7699	 1.0198	 1.312452	 0.008465	  0.26954725	  0.26915930	  0.00038795	  0.26915930	  0.00000000	  0.30869609
    -15.1468	      8.9958	 1.0263	 1.314374	 0.008553	  0.26903391	  0.26864244	  0.00039147	  0.26864244	  0.00000000	  0.30730448
    -15.0862	      9.2213	 1.0327	 1.316312	 0.008641	  0.26851728	  0.26812230	  0.00039498	  0.26812230	  0.00000000	  0.30592203
    -15.0259	      9.4462	 1.0391	 1.318266	 0.008730	  0.26799737	  0.26759890	  0.00039848	  0.26759890	  0.00000000	  0.30454865
    -14.9657	      9.6707	 1.0455	 1.320236	 0.008820	  0.26747417	  0.26707222	  0.00040196	  0.26707222	  0.00000000	  0.30318424
    -14.9059	      9.8948	 1.0519	 1.322222	 0.008911	  0.26694768	  0.26654227	  0.00040541	  0.26654227	  0.00000000	  0.30182872
    -14.8462	     10.1184	 1.0583	 1.324225	 0.009002	  0.26641788	  0.26600904	  0.00040884	  0.26600904	  0.00000000	  0.30048198
    -14.7869	     10.3415	 1.0646	 1.326244	 0.009093	  0.26588479	  0.26547254	  0.00041225	  0.26547254	  0.00000000	  0.29914395
    -14.7277	     10.5642	 1.0709	 1.328279	 0.009186	  0.26534838	  0.26493276	  0.00041562	  0.26493276	  0.00000000	  0.29781453
    -14.6688	     10.7865	 1.0772	 1.330331	 0.009278	  0.26480867	  0.26438972	  0.00041895	  0.26438972	  0.00000000	  0.29649362
    -14.6101	     11.0083	 1.0834	 1.332400	 0.009372	  0.26426565	  0.26384340	  0.00042224	  0.26384340	  0.00000000	  0.29518115
    -14.5517	     11.2297	 1.0897	 1.334485	 0.009465	  0.26371932	  0.26329382	  0.00042549	  0.26329382	  0.00000000	  0.29387703
    -14.4935	     11.4507	 1.0959	 1.336587	 0.009560	  0.26316967	  0.26274098	  0.00042869	  0.26274098	  0.00000000	  0.29258116
    -14.4355	     11.6712	 1.1020	 1.338705	 0.009655	  0.26261672	  0.26218488	  0.00043184	  0.26218488	  0.00000000	  0.29129347
    -14.3777	     11.8913	 1.1082	 1.340841	 0.009750	  0.26206045	  0.26162552	  0.00043493	  0.26162552	  0.00000000	  0.29001387
    -14.3202	     12.1110	 1.1143	 1.342994	 0.009846	  0.26150088	  0.26106292	  0.00043796	  0.26106292	  0.00000000	  0.28874228
    -14.2629	     12.3303	 1.1204	 1.345164	 0.009942	  0.26093801	  0.26049708	  0.00044092	  0.26049708	  0.00000000	  0.28747861
    -14.2059	     12.5492	 1.1265	 1.347351	 0.010039	  0.26037183	  0.25992801	  0.00044382	  0.25992801	  0.00000000	  0.28622279
    -14.1490	     12.7677	 1.1326	 1.349555	 0.010137	  0.25980236	  0.25935572	  0.00044664	  0.25935572	  0.00000000	  0.28497473
    -14.0924	     12.9858	 1.1386	 1.351776	 0.010234	  0.25922960	  0.25878022	  0.00044938	  0.25878022	  0.00000000	  0.28373435
    -14.0361	     13.2036	 1.1446	 1.354015	 0.010332	  0.25865356	  0.25820151	  0.00045205	  0.25820151	  0.00000000	  0.28250158
    -13.9799	     13.4209	 1.1506	 1.356271	 0.010431	  0.25807425	  0.25761962	  0.00045463	  0.25761962	  0.00000000	  0.28127634
    -13.9240	     13.6378	 1.1566	 1.358545	 0.010530	  0.25749167	  0.25703455	  0.00045712	  0.25703455	  0.00000000	  0.28005855
    -13.8683	     13.8544	 1.1625	 1.360836	 0.010629	  0.25690584	  0.25644632	  0.00045952	  0.25644632	  0.00000000	  0.27884813
    -13.8128	     14.0706	 1.1684	 1.363145	 0.010729	  0.25631677	  0.25585495	  0.00046183	  0.25585495	  0.00000000	  0.27764501
    -13.7575	     14.2864	 1.1743	 1.365471	 0.010829	  0.25572447	  0.25526044	  0.00046403	  0.25526044	  0.00000000	  0.27644912
    -13.7025	     14.5019	 1.1802	 1.367815	 0.010929	  0.25512896	  0.25466282	  0.00046613	  0.25466282	  0.00000000	  0.27526038
    -13.6477	     14.7170	 1.1860	 1.370176	 0.011029	  0.25453024	  0.25406212	  0.00046813	  0.25406212	  0.00000000	  0.27407872
    -13.5931	     14.9317	 1.1918	 1.372556	 0.011130	  0.25392835	  0.25345833	  0.00047001	  0.25345833	  0.00000000	  0.27290407
    -13.5387	     15.1461	 1.1976	 1.374953	 0.011231	  0.25332329	  0.25285150	  0.00047179	  0.25285150	  0.00000000	  0.27173635
    -13.4846	     15.3602	 1.2034	 1.377368	 0.011332	  0.25271508	  0.25224163	  0.00047345	  0.25224163	  0.00000000	  0.27057550
    -13.4306	     15.5739	 1.2091	 1.379800	 0.011433	  0.25210375	  0.25162876	  0.00047499	  0.25162876	  0.00000000	  0.26942145
    -13.3769	     15.7873	 1.2148	 1.382251	 0.011535	  0.25148932	  0.25101291	  0.00047641	  0.25101291	  0.00000000	  0.26827413
    -13.3234	     16.0003	 1.2205	 1.384719	 0.011637	  0.25087181	  0.25039411	  0.00047770	  0.25039411	  0.00000000	  0.26713347
    -13.2701	     16.2131	 1.2262	 1.387205	 0.011738	  0.25025124	  0.24977237	  0.00047887	  0.24977237	  0.00000000	  0.26599940
    -13.2170	     16.4255	 1.2318	 1.389709	 0.011840	  0.24962764	  0.24914773	  0.00047991	  0.24914773	  0.00000000	  0.26487187
    -13.1641	     16.6375	 1.2374	 1.392231	 0.011942	  0.24900105	  0.24852023	  0.00048082	  0.24852023	  0.00000000	  0.26375079
    -13.1115	     16.8493	 1.2430	 1.394771	 0.012044	  0.24837148	  0.24788988	  0.00048160	  0.24788988	  0.00000000	  0.26263612
    -13.0590	     17.0607	 1.2486	 1.397328	 0.012146	  0.24773896	  0.24725672	  0.00048224	  0.24725672	  0.00000000	  0.26152777
    -13.0068	     17.2719	 1.2542	 1.399903	 0.012248	  0.24710354	  0.24662079	  0.00048275	  0.24662079	  0.00000000	  0.26042570
    -12.9547	     17.4827	 1.2597	 1.402496	 0.012350	  0.24646523	  0.24598212	  0.00048312	  0.24598212	  0.00000000	  0.25932984
    -12.9029	     17.6933	 1.2652	 1.405107	 0.012451	  0.24582409	  0.24534074	  0.00048335	  0.24534074	  0.00000000	  0.25824013
    -12.8513	     17.9035	 1.2707	 1.407736	 0.012553	  0.24518013	  0.24469669	  0.00048344	  0.24469669	  0.00000000	  0.25715651
    -12.7999	     18.1135	 1.2761	 1.410382	 0.012654	  0.24453340	  0.24405001	  0.00048339	  0.24405001	  0.00000000	  0.25607891
    -12.7487	     18.3232	 1.2816	 1.413046	 0.012756	  0.24388393	  0.24340073	  0.00048320	  0.24340073	  0.00000000	  0.25500729
    -12.6977	     18.5326	 1.2870	 1.415728	 0.012857	  0.24323177	  0.24274890	  0.00048287	  0.24274890	  0.00000000	  0.25394157
    -12.6469	     18.7417	 1.2924	 1.418427	 0.012958	  0.24257696	  0.24209456	  0.00048239	  0.24209456	  0.00000000	  0.25288170
    -12.5963	     18.9505	 1.2977	 1.421144	 0.013058	  0.24191953	  0.24143775	  0.00048178	  0.24143775	  0.00000000	  0.25182763
    -12.5459	     19.1591	 1.3031	 1.423878	 0.013159	  0.24125953	  0.24077851	  0.00048102	  0.24077851	  0.00000000	  0.25077930
    -12.4957	     19.3674	 1.3084	 1.426629	 0.013259	  0.24059701	  0.24011689	  0.00048012	  0.24011689	  0.00000000	  0.24973665
    -12.4457	     19.5755	 1.3137	 1.429398	 0.013359	  0.23993200	  0.23945293	  0.00047908	  0.23945293	  0.00000000	  0.24869963
    -12.3959	     19.7833	 1.3189	 1.432185	 0.013458	  0.23926456	  0.23878667	  0.00047789	  0.23878667	  0.00000000	  0.24766819
    -12.3463	     19.9908	 1.3242	 1.434988	 0.013557	  0.23859474	  0.23811817	  0.00047657	  0.23811817	  0.00000000	  0.24664226
    -12.2969	     20.1981	 1.3294	 1.437809	 0.013656	  0.23792258	  0.23744747	  0.00047511	  0.23744747	  0.00000000	  0.24562181
    -12.2478	     20.4052	 1.3346	 1.440647	 0.013754	  0.23724812	  0.23677461	  0.00047351	  0.23677461	  0.00000000	  0.24460676
    -12.1988	     20.6120	 1.3398	 1.443501	 0.013852	  0.23657143	  0.23609966	  0.00047177	  0.23609966	  0.00000000	  0.24359709
    -12.1500	     20.8186	 1.3450	 1.446373	 0.013949	  0.23589256	  0.23542266	  0.00046990	  0.23542266	  0.00000000	  0.24259273
    -12.1014	     21.0249	 1.3501	 1.449261	 0.014046	  0.23521155	  0.23474366	  0.00046790	  0.23474366	  0.00000000	  0.24159363
    -12.0529	     21.2310	 1.3552	 1.452166	 0.014142	  0.23452846	  0.23406271	  0.00046576	  0.23406271	  0.00000000	  0.24059975
    -12.0047	     21.4369	 1.3603	 1.455088	 0.014238	  0.23384335	  0.23337986	  0.00046349	  0.23337986	  0.00000000	  0.23961103
    -11.9567	     21.6426	 1.3654	 1.458026	 0.014333	  0.23315627	  0.23269517	  0.00046110	  0.23269517	  0.00000000	  0.23862743
    -11.9089	     21.8480	 1.3705	 1.460980	 0.014427	  0.23246727	  0.23200869	  0.00045858	  0.23200869	  0.00000000	  0.23764890
    -11.8612	     22.0533	 1.3755	 1.463951	 0.014521	  0.23177641	  0.23132048	  0.00045594	  0.23132048	  0.00000000	  0.23667539
    -11.8138	     22.2583	 1.3805	 1.466938	 0.014614	  0.23108376	  0.23063058	  0.00045318	  0.23063058	  0.00000000	  0.23570686
    -11.7665	     22.4631	 1.3855	 1.469941	 0.014707	  0.23038936	  0.22993906	  0.00045030	  0.22993906	  0.00000000	  0.23474327
    -11.7194	     22.6678	 1.3905	 1.472960	 0.014799	  0.22969327	  0.22924597	  0.00044730	  0.22924597	  0.00000000	  0.23378456
    -11.6726	     22.8722	 1.3955	 1.475994	 0.014890	  0.22899556	  0.22855137	  0.00044420	  0.22855137	  0.00000000	  0.23283069
    -11.6259	     23.0764	 1.4004	 1.479044	 0.014980	  0.22829629	  0.22785531	  0.00044098	  0.22785531	  0.00000000	  0.23188162
    -11.5794	     23.2804	 1.4053	 1.482110	 0.015070	  0.22759551	  0.22715785	  0.00043766	  0.22715785	  0.00000000	  0.23093731
    -11.5330	     23.4843	 1.4102	 1.485191	 0.015159	  0.22689328	  0.22645905	  0.00043424	  0.22645905	  0.00000000	  0.22999772
    -11.4869	     23.6880	 1.4151	 1.488287	 0.015247	  0.22618967	  0.22575896	  0.00043072	  0.22575896	  0.00000000	  0.22906279
    -11.4409	     23.8914	 1.4200	 1.491399	 0.015334	  0.22548474	  0.22505764	  0.00042710	  0.22505764	  0.00000000	  0.22813250
    -11.3952	     24.0947	 1.4248	 1.494525	 0.015421	  0.22477854	  0.22435515	  0.00042339	  0.22435515	  0.00000000	  0.22720680
    -11.3496	     24.2979	 1.4296	 1.497666	 0.015506	  0.22407114	  0.22365156	  0.00041959	  0.22365156	  0.00000000	  0.22628564
    -11.3042	     24.5008	 1.4345	 1.500822	 0.015591	  0.22336261	  0.22294690	  0.00041571	  0.22294690	  0.00000000	  0.22536900
    -11.2590	     24.7036	 1.4392	 1.503992	 0.015675	  0.22265299	  0.22224125	  0.00041174	  0.22224125	  0.00000000	  0.22445683
    -11.2139	     24.9062	 1.4440	 1.507176	 0.015758	  0.22194236	  0.22153466	  0.00040770	  0.22153466	  0.00000000	  0.22354910
    -11.1691	     25.1087	 1.4488	 1.510375	 0.015840	  0.22123078	  0.22082720	  0.00040358	  0.22082720	  0.00000000	  0.22264576
    -11.1244	     25.3110	 1.4535	 1.513587	 0.015921	  0.22051830	  0.22011890	  0.00039939	  0.22011890	  0.00000000	  0.22174678
    -11.0799	     25.5131	 1.4582	 1.516814	 0.016001	  0.21980499	  0.21940985	  0.00039514	  0.21940985	  0.00000000	  0.22085212
    -11.0355	     25.7151	 1.4629	 1.520054	 0.016081	  0.21909091	  0.21870009	  0.00039082	  0.21870009	  0.00000000	  0.21996175
    -10.9914	     25.9169	 1.4676	 1.523308	 0.016159	  0.21837613	  0.21798968	  0.00038645	  0.21798968	  0.00000000	  0.21907563
    -10.9474	     26.1186	 1.4723	 1.526575	 0.016237	  0.21766070	  0.21727868	  0.00038202	  0.21727868	  0.00000000	  0.21819372
    -10.9036	     26.3201	 1.4770	 1.529855	 0.016313	  0.21694468	  0.21656715	  0.00037753	  0.21656715	  0.00000000	  0.21731600
    -10.8600	     26.5215	 1.4816	 1.533148	 0.016389	  0.21622814	  0.21585514	  0.00037300	  0.21585514	  0.00000000	  0.21644242
    -10.8166	     26.7228	 1.4862	 1.536454	 0.016464	  0.21551114	  0.21514271	  0.00036843	  0.21514271	  0.00000000	  0.21557295
    -10.7733	     26.9239	 1.4908	 1.539772	 0.016537	  0.21479373	  0.21442992	  0.00036382	  0.21442992	  0.00000000	  0.21470757
    -10.7302	     27.1249	 1.4954	 1.543103	 0.016610	  0.21407598	  0.21371681	  0.00035916	  0.21371681	  0.00000000	  0.21384623
    -10.6873	     27.3258	 1.5000	 1.546447	 0.016681	  0.21335794	  0.21300346	  0.00035448	  0.21300346	  0.00000000	  0.21298891
    -10.6445	     27.5265	 1.5046	 1.549802	 0.016752	  0.21263968	  0.21228991	  0.00034977	  0.21228991	  0.00000000	  0.21213557
    -10.6019	     27.7271	 1.5091	 1.553170	 0.016822	  0.21192125	  0.21157622	  0.00034503	  0.21157622	  0.00000000	  0.21128618
    -10.5595	     27.9276	 1.5137	 1.556549	 0.016891	  0.21120272	  0.21086245	  0.00034027	  0.21086245	  0.00000000	  0.21044072
    -10.5173	     28.1279	 1.5182	 1.559940	 0.016958	  0.21048413	  0.21014863	  0.00033549	  0.21014863	  0.00000000	  0.20959915
    -10.4752	     28.3282	 1.5227	 1.563343	 0.017025	  0.20976554	  0.20943484	  0.00033070	  0.20943484	  0.00000000	  0.20876144
    -10.4333	     28.5283	 1.5272	 1.566756	 0.017091	  0.20904702	  0.20872113	  0.00032589	  0.20872113	  0.00000000	  0.20792757
    -10.3916	     28.7283	 1.5317	 1.570181	 0.017155	  0.20832861	  0.20800753	  0.00032108	  0.20800753	  0.00000000	  0.20709750
    -10.3500	     28.9282	 1.5361	 1.573617	 0.017219	  0.20761038	  0.20729412	  0.00031626	  0.20729412	  0.00000000	  0.20627120
    -10.3086	     29.1280	 1.5406	 1.577063	 0.017282	  0.20689237	  0.20658093	  0.00031144	  0.20658093	  0.00000000	  0.20544865
    -10.2673	     29.3276	 1.5450	 1.580520	 0.017343	  0.20617464	  0.20586802	  0.00030662	  0.20586802	  0.00000000	  0.20462982
    -10.2263	     29.5272	 1.5495	 1.583987	 0.017404	  0.20545724	  0.20515544	  0.00030180	  0.20515544	  0.00000000	  0.20381469
    -10.1854	     29.7267	 1.5539	 1.587465	 0.017464	  0.20474023	  0.20444323	  0.00029699	  0.20444323	  0.00000000	  0.20300322
    -10.1446	     29.9260	 1.5583	 1.590953	 0.017523	  0.20402365	  0.20373146	  0.00029219	  0.20373146	  0.00000000	  0.20219539
    -10.1040	     30.1253	 1.5627	 1.594450	 0.017580	  0.20330756	  0.20302015	  0.00028740	  0.20302015	  0.00000000	  0.20139117
    -10.0636	     30.3245	 1.5671	 1.597957	 0.017637	  0.20259200	  0.20230937	  0.00028263	  0.20230937	  0.00000000	  0.20059054
    -10.0233	     30.5236	 1.5715	 1.601474	 0.017693	  0.20187703	  0.20159915	  0.00027788	  0.20159915	  0.00000000	  0.19979348
     -9.9832	     30.7225	 1.5758	 1.605000	 0.017748	  0.20116270	  0.20088955	  0.00027315	  0.20088955	  0.00000000	  0.19899995
     -9.9433	     30.9214	 1.5802	 1.608535	 0.017802	  0.20044904	  0.20018060	  0.00026844	  0.20018060	  0.00000000	  0.19820994
     -9.9035	     31.1202	 1.5845	 1.612080	 0.017854	  0.19973611	  0.19947236	  0.00026375	  0.19947236	  0.00000000	  0.19742341
     -9.8639	     31.3189	 1.5888	 1.615633	 0.017906	  0.19902396	  0.19876486	  0.00025909	  0.19876486	  0.00000000	  0.19664035
     -9.8244	     31.5176	 1.5932	 1.619195	 0.017957	  0.19831262	  0.19805816	  0.00025446	  0.19805816	  0.00000000	  0.19586073
     -9.7851	     31.7161	 1.5975	 1.622765	 0.018008	  0.19760214	  0.19735228	  0.00024987	  0.19735228	  0.00000000	  0.19508453
     -9.7460	     31.9146	 1.6018	 1.626344	 0.018057	  0.19689257	  0.19664727	  0.00024530	  0.19664727	  0.00000000	  0.19431173
     -9.7070	     32.1130	 1.6061	 1.629931	 0.018105	  0.19618395	  0.19594317	  0.00024077	  0.19594317	  0.00000000	  0.19354230
     -9.6682	     32.3113	 1.6103	 1.633526	 0.018152	  0.19547631	  0.19524003	  0.00023628	  0.19524003	  0.00000000	  0.19277622
     -9.6295	     32.5095	 1.6146	 1.637128	 0.018199	  0.19476970	  0.19453787	  0.00023183	  0.19453787	  0.00000000	  0.19201348
     -9.5910	     32.7076	 1.6189	 1.640739	 0.018244	  0.19406416	  0.19383674	  0.00022742	  0.19383674	  0.00000000	  0.19125404
     -9.5526	     32.9057	 1.6231	 1.644357	 0.018289	  0.19335973	  0.19313668	  0.00022305	  0.19313668	  0.00000000	  0.19049788
     -9.5144	     33.1037	 1.6274	 1.647983	 0.018332	  0.19265644	  0.19243772	  0.00021872	  0.19243772	  0.00000000	  0.18974500
     -9.4763	     33.3016	 1.6316	 1.651616	 0.018375	  0.19195434	  0.19173989	  0.00021444	  0.19173989	  0.00000000	  0.18899535
     -9.4384	     33.4995	 1.6358	 1.655255	 0.018417	  0.19125345	  0.19104324	  0.00021021	  0.19104324	  0.00000000	  0.18824894
     -9.4007	     33.6973	 1.6401	 1.658902	 0.018458	  0.19055381	  0.19034779	  0.00020602	  0.19034779	  0.00000000	  0.18750573
     -9.3630	     33.8950	 1.6443	 1.662556	 0.018499	  0.18985547	  0.18965358	  0.00020188	  0.18965358	  0.00000000	  0.18676570
     -9.3256	     34.0927	 1.6485	 1.666217	 0.018538	  0.18915844	  0.18896065	  0.00019779	  0.18896065	  0.00000000	  0.18602884
     -9.2883	     34.2903	 1.6527	 1.669883	 0.018577	  0.18846276	  0.18826901	  0.00019375	  0.18826901	  0.00000000	  0.18529512
     -9.2511	     34.4878	 1.6569	 1.673557	 0.018615	  0.18776847	  0.18757871	  0.00018976	  0.18757871	  0.00000000	  0.18456454
     -9.2141	     34.6853	 1.6611	 1.677236	 0.018652	  0.18707560	  0.18688977	  0.00018583	  0.18688977	  0.00000000	  0.18383706
     -9.1773	     34.8827	 1.6652	 1.680922	 0.018688	  0.18638417	  0.18620223	  0.00018194	  0.18620223	  0.00000000	  0.18311267
     -9.1405	     35.0800	 1.6694	 1.684614	 0.018724	  0.18569422	  0.18551610	  0.00017811	  0.18551610	  0.00000000	  0.18239135
     -9.1040	     35.2773	 1.6736	 1.688311	 0.018759	  0.18500577	  0.18483143	  0.00017434	  0.18483143	  0.00000000	  0.18167309
     -9.0675	     35.4746	 1.6777	 1.692014	 0.018793	  0.18431885	  0.18414823	  0.00017062	  0.18414823	  0.00000000	  0.18095787
     -9.0313	     35.6717	 1.6819	 1.695723	 0.018826	  0.18363348	  0.18346653	  0.00016695	  0.18346653	  0.00000000	  0.18024566
     -8.9951	     35.8689	 1.6860	 1.699437	 0.018858	  0.18294970	  0.18278636	  0.00016334	  0.18278636	  0.00000000	  0.17953645
     -8.9592	     36.0659	 1.6901	 1.703157	 0.018890	  0.18226753	  0.18210775	  0.00015978	  0.18210775	  0.00000000	  0.17883023
     -8.9233	     36.2629	 1.6943	 1.706881	 0.018921	  0.18158698	  0.18143070	  0.00015628	  0.18143070	  0.00000000	  0.17812698
     -8.8876	     36.4599	 1.6984	 1.710611	 0.018952	  0.18090810	  0.18075526	  0.00015284	  0.18075526	  0.00000000	  0.17742667
     -8.8521	     36.6568	 1.7025	 1.714346	 0.018982	  0.18023089	  0.18008144	  0.00014945	  0.18008144	  0.00000000	  0.17672931
     -8.8166	     36.8537	 1.7066	 1.718086	 0.019011	  0.17955538	  0.17940927	  0.00014612	  0.17940927	  0.00000000	  0.17603485
     -8.7814	     37.0505	 1.7107	 1.721830	 0.019039	  0.17888159	  0.17873875	  0.00014284	  0.17873875	  0.00000000	  0.17534330
     -8.7462	     37.2472	 1.7148	 1.725579	 0.019067	  0.17820955	  0.17806993	  0.00013962	  0.17806993	  0.00000000	  0.17465464
     -8.7113	     37.4440	 1.7189	 1.729332	 0.019094	  0.17753926	  0.17740281	  0.00013646	  0.17740281	  0.00000000	  0.17396885
     -8.6764	     37.6406	 1.7230	 1.733090	 0.019121	  0.17687076	  0.17673741	  0.00013335	  0.17673741	  0.00000000	  0.17328591
     -8.6417	     37.8372	 1.7271	 1.736852	 0.019146	  0.17620405	  0.17607375	  0.00013030	  0.17607375	  0.00000000	  0.17260581
     -8.6071	     38.0338	 1.7312	 1.740619	 0.019172	  0.17553916	  0.17541186	  0.00012730	  0.17541186	  0.00000000	  0.17192853
     -8.5727	     38.2304	 1.7353	 1.744389	 0.019197	  0.17487610	  0.17475174	  0.00012436	  0.17475174	  0.00000000	  0.17125407
     -8.5384	     38.4268	 1.7394	 1.748163	 0.019221	  0.17421489	  0.17409342	  0.00012147	  0.17409342	  0.00000000	  0.17058240
     -8.5042	     38.6233	 1.7434	 1.751941	 0.019244	  0.17355555	  0.17343690	  0.00011864	  0.17343690	  0.00000000	  0.16991351
     -8.4702	     38.8197	 1.7475	 1.755723	 0.019267	  0.17289808	  0.17278221	  0.00011587	  0.17278221	  0.00000000	  0.16924738
     -8.4363	     39.0161	 1.7516	 1.759509	 0.019290	  0.17224251	  0.17212936	  0.00011315	  0.17212936	  0.00000000	  0.16858401
     -8.4026	     39.2124	 1.7556	 1.763298	 0.019312	  0.17158884	  0.17147837	  0.00011048	  0.17147837	  0.00000000	  0.16792337
     -8.3690	     39.4087	 1.7597	 1.767091	 0.019333	  0.17093710	  0.17082924	  0.00010786	  0.17082924	  0.00000000	  0.16726545
     -8.3355	     39.6049	 1.7637	 1.770887	 0.019354	  0.17028729	  0.17018199	  0.00010530	  0.17018199	  0.00000000	  0.16661025
     -8.3021	     39.8011	 1.7678	 1.774686	 0.019374	  0.16963942	  0.16953663	  0.00010279	  0.16953663	  0.00000000	  0.16595774
     -8.2689	     39.9973	 1.7718	 1.778489	 0.019394	  0.16899351	  0.16889317	  0.00010033	  0.16889317	  0.00000000	  0.16530791
     -8.2358	     40.1934	 1.7758	 1.782295	 0.019414	  0.16834956	  0.16825164	  0.00009793	  0.16825164	  0.00000000	  0.16466075
     -8.2029	     40.3895	 1.7799	 1.786103	 0.019433	  0.16770760	  0.16761202	  0.00009557	  0.16761202	  0.00000000	  0.16401624
     -8.1701	     40.5855	 1.7839	 1.789915	 0.019451	  0.16706761	  0.16697435	  0.00009326	  0.16697435	  0.00000000	  0.16337438
     -8.1374	     40.7816	 1.7879	 1.793730	 0.019469	  0.16642963	  0.16633862	  0.00009101	  0.16633862	  0.00000000	  0.16273514
     -8.1048	     40.9775	 1.7920	 1.797547	 0.019487	  0.16579365	  0.16570485	  0.00008880	  0.16570485	  0.00000000	  0.16209853
     -8.0724	     41.1735	 1.7960	 1.801367	 0.019504	  0.16515968	  0.16507304	  0.00008664	  0.16507304	  0.00000000	  0.16146451
     -8.0401	     41.3694	 1.8000	 1.805190	 0.019521	  0.16452773	  0.16444320	  0.00008453	  0.16444320	  0.00000000	  0.16083309
     -8.0079	     41.5653	 1.8040	 1.809015	 0.019537	  0.16389781	  0.16381534	  0.00008247	  0.16381534	  0.00000000	  0.16020424
     -7.9759	     41.7611	 1.8080	 1.812843	 0.019553	  0.16326992	  0.16318947	  0.00008045	  0.16318947	  0.00000000	  0.15957796
     -7.9440	     41.9569	 1.8120	 1.816674	 0.019569	  0.16264407	  0.16256560	  0.00007848	  0.16256560	  0.00000000	  0.15895423
     -7.9122	     42.1527	 1.8160	 1.820506	 0.019584	  0.16202027	  0.16194372	  0.00007655	  0.16194372	  0.00000000	  0.15833304
     -7.8806	     42.3485	 1.8200	 1.824341	 0.019599	  0.16139852	  0.16132386	  0.00007467	  0.16132386	  0.00000000	  0.15771438
     -7.8490	     42.5442	 1.8240	 1.828179	 0.019613	  0.16077883	  0.16070600	  0.00007283	  0.16070600	  0.00000000	  0.15709824
     -7.8176	     42.7399	 1.8280	 1.832018	 0.019627	  0.16016120	  0.16009017	  0.00007103	  0.16009017	  0.00000000	  0.15648461
     -7.7863	     42.9355	 1.8320	 1.835860	 0.019641	  0.15954563	  0.15947635	  0.00006928	  0.15947635	  0.00000000	  0.15587346
     -7.7552	     43.1312	 1.8360	 1.839703	 0.019654	  0.15893213	  0.15886457	  0.00006757	  0.15886457	  0.00000000	  0.15526480
     -7.7242	     43.3268	 1.8400	 1.843549	 0.019667	  0.15832071	  0.15825481	  0.00006590	  0.15825481	  0.00000000	  0.15465861
     -7.6933	     43.5223	 1.8440	 1.847396	 0.019680	  0.15771136	  0.15764710	  0.00006426	  0.15764710	  0.00000000	  0.15405488
     -7.6625	     43.7179	 1.8480	 1.851246	 0.019693	  0.15710409	  0.15704142	  0.00006267	  0.15704142	  0.00000000	  0.15345359
     -7.6318	     43.9134	 1.8520	 1.855097	 0.019705	  0.15649890	  0.15643778	  0.00006112	  0.15643778	  0.00000000	  0.15285474
     -7.6013	     44.1088	 1.8560	 1.858950	 0.019717	  0.15589579	  0.15583619	  0.00005961	  0.15583619	  0.00000000	  0.15225832
     -7.5709	     44.3043	 1.8599	 1.862805	 0.019728	  0.15529477	  0.15523664	  0.00005813	  0.15523664	  0.00000000	  0.15166431
     -7.5406	     44.4997	 1.8639	 1.866661	 0.019739	  0.15469584	  0.15463915	  0.00005669	  0.15463915	  0.00000000	  0.15107270
     -7.5104	     44.6951	 1.8679	 1.870519	 0.019750	  0.15409899	  0.15404370	  0.00005528	  0.15404370	  0.00000000	  0.15048349
     -7.4804	     44.8905	 1.8719	 1.874378	 0.019761	  0.15350423	  0.15345031	  0.00005392	  0.15345031	  0.00000000	  0.14989665
     -7.4505	     45.0858	 1.8759	 1.878240	 0.019771	  0.15291156	  0.15285898	  0.00005258	  0.15285898	  0.00000000	  0.14931219
     -7.4207	     45.2811	 1.8798	 1.882102	 0.019781	  0.15232097	  0.15226969	  0.00005128	  0.15226969	  0.00000000	  0.14873008
     -7.3910	     45.4764	 1.8838	 1.885966	 0.019791	  0.15173248	  0.15168247	  0.00005001	  0.15168247	  0.00000000	  0.14815033
     -7.3614	     45.6716	 1.8878	 1.889831	 0.019801	  0.15114608	  0.15109730	  0.00004878	  0.15109730	  0.00000000	  0.14757291
     -7.3319	     45.8669	 1.8917	 1.893698	 0.019810	  0.15056176	  0.15051418	  0.00004757	  0.15051418	  0.00000000	  0.14699782
     -7.3026	     46.0621	 1.8957	 1.897566	 0.019820	  0.14997953	  0.14993313	  0.00004640	  0.14993313	  0.00000000	  0.14642505
     -7.2734	     46.2573	 1.8997	 1.901435	 0.019828	  0.14939939	  0.14935413	  0.00004526	  0.14935413	  0.00000000	  0.14585459
     -7.2443	     46.4524	 1.9036	 1.905306	 0.019837	  0.14882133	  0.14877718	  0.00004415	  0.14877718	  0.00000000	  0.14528642
     -7.2153	     46.6475	 1.9076	 1.909177	 0.019846	  0.14824536	  0.14820229	  0.00004307	  0.14820229	  0.00000000	  0.14472054
     -7.1864	     46.8426	 1.9115	 1.913050	 0.019854	  0.14767146	  0.14762945	  0.00004201	  0.14762945	  0.00000000	  0.14415694
     -7.1577	     47.0377	 1.9155	 1.916924	 0.019862	  0.14709965	  0.14705866	  0.00004099	  0.14705866	  0.00000000	  0.14359560
     -7.1291	     47.2328	 1.9194	 1.920799	 0.019870	  0.14652992	  0.14648993	  0.00003999	  0.14648993	  0.00000000	  0.14303653
     -7.1005	     47.4278	 1.9234	 1.924675	 0.019878	  0.14596226	  0.14592324	  0.00003902	  0.14592324	  0.00000000	  0.14247969
     -7.0721	     47.6228	 1.9274	 1.928551	 0.019885	  0.14539668	  0.14535861	  0.00003807	  0.14535861	  0.00000000	  0.14192510
     -7.0438	     47.8178	 1.9313	 1.932429	 0.019893	  0.14483317	  0.14479601	  0.00003715	  0.14479601	  0.00000000	  0.14137274
     -7.0157	     48.0127	 1.9353	 1.936308	 0.019900	  0.14427172	  0.14423546	  0.00003626	  0.14423546	  0.00000000	  0.14082259
     -6.9876	     48.2076	 1.9392	 1.940188	 0.019907	  0.14371234	  0.14367696	  0.00003539	  0.14367696	  0.00000000	  0.14027465
     -6.9596	     48.4026	 1.9432	 1.944068	 0.019913	  0.14315503	  0.14312049	  0.00003454	  0.14312049	  0.00000000	  0.13972891
     -6.9318	     48.5974	 1.9471	 1.947950	 0.019920	  0.14259977	  0.14256605	  0.00003372	  0.14256605	  0.00000000	  0.13918536
     -6.9041	     48.7923	 1.9510	 1.951832	 0.019927	  0.14204657	  0.14201365	  0.00003292	  0.14201365	  0.00000000	  0.13864399
     -6.8764	     48.9871	 1.9550	 1.955715	 0.019933	  0.14149542	  0.14146328	  0.00003214	  0.14146328	  0.00000000	  0.13810479
     -6.8489	     49.1819	 1.9589	 1.959599	 0.019939	  0.14094632	  0.14091493	  0.00003138	  0.14091493	  0.00000000	  0.13756775
     -6.8215	     49.3767	 1.9629	 1.963483	 0.019945	  0.14039926	  0.14036861	  0.00003065	  0.14036861	  0.00000000	  0.13703286
     -6.7942	     49.5715	 1.9668	 1.967369	 0.019951	  0.13985425	  0.13982431	  0.00002993	  0.13982431	  0.00000000	  0.13650012
     -6.7670	     49.7662	 1.9708	 1.971254	 0.019957	  0.13931127	  0.13928203	  0.00002924	  0.13928203	  0.00000000	  0.13596951
     -6.7400	     49.9609	 1.9747	 1.975141	 0.019962	  0.13877032	  0.13874176	  0.00002856	  0.13874176	  0.00000000	  0.13544102
     -6.7130	     50.1556	 1.9786	 1.979028	 0.019968	  0.13823140	  0.13820349	  0.00002791	  0.13820349	  0.00000000	  0.13491465
     -6.6862	     50.3503	 1.9826	 1.982916	 0.019973	  0.13769451	  0.13766724	  0.00002727	  0.13766724	  0.00000000	  0.13439039
     -6.6594	     50.5450	 1.9865	 1.986804	 0.019979	  0.13715963	  0.13713298	  0.00002665	  0.13713298	  0.00000000	  0.13386823
     -6.6328	     50.7396	 1.9905	 1.990693	 0.019984	  0.13662677	  0.13660072	  0.00002605	  0.13660072	  0.00000000	  0.13334815
     -6.6062	     50.9342	 1.9944	 1.994582	 0.019989	  0.13609592	  0.13607045	  0.00002546	  0.13607045	  0.00000000	  0.13283016
     -6.5798	     51.1288	 1.9983	 1.998472	 0.019994	  0.13556707	  0.13554218	  0.00002490	  0.13554218	  0.00000000	  0.13231423
     -6.5535	     51.3233	 2.0023	 2.002363	 0.019998	  0.13504022	  0.13501588	  0.00002434	  0.13501588	  0.00000000	  0.13180037
     -6.5272	     51.5179	 2.0062	 2.006254	 0.020003	  0.13451537	  0.13449156	  0.00002381	  0.13449156	  0.00000000	  0.13128856
     -6.5011	     51.7124	 2.0101	 2.010145	 0.020008	  0.13399251	  0.13396922	  0.00002329	  0.13396922	  0.00000000	  0.13077880
     -6.4751	     51.9069	 2.0141	 2.014037	 0.020012	  0.13347164	  0.13344885	  0.00002278	  0.13344885	  0.00000000	  0.13027107
     -6.4492	     52.1014	 2.0180	 2.017929	 0.020017	  0.13295274	  0.13293045	  0.00002229	  0.13293045	  0.00000000	  0.12976537
     -6.4234	     52.2958	 2.0219	 2.021822	 0.020021	  0.13243582	  0.13241400	  0.00002182	  0.13241400	  0.00000000	  0.12926170
     -6.3977	     52.4902	 2.0258	 2.025715	 0.020025	  0.13192087	  0.13189951	  0.00002136	  0.13189951	  0.00000000	  0.12876003
     -6.3721	     52.6846	 2.0298	 2.029608	 0.020029	  0.13140788	  0.13138697	  0.00002091	  0.13138697	  0.00000000	  0.12826036
     -6.3466	     52.8790	 2.0337	 2.033502	 0.020033	  0.13089685	  0.13087638	  0.00002047	  0.13087638	  0.00000000	  0.12776269
     -6.3212	     53.0734	 2.0376	 2.037396	 0.020037	  0.13038777	  0.13036772	  0.00002005	  0.13036772	  0.00000000	  0.12726701
     -6.2959	     53.2677	 2.0416	 2.041291	 0.020041	  0.12988064	  0.12986100	  0.00001964	  0.12986100	  0.00000000	  0.12677330
     -6.2708	     53.4621	 2.0455	 2.045185	 0.020045	  0.12937545	  0.12935621	  0.00001924	  0.12935621	  0.00000000	  0.12628157
     -6.2457	     53.6564	 2.0494	 2.049080	 0.020048	  0.12887220	  0.12885334	  0.00001886	  0.12885334	  0.00000000	  0.12579179
     -6.2207	     53.8506	 2.0533	 2.052976	 0.020052	  0.12837088	  0.12835240	  0.00001848	  0.12835240	  0.00000000	  0.12530397
     -6.1958	     54.0449	 2.0573	 2.056871	 0.020056	  0.12787148	  0.12785336	  0.00001812	  0.12785336	  0.00000000	  0.12481810
     -6.1710	     54.2391	 2.0612	 2.060767	 0.020059	  0.12737400	  0.12735623	  0.00001777	  0.12735623	  0.00000000	  0.12433416
     -6.1463	     54.4333	 2.0651	 2.064663	 0.020063	  0.12687844	  0.12686101	  0.00001743	  0.12686101	  0.00000000	  0.12385215
     -6.1217	     54.6275	 2.0690	 2.068560	 0.020066	  0.12638478	  0.12636768	  0.00001710	  0.12636768	  0.00000000	  0.12337206
     -6.0972	     54.8217	 2.0730	 2.072456	 0.020069	  0.12589302	  0.12587624	  0.00001677	  0.12587624	  0.00000000	  0.12289388
     -6.0728	     55.0159	 2.0769	 2.076353	 0.020072	  0.12540316	  0.12538669	  0.00001646	  0.12538669	  0.00000000	  0.12241761
     -6.0485	     55.2100	 2.0808	 2.080250	 0.020076	  0.12491518	  0.12489902	  0.00001616	  0.12489902	  0.00000000	  0.12194324
     -6.0243	     55.4041	 2.0847	 2.084147	 0.020079	  0.12442909	  0.12441322	  0.00001587	  0.12441322	  0.00000000	  0.12147076
     -6.0002	     55.5982	 2.0887	 2.088044	 0.020082	  0.12394488	  0.12392929	  0.00001558	  0.12392929	  0.00000000	  0.12100016
     -5.9762	     55.7922	 2.0926	 2.091942	 0.020085	  0.12346253	  0.12344722	  0.00001531	  0.12344722	  0.00000000	  0.12053143
     -5.9523	     55.9863	 2.0965	 2.095839	 0.020088	  0.12298206	  0.12296701	  0.00001504	  0.12296701	  0.00000000	  0.12006457
     -5.9285	     56.1803	 2.1004	 2.099737	 0.020091	  0.12250344	  0.12248865	  0.00001478	  0.12248865	  0.00000000	  0.11959957
     -5.9048	     56.3743	 2.1043	 2.103635	 0.020093	  0.12202667	  0.12201214	  0.00001453	  0.12201214	  0.00000000	  0.11913642
     -5.8812	     56.5683	 2.1083	 2.107533	 0.020096	  0.12155175	  0.12153746	  0.00001429	  0.12153746	  0.00000000	  0.11867511
     -5.8576	     56.7622	 2.1122	 2.111431	 0.020099	  0.12107867	  0.12106461	  0.00001406	  0.12106461	  0.00000000	  0.11821564
     -5.8342	     56.9562	 2.1161	 2.115329	 0.020102	  0.12060742	  0.12059360	  0.00001383	  0.12059360	  0.00000000	  0.11775800
     -5.8108	     57.1501	 2.1200	 2.119227	 0.020104	  0.12013801	  0.12012440	  0.00001361	  0.12012440	  0.00000000	  0.11730218
     -5.7876	     57.3440	 2.1239	 2.123126	 0.020107	  0.11967041	  0.11965702	  0.00001339	  0.11965702	  0.00000000	  0.11684817
     -5.7644	     57.5379	 2.1278	 2.127024	 0.020110	  0.11920463	  0.11919144	  0.00001318	  0.11919144	  0.00000000	  0.11639597
     -5.7414	     57.7317	 2.1318	 2.130923	 0.020112	  0.11874066	  0.11872767	  0.00001298	  0.11872767	  0.00000000	  0.11594556
     -5.7184	     57.9256	 2.1357	 2.134821	 0.020115	  0.11827849	  0.11826570	  0.00001279	  0.11826570	  0.00000000	  0.11549695
     -5.6955	     58.1194	 2.1396	 2.138720	 0.020117	  0.11781812	  0.11780552	  0.00001260	  0.11780552	  0.00000000	  0.11505012
     -5.6727	     58.3132	 2.1435	 2.142619	 0.020119	  0.11735954	  0.11734712	  0.00001242	  0.11734712	  0.00000000	  0.11460507
     -5.6500	     58.5069	 2.1474	 2.146518	 0.020122	  0.11690274	  0.11689050	  0.00001224	  0.11689050	  0.00000000	  0.11416179
     -5.6274	     58.7007	 2.1513	 2.150417	 0.020124	  0.11644772	  0.11643565	  0.00001207	  0.11643565	  0.00000000	  0.11372027
     -5.6049	     58.8944	 2.1553	 2.154315	 0.020126	  0.11599447	  0.11598257	  0.00001190	  0.11598257	  0.00000000	  0.11328051
     -5.5825	     59.0881	 2.1592	 2.158214	 0.020129	  0.11554299	  0.11553125	  0.00001174	  0.11553125	  0.00000000	  0.11284249
     -5.5602	     59.2818	 2.1631	 2.162113	 0.020131	  0.11509327	  0.11508168	  0.00001159	  0.11508168	  0.00000000	  0.11240621
     -5.5379	     59.4755	 2.1670	 2.166012	 0.020133	  0.11464530	  0.11463386	  0.00001144	  0.11463386	  0.00000000	  0.11197167
     -5.5158	     59.6691	 2.1709	 2.169911	 0.020135	  0.11419908	  0.11418778	  0.00001129	  0.11418778	  0.00000000	  0.11153886
     -5.4937	     59.8627	 2.1748	 2.173810	 0.020138	  0.11375459	  0.11374344	  0.00001115	  0.11374344	  0.00000000	  0.11110776
     -5.4717	     60.0563	 2.1787	 2.177709	 0.020140	  0.11331184	  0.11330083	  0.00001102	  0.11330083	  0.00000000	  0.11067838
     -5.4498	     60.2499	 2.1827	 2.181608	 0.020142	  0.11287082	  0.11285994	  0.00001088	  0.11285994	  0.00000000	  0.11025070
     -5.4280	     60.4435	 2.1866	 2.185507	 0.020144	  0.11243152	  0.11242077	  0.00001076	  0.11242077	  0.00000000	  0.10982472
     -5.4063	     60.6370	 2.1905	 2.189405	 0.020146	  0.11199394	  0.11198331	  0.00001063	  0.11198331	  0.00000000	  0.10940043
     -5.3847	     60.8305	 2.1944	 2.193304	 0.020148	  0.11155806	  0.11154755	  0.00001051	  0.11154755	  0.00000000	  0.10897783
     -5.3631	     61.0240	 2.1983	 2.197203	 0.020150	  0.11112389	  0.11111349	  0.00001040	  0.11111349	  0.00000000	  0.10855691
     -5.3417	     61.2175	 2.2022	 2.201102	 0.020152	  0.11069142	  0.11068113	  0.00001029	  0.11068113	  0.00000000	  0.10813765
     -5.3203	     61.4110	 2.2061	 2.205001	 0.020154	  0.11026063	  0.11025045	  0.00001018	  0.11025045	  0.00000000	  0.10772006
     -5.2990	     61.6044	 2.2100	 2.208899	 0.020156	  0.10983153	  0.10982146	  0.00001007	  0.10982146	  0.00000000	  0.10730413
     -5.2778	     61.7978	 2.2140	 2.212798	 0.020158	  0.10940411	  0.10939413	  0.00000997	  0.10939413	  0.00000000	  0.10688985
     -5.2567	     61.9912	 2.2179	 2.216697	 0.020160	  0.10897835	  0.10896848	  0.00000987	  0.10896848	  0.00000000	  0.10647722
     -5.2357	     62.1846	 2.2218	 2.220595	 0.020162	  0.10855427	  0.10854449	  0.00000978	  0.10854449	  0.00000000	  0.10606622
     -5.2147	     62.3779	 2.2257	 2.224494	 0.020164	  0.10813184	  0.10812215	  0.00000969	  0.10812215	  0.00000000	  0.10565685
     -5.1938	     62.5713	 2.2296	 2.228392	 0.020166	  0.10771107	  0.10770147	  0.00000960	  0.10770147	  0.00000000	  0.10524911
     -5.1731	     62.7646	 2.2335	 2.232290	 0.020167	  0.10729194	  0.10728243	  0.00000951	  0.10728243	  0.00000000	  0.10484298
     -5.1524	     62.9579	 2.2374	 2.236189	 0.020169	  0.10687445	  0.10686502	  0.00000943	  0.10686502	  0.00000000	  0.10443847
     -5.1318	     63.1511	 2.2413	 2.240087	 0.020171	  0.10645860	  0.10644925	  0.00000935	  0.10644925	  0.00000000	  0.10403556
     -5.1112	     63.3444	 2.2452	 2.243985	 0.020173	  0.10604438	  0.10603510	  0.00000928	  0.10603510	  0.00000000	  0.10363425
     -5.0908	     63.5376	 2.2491	 2.247883	 0.020175	  0.10563178	  0.10562258	  0.00000920	  0.10562258	  0.00000000	  0.10323453
     -5.0704	     63.7308	 2.2531	 2.251781	 0.020176	  0.10522079	  0.10521167	  0.00000913	  0.10521167	  0.00000000	  0.10283640
     -5.0501	     63.9240	 2.2570	 2.255679	 0.020178	  0.10481142	  0.10480236	  0.00000906	  0.10480236	  0.00000000	  0.10243984
     -5.0299	     64.1171	 2.2609	 2.259577	 0.020180	  0.10440365	  0.10439466	  0.00000899	  0.10439466	  0.00000000	  0.10204486
     -5.0098	     64.3103	 2.2648	 2.263474	 0.020182	  0.10399748	  0.10398855	  0.00000893	  0.10398855	  0.00000000	  0.10165144
     -4.9897	     64.5034	 2.2687	 2.267372	 0.020183	  0.10359290	  0.10358403	  0.00000887	  0.10358403	  0.00000000	  0.10125959
     -4.9698	     64.6965	 2.2726	 2.271270	 0.020185	  0.10318990	  0.10318110	  0.00000880	  0.10318110	  0.00000000	  0.10086928
     -4.9499	     64.8896	 2.2765	 2.275167	 0.020187	  0.10278849	  0.10277974	  0.00000875	  0.10277974	  0.00000000	  0.10048053
     -4.9301	     65.0826	 2.2804	 2.279064	 0.020188	  0.10238865	  0.10237996	  0.00000869	  0.10237996	  0.00000000	  0.10009331
     -4.9104	     65.2757	 2.2843	 2.282961	 0.020190	  0.10199038	  0.10198174	  0.00000864	  0.10198174	  0.00000000	  0.09970763
     -4.8907	     65.4687	 2.2882	 2.286859	 0.020192	  0.10159367	  0.10158508	  0.00000858	  0.10158508	  0.00000000	  0.09932348
     -4.8711	     65.6617	 2.2921	 2.290756	 0.020193	  0.10119851	  0.10118998	  0.00000853	  0.10118998	  0.00000000	  0.09894085
     -4.8517	     65.8546	 2.2960	 2.294652	 0.020195	  0.10080491	  0.10079642	  0.00000848	  0.10079642	  0.00000000	  0.09855974
     -4.8322	     66.0476	 2.2999	 2.298549	 0.020197	  0.10041285	  0.10040441	  0.00000844	  0.10040441	  0.00000000	  0.09818014
     -4.8129	     66.2405	 2.3038	 2.302446	 0.020198	  0.10002233	  0.10001393	  0.00000839	  0.10001393	  0.00000000	  0.09780204
     -4.7936	     66.4334	 2.3078	 2.306342	 0.020200	  0.09963334	  0.09962499	  0.00000835	  0.09962499	  0.00000000	  0.09742544
     -4.7745	     66.6263	 2.3117	 2.310239	 0.020202	  0.09924587	  0.09923757	  0.00000831	  0.09923757	  0.00000000	  0.09705033
     -4.7554	     66.8191	 2.3156	 2.314135	 0.020203	  0.09885993	  0.09885167	  0.00000826	  0.09885167	  0.00000000	  0.09667670
     -4.7363	     67.0120	 2.3195	 2.318031	 0.020205	  0.09847550	  0.09846728	  0.00000823	  0.09846728	  0.00000000	  0.09630456
     -4.7174	     67.2048	 2.3234	 2.321927	 0.020206	  0.09809258	  0.09808440	  0.00000819	  0.09808440	  0.00000000	  0.09593389
     -4.6985	     67.3976	 2.3273	 2.325823	 0.020208	  0.09771117	  0.09770302	  0.00000815	  0.09770302	  0.00000000	  0.09556469
     -4.6797	     67.5904	 2.3312	 2.329719	 0.020209	  0.09733125	  0.09732313	  0.00000812	  0.09732313	  0.00000000	  0.09519695
     -4.6610	     67.7831	 2.3351	 2.333614	 0.020211	  0.09695282	  0.09694474	  0.00000808	  0.09694474	  0.00000000	  0.09483067
     -4.6423	     67.9759	 2.3390	 2.337510	 0.020213	  0.09657588	  0.09656783	  0.00000805	  0.09656783	  0.00000000	  0.09446583
     -4.6238	     68.1686	 2.3429	 2.341405	 0.020214	  0.09620042	  0.09619240	  0.00000802	  0.09619240	  0.00000000	  0.09410245
     -4.6053	     68.3612	 2.3468	 2.345300	 0.020216	  0.09582643	  0.09581844	  0.00000799	  0.09581844	  0.00000000	  0.09374050
     -4.5868	     68.5539	 2.3507	 2.349195	 0.020217	  0.09545391	  0.09544595	  0.00000796	  0.09544595	  0.00000000	  0.09337998
     -4.5685	     68.7466	 2.3546	 2.353090	 0.020219	  0.09508286	  0.09507493	  0.00000793	  0.09507493	  0.00000000	  0.09302089
     -4.5502	     68.9392	 2.3585	 2.356985	 0.020220	  0.09471326	  0.09470536	  0.00000790	  0.09470536	  0.00000000	  0.09266322
     -4.5320	     69.1318	 2.3624	 2.360879	 0.020222	  0.09434511	  0.09433723	  0.00000788	  0.09433723	  0.00000000	  0.09230697
     -4.5139	     69.3244	 2.3663	 2.364774	 0.020223	  0.09397841	  0.09397056	  0.00000785	  0.09397056	  0.00000000	  0.09195212
     -4.4958	     69.5169	 2.3702	 2.368668	 0.020225	  0.09361315	  0.09360532	  0.00000783	  0.09360532	  0.00000000	  0.09159868
     -4.4778	     69.7095	 2.3741	 2.372562	 0.020226	  0.09324933	  0.09324152	  0.00000781	  0.09324152	  0.00000000	  0.09124664
     -4.4599	     69.9020	 2.3780	 2.376456	 0.020228	  0.09288693	  0.09287915	  0.00000779	  0.09287915	  0.00000000	  0.09089600
     -4.4421	     70.0945	 2.3819	 2.380350	 0.020229	  0.09252596	  0.09251819	  0.00000776	  0.09251819	  0.00000000	  0.09054674
     -4.4243	     70.2869	 2.3858	 2.384244	 0.020231	  0.09216640	  0.09215866	  0.00000774	  0.09215866	  0.00000000	  0.09019886
     -4.4066	     70.4794	 2.3897	 2.388137	 0.020232	  0.09180826	  0.09180054	  0.00000772	  0.09180054	  0.00000000	  0.08985236
     -4.3889	     70.6718	 2.3936	 2.392030	 0.020234	  0.09145153	  0.09144382	  0.00000771	  0.09144382	  0.00000000	  0.08950722
     -4.3714	     70.8642	 2.3975	 2.395924	 0.020235	  0.09109619	  0.09108851	  0.00000769	  0.09108851	  0.00000000	  0.08916346
     -4.3539	     71.0566	 2.4014	 2.399817	 0.020237	  0.09074226	  0.09073459	  0.00000767	  0.09073459	  0.00000000	  0.08882105
     -4.3365	     71.2489	 2.4053	 2.403710	 0.020238	  0.09038971	  0.09038206	  0.00000766	  0.09038206	  0.00000000	  0.08848000
     -4.3191	     71.4413	 2.4092	 2.407602	 0.020240	  0.09003855	  0.09003091	  0.00000764	  0.09003091	  0.00000000	  0.08814029
     -4.3018	     71.6336	 2.4131	 2.411495	 0.020241	  0.08968877	  0.08968115	  0.00000763	  0.08968115	  0.00000000	  0.08780193
     -4.2846	     71.8259	 2.4170	 2.415387	 0.020243	  0.08934037	  0.08933275	  0.00000761	  0.08933275	  0.00000000	  0.08746491
     -4.2675	     72.0181	 2.4209	 2.419279	 0.020244	  0.08899333	  0.08898573	  0.00000760	  0.08898573	  0.00000000	  0.08712922
     -4.2504	     72.2104	 2.4248	 2.423171	 0.020246	  0.08864766	  0.08864007	  0.00000758	  0.08864007	  0.00000000	  0.08679485
     -4.2334	     72.4026	 2.4287	 2.427063	 0.020247	  0.08830334	  0.08829577	  0.00000757	  0.08829577	  0.00000000	  0.08646181
     -4.2165	     72.5948	 2.4326	 2.430955	 0.020248	  0.08796038	  0.08795282	  0.00000756	  0.08795282	  0.00000000	  0.08613009
     -4.1996	     72.7870	 2.4365	 2.434846	 0.020250	  0.08761877	  0.08761122	  0.00000755	  0.08761122	  0.00000000	  0.08579967
     -4.1828	     72.9792	 2.4404	 2.438738	 0.020251	  0.08727850	  0.08727096	  0.00000754	  0.08727096	  0.00000000	  0.08547057
     -4.1660	     73.1713	 2.4443	 2.442629	 0.020253	  0.08693956	  0.08693203	  0.00000753	  0.08693203	  0.00000000	  0.08514276
     -4.1494	     73.3634	 2.4482	 2.446520	 0.020254	  0.08660196	  0.08659444	  0.00000752	  0.08659444	  0.00000000	  0.08481625
     -4.1328	     73.5555	 2.4521	 2.450410	 0.020256	  0.08626569	  0.08625818	  0.00000751	  0.08625818	  0.00000000	  0.08449103
     -4.1162	     73.7476	 2.4560	 2.454301	 0.020257	  0.08593074	  0.08592323	  0.00000751	  0.08592323	  0.00000000	  0.08416709
     -4.0998	     73.9396	 2.4599	 2.458191	 0.020259	  0.08559710	  0.08558960	  0.00000750	  0.08558960	  0.00000000	  0.08384443
     -4.0834	     74.1316	 2.4638	 2.462082	 0.020260	  0.08526478	  0.08525729	  0.00000749	  0.08525729	  0.00000000	  0.08352305
     -4.0670	     74.3236	 2.4677	 2.465972	 0.020261	  0.08493376	  0.08492628	  0.00000748	  0.08492628	  0.00000000	  0.08320294
     -4.0508	     74.5156	 2.4716	 2.469862	 0.020263	  0.08460405	  0.08459657	  0.00000748	  0.08459657	  0.00000000	  0.08288409
     -4.0345	     74.7076	 2.4755	 2.473751	 0.020264	  0.08427563	  0.08426815	  0.00000747	  0.08426815	  0.00000000	  0.08256650
     -4.0184	     74.8995	 2.4794	 2.477641	 0.020266	  0.08394850	  0.08394103	  0.00000747	  0.08394103	  0.00000000	  0.08225017
     -4.0023	     75.0914	 2.4833	 2.481530	 0.020267	  0.08362265	  0.08361519	  0.00000746	  0.08361519	  0.00000000	  0.08193508
     -3.9863	     75.2833	 2.4872	 2.485419	 0.020269	  0.08329809	  0.08329063	  0.00000746	  0.08329063	  0.00000000	  0.08162124
     -3.9704	     75.4751	 2.4911	 2.489308	 0.020270	  0.08297481	  0.08296735	  0.00000746	  0.08296735	  0.00000000	  0.08130864
     -3.9545	     75.6670	 2.4950	 2.493197	 0.020272	  0.08265279	  0.08264534	  0.00000745	  0.08264534	  0.00000000	  0.08099727
     -3.9386	     75.8588	 2.4989	 2.497085	 0.020273	  0.08233204	  0.08232459	  0.00000745	  0.08232459	  0.00000000	  0.08068714
     -3.9229	     76.0506	 2.5028	 2.500974	 0.020274	  0.08201255	  0.08200511	  0.00000745	  0.08200511	  0.00000000	  0.08037822
     -3.9072	     76.2424	 2.5067	 2.504862	 0.020276	  0.08169432	  0.08168688	  0.00000745	  0.08168688	  0.00000000	  0.08007053
     -3.8916	     76.4341	 2.5106	 2.508750	 0.020277	  0.08137734	  0.08136990	  0.00000745	  0.08136990	  0.00000000	  0.07976405
     -3.8760	     76.6258	 2.5145	 2.512638	 0.020279	  0.08106161	  0.08105416	  0.00000745	  0.08105416	  0.00000000	  0.07945878
     -3.8605	     76.8175	 2.5184	 2.516525	 0.020280	  0.08074711	  0.08073967	  0.00000745	  0.08073967	  0.00000000	  0.07915472
     -3.8450	     77.0092	 2.5223	 2.520413	 0.020282	  0.08043386	  0.08042641	  0.00000745	  0.08042641	  0.00000000	  0.07885186
     -3.8296	     77.2009	 2.5262	 2.524300	 0.020283	  0.08012183	  0.08011439	  0.00000745	  0.08011439	  0.00000000	  0.07855019
     -3.8143	     77.3925	 2.5301	 2.528187	 0.020284	  0.07981103	  0.07980359	  0.00000745	  0.07980359	  0.00000000	  0.07824971
     -3.7991	     77.5841	 2.5340	 2.532074	 0.020286	  0.07950146	  0.07949401	  0.00000745	  0.07949401	  0.00000000	  0.07795042
     -3.7839	     77.7757	 2.5379	 2.535960	 0.020287	  0.07919310	  0.07918565	  0.00000745	  0.07918565	  0.00000000	  0.07765231
     -3.7687	     77.9673	 2.5418	 2.539847	 0.020289	  0.07888595	  0.07887850	  0.00000745	  0.07887850	  0.00000000	  0.07735537
     -3.7536	     78.1588	 2.5456	 2.543733	 0.020290	  0.07858001	  0.07857256	  0.00000745	  0.07857256	  0.00000000	  0.07705961
     -3.7386	     78.3503	 2.5495	 2.547619	 0.020291	  0.07827528	  0.07826782	  0.00000746	  0.07826782	  0.00000000	  0.07676501
     -3.7236	     78.5418	 2.5534	 2.551505	 0.020293	  0.07797174	  0.07796428	  0.00000746	  0.07796428	  0.00000000	  0.07647158
     -3.7087	     78.7333	 2.5573	 2.555390	 0.020294	  0.07766939	  0.07766193	  0.00000746	  0.07766193	  0.00000000	  0.07617930
     -3.6939	     78.9247	 2.5612	 2.559275	 0.020296	  0.07736824	  0.07736077	  0.00000747	  0.07736077	  0.00000000	  0.07588818
     -3.6791	     79.1161	 2.5651	 2.563161	 0.020297	  0.07706827	  0.07706079	  0.00000747	  0.07706079	  0.00000000	  0.07559820
     -3.6644	     79.3075	 2.5690	 2.567046	 0.020299	  0.07676947	  0.07676199	  0.00000748	  0.07676199	  0.00000000	  0.07530937
     -3.6497	     79.4989	 2.5729	 2.570930	 0.020300	  0.07647185	  0.07646437	  0.00000748	  0.07646437	  0.00000000	  0.07502168
     -3.6351	     79.6903	 2.5768	 2.574815	 0.020302	  0.07617541	  0.07616792	  0.00000749	  0.07616792	  0.00000000	  0.07473512
     -3.6206	     79.8816	 2.5807	 2.578699	 0.020303	  0.07588012	  0.07587263	  0.00000749	  0.07587263	  0.00000000	  0.07444969
     -3.6061	     80.0729	 2.5846	 2.582583	 0.020304	  0.07558600	  0.07557850	  0.00000750	  0.07557850	  0.00000000	  0.07416538
     -3.5917	     80.2642	 2.5885	 2.586467	 0.020306	  0.07529304	  0.07528553	  0.00000751	  0.07528553	  0.00000000	  0.07388220
     -3.5773	     80.4554	 2.5924	 2.590351	 0.020307	  0.07500122	  0.07499371	  0.00000751	  0.07499371	  0.00000000	  0.07360013
     -3.5630	     80.6467	 2.5963	 2.594235	 0.020309	  0.07471056	  0.07470304	  0.00000752	  0.07470304	  0.00000000	  0.07331918
     -3.5487	     80.8379	 2.6001	 2.598118	 0.020310	  0.07442103	  0.07441350	  0.00000753	  0.07441350	  0.00000000	  0.07303933
     -3.5345	     81.0290	 2.6040	 2.602001	 0.020312	  0.07413265	  0.07412511	  0.00000754	  0.07412511	  0.00000000	  0.07276059
     -3.5204	     81.2202	 2.6079	 2.605884	 0.020313	  0.07384539	  0.07383785	  0.00000754	  0.07383785	  0.00000000	  0.07248294
     -3.5063	     81.4113	 2.6118	 2.609766	 0.020314	  0.07355927	  0.07355172	  0.00000755	  0.07355172	  0.00000000	  0.07220639
     -3.4923	     81.6024	 2.6157	 2.613649	 0.020316	  0.07327427	  0.07326671	  0.00000756	  0.07326671	  0.00000000	  0.07193093
     -3.4783	     81.7935	 2.6196	 2.617531	 0.020317	  0.07299039	  0.07298282	  0.00000757	  0.07298282	  0.00000000	  0.07165655
     -3.4644	     81.9846	 2.6235	 2.621413	 0.020319	  0.07270763	  0.07270005	  0.00000758	  0.07270005	  0.00000000	  0.07138326
     -3.4505	     82.1756	 2.6274	 2.625295	 0.020320	  0.07242598	  0.07241839	  0.00000759	  0.07241839	  0.00000000	  0.07111104
     -3.4367	     82.3666	 2.6313	 2.629177	 0.020322	  0.07214544	  0.07213784	  0.00000760	  0.07213784	  0.00000000	  0.07083989
     -3.4230	     82.5576	 2.6352	 2.633058	 0.020323	  0.07186599	  0.07185839	  0.00000761	  0.07185839	  0.00000000	  0.07056982
     -3.4093	     82.7486	 2.6391	 2.636939	 0.020325	  0.07158765	  0.07158004	  0.00000762	  0.07158004	  0.00000000	  0.07030080
     -3.3956	     82.9395	 2.6429	 2.640820	 0.020326	  0.07131040	  0.07130278	  0.00000763	  0.07130278	  0.00000000	  0.07003285
     -3.3820	     83.1305	 2.6468	 2.644701	 0.020327	  0.07103424	  0.07102661	  0.00000764	  0.07102661	  0.00000000	  0.06976595
     -3.3685	     83.3214	 2.6507	 2.648581	 0.020329	  0.07075917	  0.07075152	  0.00000765	  0.07075152	  0.00000000	  0.06950010
     -3.3550	     83.5122	 2.6546	 2.652462	 0.020330	  0.07048517	  0.07047752	  0.00000766	  0.07047752	  0.00000000	  0.06923530
     -3.3416	     83.7031	 2.6585	 2.656342	 0.020332	  0.07021226	  0.07020459	  0.00000767	  0.07020459	  0.00000000	  0.06897154
     -3.3282	     83.8939	 2.6624	 2.660221	 0.020333	  0.06994041	  0.06993274	  0.00000768	  0.06993274	  0.00000000	  0.06870882
     -3.3149	     84.0847	 2.6663	 2.664101	 0.020335	  0.06966964	  0.06966195	  0.00000769	  0.06966195	  0.00000000	  0.06844714
     -3.3016	     84.2754	 2.6702	 2.667980	 0.020336	  0.06939993	  0.06939223	  0.00000770	  0.06939223	  0.00000000	  0.06818648
     -3.2884	     84.4662	 2.6741	 2.671860	 0.020338	  0.06913127	  0.06912356	  0.00000771	  0.06912356	  0.00000000	  0.06792685
     -3.2753	     84.6569	 2.6779	 2.675739	 0.020339	  0.06886368	  0.06885595	  0.00000772	  0.06885595	  0.00000000	  0.06766825
     -3.2622	     84.8476	 2.6818	 2.679617	 0.020341	  0.06859713	  0.06858940	  0.00000773	  0.06858940	  0.00000000	  0.06741066
     -3.2491	     85.0383	 2.6857	 2.683496	 0.020342	  0.06833163	  0.06832389	  0.00000774	  0.06832389	  0.00000000	  0.06715408
     -3.2361	     85.2289	 2.6896	 2.687374	 0.020344	  0.06806718	  0.06805942	  0.00000775	  0.06805942	  0.00000000	  0.06689852
     -3.2231	     85.4195	 2.6935	 2.691252	 0.020345	  0.06780376	  0.06779599	  0.00000777	  0.06779599	  0.00000000	  0.06664396
     -3.2102	     85.6101	 2.6974	 2.695130	 0.020347	  0.06754138	  0.06753360	  0.00000778	  0.06753360	  0.00000000	  0.06639040
     -3.1974	     85.8007	 2.7013	 2.699008	 0.020348	  0.06728003	  0.06727224	  0.00000779	  0.06727224	  0.00000000	  0.06613784
     -3.1846	     85.9913	 2.7052	 2.702885	 0.020350	  0.06701970	  0.06701190	  0.00000780	  0.06701190	  0.00000000	  0.06588627
     -3.1719	     86.1818	 2.7090	 2.706762	 0.020351	  0.06676040	  0.06675259	  0.00000781	  0.06675259	  0.00000000	  0.06563570
     -3.1592	     86.3723	 2.7129	 2.710639	 0.020353	  0.06650212	  0.06649430	  0.00000782	  0.06649430	  0.00000000	  0.06538611
     -3.1465	     86.5627	 2.7168	 2.714516	 0.020354	  0.06624485	  0.06623702	  0.00000783	  0.06623702	  0.00000000	  0.06513750
     -3.1339	     86.7532	 2.7207	 2.718392	 0.020356	  0.06598859	  0.06598075	  0.00000784	  0.06598075	  0.00000000	  0.06488987
     -3.1214	     86.9436	 2.7246	 2.722269	 0.020357	  0.06573333	  0.06572548	  0.00000785	  0.06572548	  0.00000000	  0.06464321
     -3.1089	     87.1340	 2.7285	 2.726145	 0.020359	  0.06547908	  0.06547122	  0.00000786	  0.06547122	  0.00000000	  0.06439752
     -3.0965	     87.3244	 2.7324	 2.730020	 0.020360	  0.06522583	  0.06521796	  0.00000787	  0.06521796	  0.00000000	  0.06415280
     -3.0841	     87.5147	 2.7362	 2.733896	 0.020362	  0.06497357	  0.06496569	  0.00000788	  0.06496569	  0.00000000	  0.06390904
     -3.0717	     87.7050	 2.7401	 2.737771	 0.020363	  0.06472231	  0.06471442	  0.00000789	  0.06471442	  0.00000000	  0.06366624
     -3.0594	     87.8953	 2.7440	 2.741646	 0.020365	  0.06447203	  0.06446413	  0.00000790	  0.06446413	  0.00000000	  0.06342440
     -3.0472	     88.0856	 2.7479	 2.745521	 0.020366	  0.06422273	  0.06421482	  0.00000791	  0.06421482	  0.00000000	  0.06318350
     -3.0350	     88.2758	 2.7518	 2.749396	 0.020368	  0.06397441	  0.06396649	  0.00000791	  0.06396649	  0.00000000	  0.06294355
     -3.0229	     88.4661	 2.7557	 2.753270	 0.020369	  0.06372706	  0.06371914	  0.00000792	  0.06371914	  0.00000000	  0.06270455
     -3.0108	     88.6563	 2.7595	 2.757144	 0.020371	  0.06348069	  0.06347276	  0.00000793	  0.06347276	  0.00000000	  0.06246648
     -2.9987	     88.8464	 2.7634	 2.761018	 0.020372	  0.06323528	  0.06322735	  0.00000794	  0.06322735	  0.00000000	  0.06222935
     -2.9867	     89.0366	 2.7673	 2.764892	 0.020374	  0.06299084	  0.06298290	  0.00000794	  0.06298290	  0.00000000	  0.06199316
     -2.9748	     89.2267	 2.7712	 2.768766	 0.020375	  0.06274736	  0.06273941	  0.00000795	  0.06273941	  0.00000000	  0.06175789
     -2.9629	     89.4168	 2.7751	 2.772639	 0.020377	  0.06250483	  0.06249687	  0.00000796	  0.06249687	  0.00000000	  0.06152354
     -2.9510	     89.6068	 2.7790	 2.776512	 0.020378	  0.06226325	  0.06225529	  0.00000796	  0.06225529	  0.00000000	  0.06129012
     -2.9392	     89.7969	 2.7828	 2.780385	 0.020380	  0.06202263	  0.06201466	  0.00000797	  0.06201466	  0.00000000	  0.06105761
     -2.9274	     89.9869	 2.7867	 2.784257	 0.020381	  0.06178294	  0.06177497	  0.00000797	  0.06177497	  0.00000000	  0.06082602
     -2.9157	     90.1769	 2.7906	 2.788129	 0.020383	  0.06154420	  0.06153622	  0.00000798	  0.06153622	  0.00000000	  0.06059534
     -2.9040	     90.3668	 2.7945	 2.792001	 0.020384	  0.06130640	  0.06129841	  0.00000798	  0.06129841	  0.00000000	  0.06036556
     -2.8924	     90.5568	 2.7984	 2.795873	 0.020386	  0.06106952	  0.06106154	  0.00000799	  0.06106154	  0.00000000	  0.06013668
     -2.8808	     90.7467	 2.8022	 2.799745	 0.020387	  0.06083358	  0.06082559	  0.00000799	  0.06082559	  0.00000000	  0.05990871
     -2.8693	     90.9366	 2.8061	 2.803616	 0.020389	  0.06059856	  0.06059057	  0.00000799	  0.06059057	  0.00000000	  0.05968163
     -2.8578	     91.1264	 2.8100	 2.807487	 0.020390	  0.06036447	  0.06035648	  0.00000799	  0.06035648	  0.00000000	  0.05945544
     -2.8464	     91.3162	 2.8139	 2.811358	 0.020392	  0.06013129	  0.06012330	  0.00000800	  0.06012330	  0.00000000	  0.05923014
     -2.8350	     91.5060	 2.8178	 2.815228	 0.020393	  0.05989903	  0.05989104	  0.00000800	  0.05989104	  0.00000000	  0.05900572
     -2.8237	     91.6958	 2.8216	 2.819099	 0.020395	  0.05966769	  0.05965969	  0.00000800	  0.05965969	  0.00000000	  0.05878219
     -2.8124	     91.8856	 2.8255	 2.822969	 0.020396	  0.05943724	  0.05942925	  0.00000800	  0.05942925	  0.00000000	  0.05855953
     -2.8011	     92.0753	 2.8294	 2.826839	 0.020398	  0.05920771	  0.05919971	  0.00000800	  0.05919971	  0.00000000	  0.05833775
     -2.7899	     92.2650	 2.8333	 2.830708	 0.020399	  0.05897907	  0.05897107	  0.00000800	  0.05897107	  0.00000000	  0.05811683
     -2.7787	     92.4547	 2.8372	 2.834578	 0.020401	  0.05875133	  0.05874334	  0.00000800	  0.05874334	  0.00000000	  0.05789679
     -2.7676	     92.6443	 2.8410	 2.838447	 0.020402	  0.05852449	  0.05851649	  0.00000800	  0.05851649	  0.00000000	  0.05767761
     -2.7565	     92.8339	 2.8449	 2.842315	 0.020404	  0.05829853	  0.05829054	  0.00000799	  0.05829054	  0.00000000	  0.05745929
     -2.7455	     93.0235	 2.8488	 2.846184	 0.020405	  0.05807346	  0.05806547	  0.00000799	  0.05806547	  0.00000000	  0.05724182
     -2.7345	     93.2131	 2.8527	 2.850052	 0.020407	  0.05784928	  0.05784129	  0.00000799	  0.05784129	  0.00000000	  0.05702521
     -2.7236	     93.4026	 2.8566	 2.853920	 0.020408	  0.05762597	  0.05761799	  0.00000798	  0.05761799	  0.00000000	  0.05680945
     -2.7127	     93.5921	 2.8604	 2.857788	 0.020410	  0.05740355	  0.05739557	  0.00000798	  0.05739557	  0.00000000	  0.05659453
     -2.7018	     93.7816	 2.8643	 2.861656	 0.020411	  0.05718199	  0.05717401	  0.00000798	  0.05717401	  0.00000000	  0.05638046
     -2.6910	     93.9711	 2.8682	 2.865523	 0.020413	  0.05696130	  0.05695333	  0.00000797	  0.05695333	  0.00000000	  0.05616723
     -2.6802	     94.1605	 2.8721	 2.869390	 0.020414	  0.05674148	  0.05673352	  0.00000797	  0.05673352	  0.00000000	  0.05595483
     -2.6695	     94.3499	 2.8759	 2.873257	 0.020416	  0.05652253	  0.05651457	  0.00000796	  0.05651457	  0.00000000	  0.05574327
     -2.6588	     94.5393	 2.8798	 2.877123	 0.020417	  0.05630443	  0.05629647	  0.00000796	  0.05629647	  0.00000000	  0.05553254
     -2.6482	     94.7287	 2.8837	 2.880990	 0.020419	  0.05608719	  0.05607924	  0.00000795	  0.05607924	  0.00000000	  0.05532263
     -2.6376	     94.9180	 2.8876	 2.884856	 0.020420	  0.05587080	  0.05586286	  0.00000794	  0.05586286	  0.00000000	  0.05511355
     -2.6270	     95.1073	 2.8915	 2.888721	 0.020422	  0.05565526	  0.05564732	  0.00000794	  0.05564732	  0.00000000	  0.05490528
     -2.6165	     95.2966	 2.8953	 2.892587	 0.020423	  0.05544057	  0.05543264	  0.00000793	  0.05543264	  0.00000000	  0.05469784
     -2.6060	     95.4858	 2.8992	 2.896452	 0.020425	  0.05522672	  0.05521879	  0.00000792	  0.05521879	  0.00000000	  0.05449120
     -2.5956	     95.6750	 2.9031	 2.900317	 0.020426	  0.05501370	  0.05500579	  0.00000791	  0.05500579	  0.00000000	  0.05428538
     -2.5852	     95.8642	 2.9070	 2.904181	 0.020428	  0.05480153	  0.05479362	  0.00000791	  0.05479362	  0.00000000	  0.05408036
     -2.5749	     96.0534	 2.9108	 2.908046	 0.020429	  0.05459019	  0.05458229	  0.00000790	  0.05458229	  0.00000000	  0.05387615
     -2.5646	     96.2425	 2.9147	 2.911910	 0.020431	  0.05437968	  0.05437179	  0.00000789	  0.05437179	  0.00000000	  0.05367273
     -2.5543	     96.4316	 2.9186	 2.915774	 0.020432	  0.05416999	  0.05416211	  0.00000788	  0.05416211	  0.00000000	  0.05347012
     -2.5441	     96.6207	 2.9225	 2.919637	 0.020434	  0.05396113	  0.05395326	  0.00000788	  0.05395326	  0.00000000	  0.05326830
     -2.5339	     96.8097	 2.9263	 2.923500	 0.020435	  0.05375309	  0.05374522	  0.00000787	  0.05374522	  0.00000000	  0.05306727
     -2.5238	     96.9988	 2.9302	 2.927363	 0.020437	  0.05354587	  0.05353801	  0.00000786	  0.05353801	  0.00000000	  0.05286702
     -2.5137	     97.1878	 2.9341	 2.931226	 0.020438	  0.05333946	  0.05333161	  0.00000785	  0.05333161	  0.00000000	  0.05266757
     -2.5036	     97.3767	 2.9380	 2.935089	 0.020440	  0.05313386	  0.05312602	  0.00000784	  0.05312602	  0.00000000	  0.05246889
     -2.4936	     97.5657	 2.9418	 2.938951	 0.020441	  0.05292907	  0.05292123	  0.00000784	  0.05292123	  0.00000000	  0.05227099
     -2.4836	     97.7546	 2.9457	 2.942812	 0.020443	  0.05272508	  0.05271725	  0.00000783	  0.05271725	  0.00000000	  0.05207387
     -2.4737	     97.9435	 2.9496	 2.946674	 0.020444	  0.05252190	  0.05251408	  0.00000782	  0.05251408	  0.00000000	  0.05187752
     -2.4638	     98.1324	 2.9534	 2.950535	 0.020446	  0.05231951	  0.05231170	  0.00000781	  0.05231170	  0.00000000	  0.05168193
     -2.4539	     98.3212	 2.9573	 2.954396	 0.020447	  0.05211792	  0.05211011	  0.00000781	  0.05211011	  0.00000000	  0.05148712
     -2.4441	     98.5100	 2.9612	 2.958257	 0.020449	  0.05191712	  0.05190932	  0.00000780	  0.05190932	  0.00000000	  0.05129306
     -2.4343	     98.6988	 2.9651	 2.962117	 0.020450	  0.05171711	  0.05170932	  0.00000780	  0.05170932	  0.00000000	  0.05109977
     -2.4246	     98.8875	 2.9689	 2.965977	 0.020452	  0.05151789	  0.05151010	  0.00000779	  0.05151010	  0.00000000	  0.05090723
     -2.4149	     99.0762	 2.9728	 2.969837	 0.020453	  0.05131945	  0.05131167	  0.00000779	  0.05131167	  0.00000000	  0.05071545
     -2.4052	     99.2649	 2.9767	 2.973697	 0.020455	  0.05112179	  0.05111401	  0.00000778	  0.05111401	  0.00000000	  0.05052442
     -2.3956	     99.4536	 2.9805	 2.977556	 0.020456	  0.05092491	  0.05091713	  0.00000778	  0.05091713	  0.00000000	  0.05033414
     -2.3860	     99.6422	 2.9844	 2.981415	 0.020458	  0.05072880	  0.05072103	  0.00000778	  0.05072103	  0.00000000	  0.05014460
     -2.3764	     99.8308	 2.9883	 2.985273	 0.020459	  0.05053346	  0.05052569	  0.00000777	  0.05052569	  0.00000000	  0.04995580
     -2.3669	    100.0194	 2.9922	 2.989132	 0.020461	  0.05033890	  0.05033112	  0.00000777	  0.05033112	  0.00000000	  0.04976774
     -2.3574	    100.2080	 2.9960	 2.992990	 0.020462	  0.05014509	  0.05013732	  0.00000777	  0.05013732	  0.00000000	  0.04958042
     -2.3480	    100.3965	 2.9999	 2.996847	 0.020463	  0.04995205	  0.04994428	  0.00000777	  0.04994428	  0.00000000	  0.04939383
     -2.3386	    100.5850	 3.0038	 3.000705	 0.020465	  0.04975977	  0.04975200	  0.00000777	  0.04975200	  0.00000000	  0.04920798
     -2.3292	    100.7734	 3.0076	 3.004562	 0.020466	  0.04956825	  0.04956047	  0.00000778	  0.04956047	  0.00000000	  0.04902284
     -2.3199	    100.9619	 3.0115	 3.008418	 0.020468	  0.04937747	  0.04936970	  0.00000778	  0.04936970	  0.00000000	  0.04883844
     -2.3106	    101.1503	 3.0154	 3.012275	 0.020469	  0.04918745	  0.04917967	  0.00000778	  0.04917967	  0.00000000	  0.04865475
     -2.3014	    101.3387	 3.0193	 3.016131	 0.020471	  0.04899818	  0.04899039	  0.00000779	  0.04899039	  0.00000000	  0.04847179
     -2.2922	    101.5270	 3.0231	 3.019987	 0.020472	  0.04880965	  0.04880186	  0.00000780	  0.04880186	  0.00000000	  0.04828954
     -2.2830	    101.7153	 3.0270	 3.023842	 0.020474	  0.04862187	  0.04861406	  0.00000780	  0.04861406	  0.00000000	  0.04810800
     -2.2739	    101.9036	 3.0309	 3.027698	 0.020475	  0.04843482	  0.04842701	  0.00000781	  0.04842701	  0.00000000	  0.04792717
     -2.2648	    102.0919	 3.0347	 3.031552	 0.020477	  0.04824851	  0.04824069	  0.00000782	  0.04824069	  0.00000000	  0.04774705
     -2.2557	    102.2801	 3.0386	 3.035407	 0.020478	  0.04806293	  0.04805510	  0.00000783	  0.04805510	  0.00000000	  0.04756764
     -2.2467	    102.4683	 3.0425	 3.039261	 0.020480	  0.04787809	  0.04787024	  0.00000785	  0.04787024	  0.00000000	  0.04738892
     -2.2377	    102.6565	 3.0463	 3.043115	 0.020481	  0.04769397	  0.04768611	  0.00000786	  0.04768611	  0.00000000	  0.04721091
     -2.2287	    102.8447	 3.0502	 3.046969	 0.020483	  0.04751057	  0.04750270	  0.00000788	  0.04750270	  0.00000000	  0.04703359
     -2.2198	    103.0328	 3.0541	 3.050822	 0.020484	  0.04732790	  0.04732001	  0.00000790	  0.04732001	  0.00000000	  0.04685696
     -2.2109	    103.2209	 3.0579	 3.054675	 0.020486	  0.04714595	  0.04713804	  0.00000791	  0.04713804	  0.00000000	  0.04668103
     -2.2021	    103.4089	 3.0618	 3.058528	 0.020487	  0.04696472	  0.04695678	  0.00000794	  0.04695678	  0.00000000	  0.04650578
     -2.1933	    103.5970	 3.0657	 3.062380	 0.020489	  0.04678419	  0.04677624	  0.00000796	  0.04677624	  0.00000000	  0.04633122
     -2.1845	    103.7850	 3.0695	 3.066232	 0.020490	  0.04660438	  0.04659640	  0.00000798	  0.04659640	  0.00000000	  0.04615734
     -2.1757	    103.9729	 3.0734	 3.070084	 0.020492	  0.04642528	  0.04641727	  0.00000801	  0.04641727	  0.00000000	  0.04598414
     -2.1670	    104.1609	 3.0773	 3.073935	 0.020493	  0.04624688	  0.04623885	  0.00000803	  0.04623885	  0.00000000	  0.04581162
     -2.1584	    104.3488	 3.0811	 3.077786	 0.020495	  0.04606919	  0.04606112	  0.00000806	  0.04606112	  0.00000000	  0.04563977
     -2.1497	    104.5367	 3.0850	 3.081637	 0.020496	  0.04589219	  0.04588410	  0.00000809	  0.04588410	  0.00000000	  0.04546860
     -2.1411	    104.7245	 3.0889	 3.085487	 0.020498	  0.04571589	  0.04570777	  0.00000813	  0.04570777	  0.00000000	  0.04529809
     -2.1325	    104.9123	 3.0927	 3.089337	 0.020499	  0.04554029	  0.04553213	  0.00000816	  0.04553213	  0.00000000	  0.04512825
     -2.1240	    105.1001	 3.0966	 3.093187	 0.020501	  0.04536538	  0.04535718	  0.00000820	  0.04535718	  0.00000000	  0.04495907
     -2.1155	    105.2879	 3.1005	 3.097036	 0.020502	  0.04519115	  0.04518292	  0.00000824	  0.04518292	  0.00000000	  0.04479056
     -2.1070	    105.4756	 3.1043	 3.100885	 0.020504	  0.04501762	  0.04500934	  0.00000828	  0.04500934	  0.00000000	  0.04462270
     -2.0986	    105.6633	 3.1082	 3.104734	 0.020505	  0.04484476	  0.04483644	  0.00000832	  0.04483644	  0.00000000	  0.04445550
     -2.0902	    105.8510	 3.1121	 3.108582	 0.020507	  0.04467259	  0.04466423	  0.00000836	  0.04466423	  0.00000000	  0.04428895
     -2.0818	    106.0386	 3.1159	 3.112430	 0.020508	  0.04450109	  0.04449269	  0.00000841	  0.04449269	  0.00000000	  0.04412306
     -2.0735	    106.2263	 3.1198	 3.116278	 0.020510	  0.04433027	  0.04432182	  0.00000846	  0.04432182	  0.00000000	  0.04395781
     -2.0652	    106.4138	 3.1236	 3.120126	 0.020512	  0.04416012	  0.04415162	  0.00000850	  0.04415162	  0.00000000	  0.04379320
     -2.0569	    106.6014	 3.1275	 3.123973	 0.020513	  0.04399065	  0.04398209	  0.00000856	  0.04398209	  0.00000000	  0.04362924
     -2.0487	    106.7889	 3.1314	 3.127820	 0.020515	  0.04382184	  0.04381323	  0.00000861	  0.04381323	  0.00000000	  0.04346592
     -2.0405	    106.9764	 3.1352	 3.131666	 0.020516	  0.04365369	  0.04364503	  0.00000866	  0.04364503	  0.00000000	  0.04330324
     -2.0323	    107.1638	 3.1391	 3.135512	 0.020518	  0.04348620	  0.04347748	  0.00000872	  0.04347748	  0.00000000	  0.04314119
     -2.0242	    107.3513	 3.1430	 3.139358	 0.020520	  0.04331938	  0.04331060	  0.00000878	  0.04331060	  0.00000000	  0.04297978
     -2.0161	    107.5387	 3.1468	 3.143203	 0.020521	  0.04315321	  0.04314437	  0.00000884	  0.04314437	  0.00000000	  0.04281900
     -2.0080	    107.7260	 3.1507	 3.147049	 0.020523	  0.04298769	  0.04297879	  0.00000890	  0.04297879	  0.00000000	  0.04265884
     -2.0000	    107.9134	 3.1546	 3.150893	 0.020525	  0.04282283	  0.04281386	  0.00000897	  0.04281386	  0.00000000	  0.04249931
     -1.9920	    108.1007	 3.1584	 3.154738	 0.020526	  0.04265861	  0.04264958	  0.00000903	  0.04264958	  0.00000000	  0.04234040
     -1.9840	    108.2879	 3.1623	 3.158582	 0.020528	  0.04249504	  0.04248594	  0.00000910	  0.04248594	  0.00000000	  0.04218211
     -1.9761	    108.4752	 3.1661	 3.162426	 0.020530	  0.04233212	  0.04232295	  0.00000917	  0.04232295	  0.00000000	  0.04202445
     -1.9682	    108.6624	 3.1700	 3.166269	 0.020531	  0.04216983	  0.04216059	  0.00000924	  0.04216059	  0.00000000	  0.04186739
     -1.9603	    108.8496	 3.1739	 3.170113	 0.020533	  0.04200818	  0.04199887	  0.00000931	  0.04199887	  0.00000000	  0.04171095
     -1.9524	    109.0367	 3.1777	 3.173956	 0.020535	  0.04184717	  0.04183778	  0.00000939	  0.04183778	  0.00000000	  0.04155512
     -1.9446	    109.2238	 3.1816	 3.177798	 0.020537	  0.04168678	  0.04167732	  0.00000946	  0.04167732	  0.00000000	  0.04139990
     -1.9368	    109.4109	 3.1854	 3.181640	 0.020539	  0.04152703	  0.04151749	  0.00000954	  0.04151749	  0.00000000	  0.04124528
     -1.9291	    109.5980	 3.1893	 3.185482	 0.020540	  0.04136791	  0.04135829	  0.00000962	  0.04135829	  0.00000000	  0.04109127
     -1.9214	    109.7850	 3.1932	 3.189324	 0.020542	  0.04120941	  0.04119971	  0.00000970	  0.04119971	  0.00000000	  0.04093786
     -1.9137	    109.9720	 3.1970	 3.193165	 0.020544	  0.04105153	  0.04104175	  0.00000978	  0.04104175	  0.00000000	  0.04078505
     -1.9060	    110.1589	 3.2009	 3.197006	 0.020546	  0.04089427	  0.04088441	  0.00000986	  0.04088441	  0.00000000	  0.04063283
     -1.8984	    110.3459	 3.2047	 3.200847	 0.020548	  0.04073763	  0.04072769	  0.00000994	  0.04072769	  0.00000000	  0.04048121
     -1.8908	    110.5328	 3.2086	 3.204687	 0.020549	  0.04058161	  0.04057158	  0.00001003	  0.04057158	  0.00000000	  0.04033017
     -1.8832	    110.7196	 3.2125	 3.208528	 0.020551	  0.04042619	  0.04041608	  0.00001011	  0.04041608	  0.00000000	  0.04017973
     -1.8757	    110.9065	 3.2163	 3.212367	 0.020553	  0.04027139	  0.04026119	  0.00001020	  0.04026119	  0.00000000	  0.04002988
     -1.8682	    111.0933	 3.2202	 3.216207	 0.020555	  0.04011719	  0.04010690	  0.00001028	  0.04010690	  0.00000000	  0.03988060
     -1.8607	    111.2800	 3.2240	 3.220046	 0.020557	  0.03996359	  0.03995322	  0.00001037	  0.03995322	  0.00000000	  0.03973192
     -1.8532	    111.4668	 3.2279	 3.223885	 0.020559	  0.03981060	  0.03980014	  0.00001046	  0.03980014	  0.00000000	  0.03958381
     -1.8458	    111.6535	 3.2317	 3.227724	 0.020561	  0.03965820	  0.03964765	  0.00001055	  0.03964765	  0.00000000	  0.03943627
     -1.8384	    111.8401	 3.2356	 3.231562	 0.020563	  0.03950640	  0.03949576	  0.00001064	  0.03949576	  0.00000000	  0.03928932
     -1.8311	    112.0268	 3.2395	 3.235400	 0.020565	  0.03935520	  0.03934447	  0.00001073	  0.03934447	  0.00000000	  0.03914293
     -1.8237	    112.2134	 3.2433	 3.239238	 0.020567	  0.03920459	  0.03919377	  0.00001082	  0.03919377	  0.00000000	  0.03899712
     -1.8164	    112.3999	 3.2472	 3.243075	 0.020569	  0.03905456	  0.03904365	  0.00001091	  0.03904365	  0.00000000	  0.03885188
     -1.8092	    112.5865	 3.2510	 3.246912	 0.020571	  0.03890512	  0.03889412	  0.00001100	  0.03889412	  0.00000000	  0.03870720
     -1.8019	    112.7730	 3.2549	 3.250749	 0.020573	  0.03875627	  0.03874518	  0.00001109	  0.03874518	  0.00000000	  0.03856308
     -1.7947	    112.9595	 3.2587	 3.254586	 0.020575	  0.03860800	  0.03859681	  0.00001118	  0.03859681	  0.00000000	  0.03841953
     -1.7875	    113.1459	 3.2626	 3.258422	 0.020577	  0.03846030	  0.03844903	  0.00001127	  0.03844903	  0.00000000	  0.03827654
     -1.7804	    113.3323	 3.2664	 3.262258	 0.020579	  0.03831318	  0.03830182	  0.00001136	  0.03830182	  0.00000000	  0.03813410
     -1.7733	    113.5187	 3.2703	 3.266094	 0.020582	  0.03816664	  0.03815519	  0.00001145	  0.03815519	  0.00000000	  0.03799222
     -1.7662	    113.7050	 3.2741	 3.269929	 0.020584	  0.03802067	  0.03800913	  0.00001154	  0.03800913	  0.00000000	  0.03785089
     -1.7591	    113.8914	 3.2780	 3.273764	 0.020586	  0.03787526	  0.03786363	  0.00001163	  0.03786363	  0.00000000	  0.03771011
     -1.7520	    114.0776	 3.2818	 3.277599	 0.020588	  0.03773043	  0.03771871	  0.00001172	  0.03771871	  0.00000000	  0.03756988
     -1.7450	    114.2639	 3.2857	 3.281434	 0.020590	  0.03758615	  0.03757435	  0.00001180	  0.03757435	  0.00000000	  0.03743020
     -1.7380	    114.4501	 3.2895	 3.285268	 0.020592	  0.03744244	  0.03743055	  0.00001189	  0.03743055	  0.00000000	  0.03729106
     -1.7311	    114.6363	 3.2934	 3.289102	 0.020595	  0.03729929	  0.03728731	  0.00001198	  0.03728731	  0.00000000	  0.03715246
     -1.7242	    114.8224	 3.2973	 3.292936	 0.020597	  0.03715669	  0.03714463	  0.00001206	  0.03714463	  0.00000000	  0.03701440
     -1.7173	    115.0085	 3.3011	 3.296769	 0.020599	  0.03701465	  0.03700251	  0.00001214	  0.03700251	  0.00000000	  0.03687688
     -1.7104	    115.1946	 3.3050	 3.300603	 0.020601	  0.03687316	  0.03686094	  0.00001222	  0.03686094	  0.00000000	  0.03673989
     -1.7035	    115.3807	 3.3088	 3.304436	 0.020604	  0.03673222	  0.03671992	  0.00001230	  0.03671992	  0.00000000	  0.03660344
     -1.6967	    115.5667	 3.3127	 3.308269	 0.020606	  0.03659183	  0.03657945	  0.00001238	  0.03657945	  0.00000000	  0.03646752
     -1.6899	    115.7526	 3.3165	 3.312101	 0.020608	  0.03645199	  0.03643953	  0.00001246	  0.03643953	  0.00000000	  0.03633213
     -1.6832	    115.9386	 3.3203	 3.315933	 0.020611	  0.03631268	  0.03630015	  0.00001253	  0.03630015	  0.00000000	  0.03619726
     -1.6764	    116.1245	 3.3242	 3.319765	 0.020613	  0.03617392	  0.03616131	  0.00001260	  0.03616131	  0.00000000	  0.03606292
     -1.6697	    116.3104	 3.3280	 3.323597	 0.020615	  0.03603569	  0.03602302	  0.00001267	  0.03602302	  0.00000000	  0.03592910
     -1.6630	    116.4962	 3.3319	 3.327429	 0.020618	  0.03589800	  0.03588526	  0.00001274	  0.03588526	  0.00000000	  0.03579580
     -1.6564	    116.6820	 3.3357	 3.331260	 0.020620	  0.03576084	  0.03574804	  0.00001281	  0.03574804	  0.00000000	  0.03566302
     -1.6497	    116.8678	 3.3396	 3.335091	 0.020622	  0.03562422	  0.03561135	  0.00001287	  0.03561135	  0.00000000	  0.03553076
     -1.6431	    117.0536	 3.3434	 3.338922	 0.020625	  0.03548812	  0.03547519	  0.00001293	  0.03547519	  0.00000000	  0.03539901
     -1.6366	    117.2393	 3.3473	 3.342752	 0.020627	  0.03535255	  0.03533956	  0.00001299	  0.03533956	  0.00000000	  0.03526777
     -1.6300	    117.4250	 3.3511	 3.346582	 0.020630	  0.03521750	  0.03520446	  0.00001304	  0.03520446	  0.00000000	  0.03513704
     -1.6235	    117.6106	 3.3550	 3.350413	 0.020632	  0.03508298	  0.03506988	  0.00001310	  0.03506988	  0.00000000	  0.03500682
     -1.6170	    117.7962	 3.3588	 3.354242	 0.020634	  0.03494898	  0.03493583	  0.00001314	  0.03493583	  0.00000000	  0.03487711
     -1.6105	    117.9818	 3.3627	 3.358072	 0.020637	  0.03481549	  0.03480230	  0.00001319	  0.03480230	  0.00000000	  0.03474790
     -1.6041	    118.1673	 3.3665	 3.361901	 0.020639	  0.03468252	  0.03466928	  0.00001323	  0.03466928	  0.00000000	  0.03461919
     -1.5976	    118.3529	 3.3703	 3.365730	 0.020642	  0.03455006	  0.03453679	  0.00001327	  0.03453679	  0.00000000	  0.03449099
     -1.5912	    118.5383	 3.3742	 3.369559	 0.020644	  0.03441811	  0.03440480	  0.00001331	  0.03440480	  0.00000000	  0.03436328
     -1.5849	    118.7238	 3.3780	 3.373388	 0.020647	  0.03428668	  0.03427333	  0.00001334	  0.03427333	  0.00000000	  0.03423606
     -1.5785	    118.9092	 3.3819	 3.377216	 0.020649	  0.03415575	  0.03414237	  0.00001337	  0.03414237	  0.00000000	  0.03410935
     -1.5722	    119.0946	 3.3857	 3.381044	 0.020652	  0.03402532	  0.03401192	  0.00001340	  0.03401192	  0.00000000	  0.03398312
     -1.5659	    119.2799	 3.3896	 3.384872	 0.020654	  0.03389540	  0.03388198	  0.00001342	  0.03388198	  0.00000000	  0.03385738
     -1.5596	    119.4652	 3.3934	 3.388700	 0.020657	  0.03376598	  0.03375254	  0.00001344	  0.03375254	  0.00000000	  0.03373213
     -1.5534	    119.6505	 3.3972	 3.392527	 0.020659	  0.03363705	  0.03362360	  0.00001345	  0.03362360	  0.00000000	  0.03360737
     -1.5472	    119.8357	 3.4011	 3.396354	 0.020662	  0.03350863	  0.03349516	  0.00001346	  0.03349516	  0.00000000	  0.03348309
     -1.5410	    120.0209	 3.4049	 3.400181	 0.020664	  0.03338069	  0.03336722	  0.00001347	  0.03336722	  0.00000000	  0.03335929
     -1.5348	    120.2061	 3.4087	 3.404008	 0.020667	  0.03325325	  0.03323978	  0.00001347	  0.03323978	  0.00000000	  0.03323598
     -1.5287	    120.3913	 3.4126	 3.407834	 0.020669	  0.03312630	  0.03311283	  0.00001347	  0.03311283	  0.00000000	  0.03311314
     -1.5225	    120.5764	 3.4164	 3.411661	 0.020672	  0.03299984	  0.03298638	  0.00001346	  0.03298638	  0.00000000	  0.03299078
     -1.5165	    120.7614	 3.4203	 3.415487	 0.020674	  0.03287387	  0.03286042	  0.00001345	  0.03286042	  0.00000000	  0.03286889
     -1.5104	    120.9465	 3.4241	 3.419312	 0.020677	  0.03274838	  0.03273494	  0.00001344	  0.03273494	  0.00000000	  0.03274747
     -1.5043	    121.1315	 3.4279	 3.423138	 0.020679	  0.03262337	  0.03260995	  0.00001342	  0.03260995	  0.00000000	  0.03262653
     -1.4983	    121.3164	 3.4318	 3.426963	 0.020682	  0.03249884	  0.03248545	  0.00001339	  0.03248545	  0.00000000	  0.03250605
     -1.4923	    121.5014	 3.4356	 3.430788	 0.020684	  0.03237480	  0.03236143	  0.00001337	  0.03236143	  0.00000000	  0.03238604
     -1.4863	    121.6863	 3.4394	 3.434613	 0.020687	  0.03225122	  0.03223789	  0.00001333	  0.03223789	  0.00000000	  0.03226650
     -1.4804	    121.8712	 3.4433	 3.438437	 0.020689	  0.03212813	  0.03211483	  0.00001330	  0.03211483	  0.00000000	  0.03214742
     -1.4745	    122.0560	 3.4471	 3.442262	 0.020691	  0.03200551	  0.03199225	  0.00001325	  0.03199225	  0.00000000	  0.03202880
     -1.4686	    122.2408	 3.4509	 3.446086	 0.020694	  0.03188335	  0.03187015	  0.00001321	  0.03187015	  0.00000000	  0.03191064
     -1.4627	    122.4256	 3.4548	 3.449909	 0.020696	  0.03176167	  0.03174852	  0.00001316	  0.03174852	  0.00000000	  0.03179294
     -1.4568	    122.6103	 3.4586	 3.453733	 0.020699	  0.03164046	  0.03162736	  0.00001310	  0.03162736	  0.00000000	  0.03167569
     -1.4510	    122.7950	 3.4624	 3.457556	 0.020701	  0.03151971	  0.03150667	  0.00001304	  0.03150667	  0.00000000	  0.03155890
     -1.4452	    122.9797	 3.4663	 3.461379	 0.020704	  0.03139942	  0.03138645	  0.00001297	  0.03138645	  0.00000000	  0.03144256
     -1.4394	    123.1643	 3.4701	 3.465202	 0.020706	  0.03127960	  0.03126670	  0.00001290	  0.03126670	  0.00000000	  0.03132667
     -1.4336	    123.3489	 3.4739	 3.469024	 0.020708	  0.03116024	  0.03114741	  0.00001283	  0.03114741	  0.00000000	  0.03121122
     -1.4279	    123.5334	 3.4778	 3.472846	 0.020711	  0.03104133	  0.03102858	  0.00001275	  0.03102858	  0.00000000	  0.03109623
     -1.4222	    123.7180	 3.4816	 3.476668	 0.020713	  0.03092289	  0.03091022	  0.00001267	  0.03091022	  0.00000000	  0.03098168
     -1.4165	    123.9025	 3.4854	 3.480490	 0.020715	  0.03080490	  0.03079232	  0.00001258	  0.03079232	  0.00000000	  0.03086757
     -1.4108	    124.0869	 3.4892	 3.484311	 0.020718	  0.03068736	  0.03067488	  0.00001248	  0.03067488	  0.00000000	  0.03075390
     -1.4052	    124.2713	 3.4931	 3.488132	 0.020720	  0.03057028	  0.03055789	  0.00001239	  0.03055789	  0.00000000	  0.03064068
     -1.3995	    124.4557	 3.4969	 3.491953	 0.020722	  0.03045364	  0.03044136	  0.00001228	  0.03044136	  0.00000000	  0.03052789
     -1.3939	    124.6401	 3.5007	 3.495774	 0.020725	  0.03033745	  0.03032528	  0.00001218	  0.03032528	  0.00000000	  0.03041553
     -1.3883	    124.8244	 3.5046	 3.499594	 0.020727	  0.03022172	  0.03020965	  0.00001207	  0.03020965	  0.00000000	  0.03030362
     -1.3828	    125.0087	 3.5084	 3.503414	 0.020729	  0.03010642	  0.03009447	  0.00001195	  0.03009447	  0.00000000	  0.03019213
     -1.3772	    125.1930	 3.5122	 3.507233	 0.020731	  0.02999157	  0.02997974	  0.00001183	  0.02997974	  0.00000000	  0.03008107
     -1.3717	    125.3772	 3.5160	 3.511053	 0.020733	  0.02987716	  0.02986546	  0.00001170	  0.02986546	  0.00000000	  0.02997045
     -1.3662	    125.5614	 3.5199	 3.514872	 0.020735	  0.02976320	  0.02975162	  0.00001158	  0.02975162	  0.00000000	  0.02986025
     -1.3608	    125.7455	 3.5237	 3.518690	 0.020738	  0.02964967	  0.02963823	  0.00001144	  0.02963823	  0.00000000	  0.02975047
     -1.3553	    125.9296	 3.5275	 3.522509	 0.020740	  0.02953658	  0.02952527	  0.00001131	  0.02952527	  0.00000000	  0.02964112
     -1.3499	    126.1137	 3.5313	 3.526327	 0.020742	  0.02942393	  0.02941276	  0.00001117	  0.02941276	  0.00000000	  0.02953220
     -1.3445	    126.2978	 3.5352	 3.530144	 0.020744	  0.02931171	  0.02930069	  0.00001102	  0.02930069	  0.00000000	  0.02942369
     -1.3391	    126.4818	 3.5390	 3.533962	 0.020746	  0.02919992	  0.02918905	  0.00001087	  0.02918905	  0.00000000	  0.02931560
     -1.3337	    126.6658	 3.5428	 3.537779	 0.020748	  0.02908857	  0.02907785	  0.00001072	  0.02907785	  0.00000000	  0.02920793
     -1.3284	    126.8497	 3.5466	 3.541595	 0.020750	  0.02897764	  0.02896708	  0.00001056	  0.02896708	  0.00000000	  0.02910067
     -1.3231	    127.0336	 3.5505	 3.545412	 0.020752	  0.02886715	  0.02885675	  0.00001040	  0.02885675	  0.00000000	  0.02899383
     -1.3178	    127.2175	 3.5543	 3.549227	 0.020754	  0.02875708	  0.02874684	  0.00001024	  0.02874684	  0.00000000	  0.02888740
     -1.3125	    127.4013	 3.5581	 3.553043	 0.020755	  0.02864744	  0.02863736	  0.00001007	  0.02863736	  0.00000000	  0.02878138
     -1.3073	    127.5851	 3.5619	 3.556858	 0.020757	  0.02853822	  0.02852832	  0.00000990	  0.02852832	  0.00000000	  0.02867577
     -1.3020	    127.7689	 3.5657	 3.560673	 0.020759	  0.02842943	  0.02841970	  0.00000973	  0.02841970	  0.00000000	  0.02857057
     -1.2968	    127.9526	 3.5696	 3.564487	 0.020761	  0.02832105	  0.02831150	  0.00000956	  0.02831150	  0.00000000	  0.02846578
     -1.2916	    128.1363	 3.5734	 3.568301	 0.020763	  0.02821310	  0.02820372	  0.00000938	  0.02820372	  0.00000000	  0.02836138
     -1.2864	    128.3200	 3.5772	 3.572115	 0.020764	  0.02810557	  0.02809637	  0.00000920	  0.02809637	  0.00000000	  0.02825739
     -1.2813	    128.5036	 3.5810	 3.575928	 0.020766	  0.02799845	  0.02798944	  0.00000901	  0.02798944	  0.00000000	  0.02815380
     -1.2762	    128.6872	 3.5848	 3.579741	 0.020768	  0.02789175	  0.02788293	  0.00000883	  0.02788293	  0.00000000	  0.02805061
     -1.2711	    128.8708	 3.5887	 3.583553	 0.020769	  0.02778547	  0.02777683	  0.00000864	  0.02777683	  0.00000000	  0.02794782
     -1.2660	    129.0543	 3.5925	 3.587365	 0.020771	  0.02767960	  0.02767115	  0.00000845	  0.02767115	  0.00000000	  0.02784542
     -1.2609	    129.2378	 3.5963	 3.591176	 0.020772	  0.02757414	  0.02756588	  0.00000825	  0.02756588	  0.00000000	  0.02774342
     -1.2558	    129.4213	 3.6001	 3.594987	 0.020774	  0.02746909	  0.02746103	  0.00000806	  0.02746103	  0.00000000	  0.02764181
     -1.2508	    129.6047	 3.6039	 3.598798	 0.020775	  0.02736445	  0.02735659	  0.00000786	  0.02735659	  0.00000000	  0.02754060
     -1.2458	    129.7881	 3.6077	 3.602608	 0.020777	  0.02726022	  0.02725255	  0.00000767	  0.02725255	  0.00000000	  0.02743977
     -1.2408	    129.9714	 3.6116	 3.606418	 0.020778	  0.02715640	  0.02714893	  0.00000747	  0.02714893	  0.00000000	  0.02733933
     -1.2358	    130.1548	 3.6154	 3.610227	 0.020779	  0.02705298	  0.02704571	  0.00000727	  0.02704571	  0.00000000	  0.02723928
     -1.2309	    130.3380	 3.6192	 3.614035	 0.020781	  0.02694997	  0.02694290	  0.00000706	  0.02694290	  0.00000000	  0.02713961
     -1.2260	    130.5213	 3.6230	 3.617843	 0.020782	  0.02684736	  0.02684050	  0.00000686	  0.02684050	  0.00000000	  0.02704033
     -1.2211	    130.7045	 3.6268	 3.621651	 0.020783	  0.02674515	  0.02673849	  0.00000666	  0.02673849	  0.00000000	  0.02694143
     -1.2162	    130.8877	 3.6306	 3.625458	 0.020784	  0.02664335	  0.02663689	  0.00000646	  0.02663689	  0.00000000	  0.02684291
     -1.2113	    131.0708	 3.6345	 3.629265	 0.020786	  0.02654194	  0.02653569	  0.00000625	  0.02653569	  0.00000000	  0.02674477
     -1.2065	    131.2539	 3.6383	 3.633071	 0.020787	  0.02644093	  0.02643488	  0.00000605	  0.02643488	  0.00000000	  0.02664700
     -1.2016	    131.4370	 3.6421	 3.636876	 0.020788	  0.02634032	  0.02633448	  0.00000585	  0.02633448	  0.00000000	  0.02654962
     -1.1968	    131.6200	 3.6459	 3.640681	 0.020789	  0.02624011	  0.02623446	  0.00000564	  0.02623446	  0.00000000	  0.02645261
     -1.1920	    131.8030	 3.6497	 3.644486	 0.020790	  0.02614029	  0.02613485	  0.00000544	  0.02613485	  0.00000000	  0.02635597
     -1.1872	    131.9860	 3.6535	 3.648290	 0.020791	  0.02604086	  0.02603562	  0.00000524	  0.02603562	  0.00000000	  0.02625970
     -1.1825	    132.1689	 3.6574	 3.652093	 0.020792	  0.02594183	  0.02593679	  0.00000503	  0.02593679	  0.00000000	  0.02616381
     -1.1778	    132.3518	 3.6612	 3.655895	 0.020793	  0.02584318	  0.02583835	  0.00000483	  0.02583835	  0.00000000	  0.02606828
     -1.1730	    132.5347	 3.6650	 3.659698	 0.020794	  0.02574493	  0.02574030	  0.00000463	  0.02574030	  0.00000000	  0.02597312
     -1.1683	    132.7175	 3.6688	 3.663499	 0.020794	  0.02564707	  0.02564263	  0.00000444	  0.02564263	  0.00000000	  0.02587833
     -1.1637	    132.9003	 3.6726	 3.667300	 0.020795	  0.02554959	  0.02554535	  0.00000424	  0.02554535	  0.00000000	  0.02578390
     -1.1590	    133.0830	 3.6764	 3.671100	 0.020796	  0.02545250	  0.02544846	  0.00000404	  0.02544846	  0.00000000	  0.02568984
     -1.1544	    133.2657	 3.6802	 3.674900	 0.020797	  0.02535580	  0.02535195	  0.00000385	  0.02535195	  0.00000000	  0.02559613
     -1.1497	    133.4484	 3.6841	 3.678699	 0.020797	  0.02525948	  0.02525582	  0.00000366	  0.02525582	  0.00000000	  0.02550279
     -1.1451	    133.6310	 3.6879	 3.682497	 0.020798	  0.02516354	  0.02516007	  0.00000347	  0.02516007	  0.00000000	  0.02540981
     -1.1405	    133.8136	 3.6917	 3.686295	 0.020799	  0.02506799	  0.02506470	  0.00000329	  0.02506470	  0.00000000	  0.02531718
     -1.1360	    133.9962	 3.6955	 3.690092	 0.020799	  0.02497281	  0.02496971	  0.00000310	  0.02496971	  0.00000000	  0.02522491
     -1.1314	    134.1787	 3.6993	 3.693888	 0.020800	  0.02487802	  0.02487510	  0.00000292	  0.02487510	  0.00000000	  0.02513300
     -1.1269	    134.3612	 3.7031	 3.697684	 0.020800	  0.02478360	  0.02478086	  0.00000275	  0.02478086	  0.00000000	  0.02504144
     -1.1224	    134.5436	 3.7069	 3.701479	 0.020801	  0.02468957	  0.02468699	  0.00000257	  0.02468699	  0.00000000	  0.02495023
     -1.1179	    134.7260	 3.7108	 3.705273	 0.020801	  0.02459590	  0.02459350	  0.00000240	  0.02459350	  0.00000000	  0.02485938
     -1.1134	    134.9084	 3.7146	 3.709067	 0.020802	  0.02450262	  0.02450038	  0.00000224	  0.02450038	  0.00000000	  0.02476887
     -1.1090	    135.0907	 3.7184	 3.712859	 0.020802	  0.02440970	  0.02440763	  0.00000207	  0.02440763	  0.00000000	  0.02467871
     -1.1045	    135.2730	 3.7222	 3.716652	 0.020802	  0.02431716	  0.02431525	  0.00000191	  0.02431525	  0.00000000	  0.02458890
     -1.1001	    135.4553	 3.7260	 3.720443	 0.020803	  0.02422500	  0.02422324	  0.00000176	  0.02422324	  0.00000000	  0.02449943
     -1.0957	    135.6375	 3.7298	 3.724234	 0.020803	  0.02413320	  0.02413159	  0.00000161	  0.02413159	  0.00000000	  0.02441031
     -1.0913	    135.8197	 3.7336	 3.728023	 0.020803	  0.02404177	  0.02404030	  0.00000146	  0.02404030	  0.00000000	  0.02432153
     -1.0869	    136.0018	 3.7375	 3.731813	 0.020804	  0.02395071	  0.02394939	  0.00000132	  0.02394939	  0.00000000	  0.02423310
     -1.0826	    136.1839	 3.7413	 3.735601	 0.020804	  0.02386002	  0.02385883	  0.00000119	  0.02385883	  0.00000000	  0.02414500
     -1.0782	    136.3660	 3.7451	 3.739389	 0.020804	  0.02376969	  0.02376863	  0.00000106	  0.02376863	  0.00000000	  0.02405724
     -1.0739	    136.5480	 3.7489	 3.743175	 0.020804	  0.02367973	  0.02367879	  0.00000093	  0.02367879	  0.00000000	  0.02396982
     -1.0696	    136.7300	 3.7527	 3.746961	 0.020804	  0.02359013	  0.02358931	  0.00000081	  0.02358931	  0.00000000	  0.02388274
     -1.0653	    136.9119	 3.7565	 3.750747	 0.020805	  0.02350089	  0.02350019	  0.00000070	  0.02350019	  0.00000000	  0.02379599
     -1.0611	    137.0938	 3.7604	 3.754531	 0.020805	  0.02341202	  0.02341143	  0.00000059	  0.02341143	  0.00000000	  0.02370958
     -1.0568	    137.2757	 3.7642	 3.758315	 0.020805	  0.02332350	  0.02332301	  0.00000049	  0.02332301	  0.00000000	  0.02362349
     -1.0526	    137.4575	 3.7680	 3.762098	 0.020805	  0.02323535	  0.02323495	  0.00000039	  0.02323495	  0.00000000	  0.02353774
     -1.0484	    137.6393	 3.7718	 3.765879	 0.020805	  0.02314755	  0.02314725	  0.00000030	  0.02314725	  0.00000000	  0.02345232
     -1.0442	    137.8210	 3.7756	 3.769661	 0.020805	  0.02306011	  0.02305989	  0.00000022	  0.02305989	  0.00000000	  0.02336723
     -1.0400	    138.0027	 3.7794	 3.773441	 0.020805	  0.02297302	  0.02297288	  0.00000014	  0.02297288	  0.00000000	  0.02328247
     -1.0358	    138.1844	 3.7833	 3.777220	 0.020805	  0.02288629	  0.02288622	  0.00000007	  0.02288622	  0.00000000	  0.02319803
     -1.0317	    138.3660	 3.7871	 3.780999	 0.020805	  0.02279991	  0.02279990	  0.00000001	  0.02279990	  0.00000000	  0.02311392
     -1.0275	    138.5476	 3.7909	 3.784777	 0.020805	  0.02271389	  0.02271393	 -0.00000005	  0.02271393	  0.00000000	  0.02303013
     -1.0234	    138.7291	 3.7947	 3.788554	 0.020805	  0.02262821	  0.02262831	 -0.00000009	  0.02262831	  0.00000000	  0.02294667
     -1.0193	    138.9106	 3.7985	 3.792330	 0.020805	  0.02254289	  0.02254302	 -0.00000014	  0.02254302	  0.00000000	  0.02286352
     -1.0152	    139.0921	 3.8023	 3.796105	 0.020805	  0.02245791	  0.02245808	 -0.00000017	  0.02245808	  0.00000000	  0.02278070
     -1.0112	    139.2735	 3.8062	 3.799879	 0.020805	  0.02237328	  0.02237348	 -0.00000020	  0.02237348	  0.00000000	  0.02269820
     -1.0071	    139.4549	 3.8100	 3.803652	 0.020805	  0.02228900	  0.02228921	 -0.00000021	  0.02228921	  0.00000000	  0.02261601
     -1.0031	    139.6362	 3.8138	 3.807425	 0.020805	  0.02220506	  0.02220529	 -0.00000023	  0.02220529	  0.00000000	  0.02253414
     -0.9991	    139.8175	 3.8176	 3.811196	 0.020805	  0.02212147	  0.02212170	 -0.00000023	  0.02212170	  0.00000000	  0.02245259
     -0.9951	    139.9987	 3.8214	 3.814967	 0.020805	  0.02203822	  0.02203844	 -0.00000022	  0.02203844	  0.00000000	  0.02237135
     -0.9911	    140.1799	 3.8252	 3.818737	 0.020805	  0.02195531	  0.02195552	 -0.00000021	  0.02195552	  0.00000000	  0.02229042
     -0.9871	    140.3611	 3.8291	 3.822506	 0.020805	  0.02187274	  0.02187292	 -0.00000019	  0.02187292	  0.00000000	  0.02220981
     -0.9832	    140.5422	 3.8329	 3.826274	 0.020805	  0.02179050	  0.02179066	 -0.00000016	  0.02179066	  0.00000000	  0.02212950
     -0.9792	    140.7232	 3.8367	 3.830041	 0.020805	  0.02170861	  0.02170873	 -0.00000012	  0.02170873	  0.00000000	  0.02204951
     -0.9753	    140.9043	 3.8405	 3.833807	 0.020805	  0.02162705	  0.02162713	 -0.00000007	  0.02162713	  0.00000000	  0.02196983
     -0.9714	    141.0852	 3.8443	 3.837572	 0.020805	  0.02154583	  0.02154585	 -0.00000002	  0.02154585	  0.00000000	  0.02189045
     -0.9675	    141.2662	 3.8482	 3.841336	 0.020805	  0.02146494	  0.02146490	  0.00000004	  0.02146490	  0.00000000	  0.02181138
     -0.9636	    141.4471	 3.8520	 3.845100	 0.020805	  0.02138439	  0.02138427	  0.00000012	  0.02138427	  0.00000000	  0.02173261
     -0.9598	    141.6279	 3.8558	 3.848862	 0.020805	  0.02130416	  0.02130397	  0.00000020	  0.02130397	  0.00000000	  0.02165415
     -0.9559	    141.8087	 3.8596	 3.852623	 0.020805	  0.02122427	  0.02122398	  0.00000029	  0.02122398	  0.00000000	  0.02157599
     -0.9521	    141.9895	 3.8634	 3.856384	 0.020805	  0.02114471	  0.02114432	  0.00000039	  0.02114432	  0.00000000	  0.02149813
     -0.9483	    142.1702	 3.8673	 3.860144	 0.020805	  0.02106547	  0.02106497	  0.00000050	  0.02106497	  0.00000000	  0.02142057
     -0.9445	    142.3508	 3.8711	 3.863902	 0.020805	  0.02098656	  0.02098595	  0.00000061	  0.02098595	  0.00000000	  0.02134331
     -0.9407	    142.5315	 3.8749	 3.867660	 0.020805	  0.02090797	  0.02090724	  0.00000074	  0.02090724	  0.00000000	  0.02126635
     -0.9369	    142.7120	 3.8787	 3.871417	 0.020805	  0.02082971	  0.02082884	  0.00000087	  0.02082884	  0.00000000	  0.02118969
     -0.9332	    142.8925	 3.8825	 3.875173	 0.020805	  0.02075177	  0.02075076	  0.00000102	  0.02075076	  0.00000000	  0.02111332
     -0.9294	    143.0730	 3.8864	 3.878927	 0.020806	  0.02067416	  0.02067299	  0.00000117	  0.02067299	  0.00000000	  0.02103725
     -0.9257	    143.2535	 3.8902	 3.882681	 0.020806	  0.02059686	  0.02059553	  0.00000133	  0.02059553	  0.00000000	  0.02096147
     -0.9220	    143.4338	 3.8940	 3.886434	 0.020806	  0.02051988	  0.02051838	  0.00000150	  0.02051838	  0.00000000	  0.02088599
     -0.9183	    143.6142	 3.8978	 3.890186	 0.020806	  0.02044322	  0.02044153	  0.00000168	  0.02044153	  0.00000000	  0.02081080
     -0.9146	    143.7945	 3.9017	 3.893938	 0.020807	  0.02036687	  0.02036500	  0.00000187	  0.02036500	  0.00000000	  0.02073589
     -0.9110	    143.9747	 3.9055	 3.897688	 0.020807	  0.02029084	  0.02028877	  0.00000207	  0.02028877	  0.00000000	  0.02066128
     -0.9073	    144.1549	 3.9093	 3.901437	 0.020807	  0.02021512	  0.02021285	  0.00000228	  0.02021285	  0.00000000	  0.02058696
     -0.9037	    144.3350	 3.9131	 3.905185	 0.020808	  0.02013972	  0.02013722	  0.00000250	  0.02013722	  0.00000000	  0.02051292
     -0.9001	    144.5151	 3.9170	 3.908933	 0.020808	  0.02006463	  0.02006190	  0.00000272	  0.02006190	  0.00000000	  0.02043917
     -0.8965	    144.6952	 3.9208	 3.912679	 0.020809	  0.01998984	  0.01998688	  0.00000296	  0.01998688	  0.00000000	  0.02036570
     -0.8929	    144.8752	 3.9246	 3.916424	 0.020809	  0.01991536	  0.01991216	  0.00000320	  0.01991216	  0.00000000	  0.02029252
     -0.8893	    145.0551	 3.9284	 3.920169	 0.020810	  0.01984119	  0.01983774	  0.00000345	  0.01983774	  0.00000000	  0.02021962
     -0.8857	    145.2350	 3.9322	 3.923913	 0.020811	  0.01976733	  0.01976362	  0.00000371	  0.01976362	  0.00000000	  0.02014700
     -0.8822	    145.4148	 3.9361	 3.927655	 0.020811	  0.01969377	  0.01968978	  0.00000398	  0.01968978	  0.00000000	  0.02007467
     -0.8786	    145.5946	 3.9399	 3.931397	 0.020812	  0.01962051	  0.01961625	  0.00000426	  0.01961625	  0.00000000	  0.02000261
     -0.8751	    145.7744	 3.9437	 3.935138	 0.020813	  0.01954755	  0.01954300	  0.00000455	  0.01954300	  0.00000000	  0.01993083
     -0.8716	    145.9541	 3.9475	 3.938878	 0.020814	  0.01947490	  0.01947005	  0.00000485	  0.01947005	  0.00000000	  0.01985933
     -0.8681	    146.1337	 3.9514	 3.942617	 0.020815	  0.01940254	  0.01939739	  0.00000515	  0.01939739	  0.00000000	  0.01978811
     -0.8646	    146.3133	 3.9552	 3.946355	 0.020815	  0.01933048	  0.01932501	  0.00000547	  0.01932501	  0.00000000	  0.01971716
     -0.8612	    146.4928	 3.9590	 3.950092	 0.020816	  0.01925871	  0.01925292	  0.00000579	  0.01925292	  0.00000000	  0.01964649
     -0.8577	    146.6723	 3.9628	 3.953829	 0.020818	  0.01918724	  0.01918112	  0.00000612	  0.01918112	  0.00000000	  0.01957609
     -0.8543	    146.8517	 3.9667	 3.957564	 0.020819	  0.01911606	  0.01910961	  0.00000646	  0.01910961	  0.00000000	  0.01950597
     -0.8509	    147.0311	 3.9705	 3.961299	 0.020820	  0.01904518	  0.01903837	  0.00000681	  0.01903837	  0.00000000	  0.01943611
     -0.8475	    147.2104	 3.9743	 3.965032	 0.020821	  0.01897458	  0.01896742	  0.00000716	  0.01896742	  0.00000000	  0.01936653
     -0.8441	    147.3897	 3.9781	 3.968765	 0.020822	  0.01890428	  0.01889675	  0.00000752	  0.01889675	  0.00000000	  0.01929722
     -0.8407	    147.5689	 3.9820	 3.972497	 0.020824	  0.01883426	  0.01882636	  0.00000790	  0.01882636	  0.00000000	  0.01922817
     -0.8373	    147.7481	 3.9858	 3.976228	 0.020825	  0.01876452	  0.01875625	  0.00000827	  0.01875625	  0.00000000	  0.01915939
     -0.8340	    147.9272	 3.9896	 3.979959	 0.020827	  0.01869508	  0.01868641	  0.00000866	  0.01868641	  0.00000000	  0.01909088
     -0.8306	    148.1063	 3.9934	 3.983688	 0.020828	  0.01862591	  0.01861685	  0.00000906	  0.01861685	  0.00000000	  0.01902263
     -0.8273	    148.2853	 3.9973	 3.987417	 0.020830	  0.01855703	  0.01854757	  0.00000946	  0.01854757	  0.00000000	  0.01895465
     -0.8240	    148.4642	 4.0011	 3.991144	 0.020832	  0.01848842	  0.01847856	  0.00000987	  0.01847856	  0.00000000	  0.01888693
     -0.8207	    148.6431	 4.0049	 3.994871	 0.020834	  0.01842010	  0.01840982	  0.00001028	  0.01840982	  0.00000000	  0.01881948
     -0.8174	    148.8220	 4.0087	 3.998597	 0.020835	  0.01835205	  0.01834135	  0.00001070	  0.01834135	  0.00000000	  0.01875228
     -0.8141	    149.0008	 4.0126	 4.002323	 0.020837	  0.01828428	  0.01827315	  0.00001113	  0.01827315	  0.00000000	  0.01868535
     -0.8109	    149.1795	 4.0164	 4.006047	 0.020839	  0.01821679	  0.01820522	  0.00001157	  0.01820522	  0.00000000	  0.01861867
     -0.8076	    149.3582	 4.0202	 4.009771	 0.020842	  0.01814956	  0.01813755	  0.00001201	  0.01813755	  0.00000000	  0.01855226
     -0.8044	    149.5368	 4.0240	 4.013494	 0.020844	  0.01808261	  0.01807015	  0.00001246	  0.01807015	  0.00000000	  0.01848610
     -0.8011	    149.7154	 4.0279	 4.017216	 0.020846	  0.01801593	  0.01800302	  0.00001292	  0.01800302	  0.00000000	  0.01842020
     -0.7979	    149.8939	 4.0317	 4.020937	 0.020848	  0.01794952	  0.01793615	  0.00001338	  0.01793615	  0.00000000	  0.01835455
     -0.7947	    150.0723	 4.0355	 4.024658	 0.020851	  0.01788338	  0.01786954	  0.00001384	  0.01786954	  0.00000000	  0.01828916
     -0.7916	    150.2507	 4.0393	 4.028378	 0.020853	  0.01781750	  0.01780319	  0.00001432	  0.01780319	  0.00000000	  0.01822402
     -0.7884	    150.4291	 4.0431	 4.032097	 0.020856	  0.01775189	  0.01773709	  0.00001480	  0.01773709	  0.00000000	  0.01815914
     -0.7852	    150.6074	 4.0470	 4.035816	 0.020859	  0.01768654	  0.01767126	  0.00001528	  0.01767126	  0.00000000	  0.01809450
     -0.7821	    150.7856	 4.0508	 4.039533	 0.020861	  0.01762145	  0.01760569	  0.00001577	  0.01760569	  0.00000000	  0.01803012
     -0.7789	    150.9638	 4.0546	 4.043250	 0.020864	  0.01755663	  0.01754037	  0.00001626	  0.01754037	  0.00000000	  0.01796599
     -0.7758	    151.1419	 4.0584	 4.046967	 0.020867	  0.01749206	  0.01747530	  0.00001676	  0.01747530	  0.00000000	  0.01790210
     -0.7727	    151.3199	 4.0623	 4.050683	 0.020870	  0.01742775	  0.01741049	  0.00001726	  0.01741049	  0.00000000	  0.01783846
     -0.7696	    151.4979	 4.0661	 4.054398	 0.020873	  0.01736370	  0.01734593	  0.00001777	  0.01734593	  0.00000000	  0.01777507
     -0.7665	    151.6758	 4.0699	 4.058112	 0.020876	  0.01729990	  0.01728162	  0.00001828	  0.01728162	  0.00000000	  0.01771193
     -0.7635	    151.8537	 4.0737	 4.061826	 0.020880	  0.01723635	  0.01721755	  0.00001880	  0.01721755	  0.00000000	  0.01764903
     -0.7604	    152.0315	 4.0775	 4.065539	 0.020883	  0.01717306	  0.01715374	  0.00001932	  0.01715374	  0.00000000	  0.01758637
     -0.7574	    152.2093	 4.0814	 4.069251	 0.020887	  0.01711002	  0.01709018	  0.00001984	  0.01709018	  0.00000000	  0.01752396
     -0.7543	    152.3870	 4.0852	 4.072963	 0.020890	  0.01704722	  0.01702686	  0.00002037	  0.01702686	  0.00000000	  0.01746179
     -0.7513	    152.5647	 4.0890	 4.076675	 0.020894	  0.01698468	  0.01696378	  0.00002090	  0.01696378	  0.00000000	  0.01739986
     -0.7483	    152.7422	 4.0928	 4.080386	 0.020898	  0.01692238	  0.01690095	  0.00002143	  0.01690095	  0.00000000	  0.01733817
     -0.7453	    152.9198	 4.0966	 4.084096	 0.020901	  0.01686032	  0.01683836	  0.00002196	  0.01683836	  0.00000000	  0.01727672
     -0.7423	    153.0972	 4.1004	 4.087805	 0.020905	  0.01679851	  0.01677601	  0.00002250	  0.01677601	  0.00000000	  0.01721551
     -0.7393	    153.2746	 4.1043	 4.091514	 0.020909	  0.01673694	  0.01671390	  0.00002304	  0.01671390	  0.00000000	  0.01715453
     -0.7364	    153.4520	 4.1081	 4.095223	 0.020914	  0.01667561	  0.01665203	  0.00002358	  0.01665203	  0.00000000	  0.01709380
     -0.7334	    153.6293	 4.1119	 4.098931	 0.020918	  0.01661453	  0.01659040	  0.00002413	  0.01659040	  0.00000000	  0.01703329
     -0.7305	    153.8065	 4.1157	 4.102639	 0.020922	  0.01655367	  0.01652900	  0.00002467	  0.01652900	  0.00000000	  0.01697302
     -0.7275	    153.9837	 4.1195	 4.106346	 0.020927	  0.01649306	  0.01646784	  0.00002522	  0.01646784	  0.00000000	  0.01691299
     -0.7246	    154.1608	 4.1233	 4.110052	 0.020931	  0.01643268	  0.01640691	  0.00002577	  0.01640691	  0.00000000	  0.01685319
     -0.7217	    154.3378	 4.1271	 4.113759	 0.020936	  0.01637253	  0.01634622	  0.00002631	  0.01634622	  0.00000000	  0.01679362
     -0.7188	    154.5148	 4.1309	 4.117464	 0.020940	  0.01631262	  0.01628576	  0.00002686	  0.01628576	  0.00000000	  0.01673428
     -0.7160	    154.6917	 4.1348	 4.121170	 0.020945	  0.01625294	  0.01622552	  0.00002741	  0.01622552	  0.00000000	  0.01667517
     -0.7131	    154.8686	 4.1386	 4.124875	 0.020950	  0.01619349	  0.01616552	  0.00002796	  0.01616552	  0.00000000	  0.01661629
     -0.7102	    155.0454	 4.1424	 4.128579	 0.020955	  0.01613426	  0.01610575	  0.00002851	  0.01610575	  0.00000000	  0.01655763
     -0.7074	    155.2221	 4.1462	 4.132283	 0.020960	  0.01607526	  0.01604620	  0.00002906	  0.01604620	  0.00000000	  0.01649921
     -0.7045	    155.3988	 4.1500	 4.135987	 0.020965	  0.01601649	  0.01598688	  0.00002961	  0.01598688	  0.00000000	  0.01644101
     -0.7017	    155.5754	 4.1538	 4.139690	 0.020971	  0.01595794	  0.01592778	  0.00003016	  0.01592778	  0.00000000	  0.01638303
     -0.6989	    155.7520	 4.1576	 4.143393	 0.020976	  0.01589962	  0.01586891	  0.00003071	  0.01586891	  0.00000000	  0.01632528
     -0.6961	    155.9285	 4.1614	 4.147096	 0.020981	  0.01584152	  0.01581026	  0.00003126	  0.01581026	  0.00000000	  0.01626776
     -0.6933	    156.1049	 4.1652	 4.150799	 0.020987	  0.01578363	  0.01575183	  0.00003180	  0.01575183	  0.00000000	  0.01621045
     -0.6905	    156.2813	 4.1690	 4.154501	 0.020993	  0.01572597	  0.01569363	  0.00003234	  0.01569363	  0.00000000	  0.01615337
     -0.6878	    156.4576	 4.1728	 4.158203	 0.020998	  0.01566852	  0.01563564	  0.00003288	  0.01563564	  0.00000000	  0.01609651
     -0.6850	    156.6339	 4.1766	 4.161904	 0.021004	  0.01561129	  0.01557787	  0.00003342	  0.01557787	  0.00000000	  0.01603987
     -0.6823	    156.8101	 4.1804	 4.165605	 0.021010	  0.01555428	  0.01552032	  0.00003396	  0.01552032	  0.00000000	  0.01598345
     -0.6795	    156.9862	 4.1842	 4.169306	 0.021016	  0.01549748	  0.01546298	  0.00003450	  0.01546298	  0.00000000	  0.01592724
     -0.6768	    157.1623	 4.1880	 4.173007	 0.021022	  0.01544089	  0.01540586	  0.00003503	  0.01540586	  0.00000000	  0.01587126
     -0.6741	    157.3383	 4.1918	 4.176708	 0.021029	  0.01538451	  0.01534895	  0.00003556	  0.01534895	  0.00000000	  0.01581549
     -0.6714	    157.5142	 4.1956	 4.180408	 0.021035	  0.01532834	  0.01529226	  0.00003608	  0.01529226	  0.00000000	  0.01575993
     -0.6687	    157.6901	 4.1994	 4.184109	 0.021041	  0.01527238	  0.01523578	  0.00003660	  0.01523578	  0.00000000	  0.01570459
     -0.6660	    157.8659	 4.2032	 4.187809	 0.021048	  0.01521663	  0.01517951	  0.00003712	  0.01517951	  0.00000000	  0.01564946
     -0.6634	    158.0417	 4.2070	 4.191509	 0.021054	  0.01516108	  0.01512345	  0.00003763	  0.01512345	  0.00000000	  0.01559455
     -0.6607	    158.2174	 4.2108	 4.195208	 0.021061	  0.01510574	  0.01506760	  0.00003814	  0.01506760	  0.00000000	  0.01553984
     -0.6581	    158.3930	 4.2145	 4.198908	 0.021068	  0.01505061	  0.01501196	  0.00003865	  0.01501196	  0.00000000	  0.01548535
     -0.6554	    158.5686	 4.2183	 4.202608	 0.021075	  0.01499567	  0.01495652	  0.00003915	  0.01495652	  0.00000000	  0.01543107
     -0.6528	    158.7441	 4.2221	 4.206307	 0.021081	  0.01494094	  0.01490129	  0.00003964	  0.01490129	  0.00000000	  0.01537700
     -0.6502	    158.9196	 4.2259	 4.210007	 0.021088	  0.01488641	  0.01484627	  0.00004014	  0.01484627	  0.00000000	  0.01532313
     -0.6476	    159.0950	 4.2297	 4.213706	 0.021096	  0.01483207	  0.01479145	  0.00004062	  0.01479145	  0.00000000	  0.01526948
     -0.6450	    159.2703	 4.2335	 4.217405	 0.021103	  0.01477793	  0.01473683	  0.00004110	  0.01473683	  0.00000000	  0.01521603
     -0.6424	    159.4456	 4.2372	 4.221104	 0.021110	  0.01472399	  0.01468242	  0.00004157	  0.01468242	  0.00000000	  0.01516278
     -0.6398	    159.6208	 4.2410	 4.224804	 0.021117	  0.01467025	  0.01462821	  0.00004204	  0.01462821	  0.00000000	  0.01510975
     -0.6372	    159.7959	 4.2448	 4.228503	 0.021125	  0.01461670	  0.01457419	  0.00004250	  0.01457419	  0.00000000	  0.01505691
     -0.6347	    159.9710	 4.2486	 4.232202	 0.021132	  0.01456334	  0.01452038	  0.00004296	  0.01452038	  0.00000000	  0.01500428
     -0.6321	    160.1460	 4.2524	 4.235901	 0.021140	  0.01451017	  0.01446676	  0.00004341	  0.01446676	  0.00000000	  0.01495185
     -0.6296	    160.3210	 4.2561	 4.239601	 0.021147	  0.01445720	  0.01441335	  0.00004385	  0.01441335	  0.00000000	  0.01489962
     -0.6271	    160.4959	 4.2599	 4.243300	 0.021155	  0.01440441	  0.01436013	  0.00004429	  0.01436013	  0.00000000	  0.01484759
     -0.6246	    160.6707	 4.2637	 4.246999	 0.021163	  0.01435181	  0.01430710	  0.00004471	  0.01430710	  0.00000000	  0.01479577
     -0.6221	    160.8455	 4.2674	 4.250699	 0.021171	  0.01429940	  0.01425427	  0.00004513	  0.01425427	  0.00000000	  0.01474414
     -0.6196	    161.0202	 4.2712	 4.254398	 0.021179	  0.01424718	  0.01420163	  0.00004555	  0.01420163	  0.00000000	  0.01469271
     -0.6171	    161.1949	 4.2750	 4.258098	 0.021187	  0.01419514	  0.01414919	  0.00004595	  0.01414919	  0.00000000	  0.01464147
     -0.6146	    161.3695	 4.2787	 4.261798	 0.021195	  0.01414329	  0.01409694	  0.00004635	  0.01409694	  0.00000000	  0.01459044
     -0.6122	    161.5440	 4.2825	 4.265498	 0.021203	  0.01409162	  0.01404488	  0.00004674	  0.01404488	  0.00000000	  0.01453959
     -0.6097	    161.7185	 4.2863	 4.269198	 0.021211	  0.01404013	  0.01399301	  0.00004712	  0.01399301	  0.00000000	  0.01448895
     -0.6073	    161.8929	 4.2900	 4.272898	 0.021219	  0.01398882	  0.01394133	  0.00004749	  0.01394133	  0.00000000	  0.01443850
     -0.6048	    162.0672	 4.2938	 4.276598	 0.021228	  0.01393769	  0.01388983	  0.00004786	  0.01388983	  0.00000000	  0.01438824
     -0.6024	    162.2415	 4.2975	 4.280299	 0.021236	  0.01388674	  0.01383853	  0.00004821	  0.01383853	  0.00000000	  0.01433817
     -0.6000	    162.4157	 4.3013	 4.283999	 0.021244	  0.01383597	  0.01378741	  0.00004856	  0.01378741	  0.00000000	  0.01428829
     -0.5976	    162.5899	 4.3050	 4.287700	 0.021253	  0.01378538	  0.01373648	  0.00004890	  0.01373648	  0.00000000	  0.01423861
     -0.5952	    162.7640	 4.3088	 4.291401	 0.021261	  0.01373496	  0.01368574	  0.00004923	  0.01368574	  0.00000000	  0.01418911
     -0.5928	    162.9381	 4.3125	 4.295103	 0.021270	  0.01368472	  0.01363517	  0.00004954	  0.01363517	  0.00000000	  0.01413980
     -0.5904	    163.1121	 4.3163	 4.298804	 0.021279	  0.01363465	  0.01358480	  0.00004985	  0.01358480	  0.00000000	  0.01409069
     -0.5880	    163.2860	 4.3200	 4.302506	 0.021287	  0.01358475	  0.01353460	  0.00005015	  0.01353460	  0.00000000	  0.01404176
     -0.5857	    163.4599	 4.3238	 4.306208	 0.021296	  0.01353503	  0.01348459	  0.00005044	  0.01348459	  0.00000000	  0.01399301
     -0.5833	    163.6337	 4.3275	 4.309910	 0.021305	  0.01348548	  0.01343476	  0.00005072	  0.01343476	  0.00000000	  0.01394445
     -0.5810	    163.8074	 4.3312	 4.313613	 0.021314	  0.01343609	  0.01338511	  0.00005099	  0.01338511	  0.00000000	  0.01389608
     -0.5787	    163.9811	 4.3350	 4.317316	 0.021323	  0.01338688	  0.01333563	  0.00005125	  0.01333563	  0.00000000	  0.01384789
     -0.5764	    164.1548	 4.3387	 4.321019	 0.021332	  0.01333784	  0.01328634	  0.00005150	  0.01328634	  0.00000000	  0.01379988
     -0.5740	    164.3283	 4.3425	 4.324722	 0.021340	  0.01328896	  0.01323723	  0.00005173	  0.01323723	  0.00000000	  0.01375206
     -0.5717	    164.5019	 4.3462	 4.328426	 0.021349	  0.01324025	  0.01318829	  0.00005196	  0.01318829	  0.00000000	  0.01370442
     -0.5694	    164.6753	 4.3499	 4.332130	 0.021358	  0.01319171	  0.01313953	  0.00005218	  0.01313953	  0.00000000	  0.01365695
     -0.5672	    164.8487	 4.3536	 4.335834	 0.021368	  0.01314333	  0.01309095	  0.00005238	  0.01309095	  0.00000000	  0.01360967
     -0.5649	    165.0221	 4.3574	 4.339539	 0.021377	  0.01309512	  0.01304254	  0.00005258	  0.01304254	  0.00000000	  0.01356257
     -0.5626	    165.1954	 4.3611	 4.343244	 0.021386	  0.01304707	  0.01299430	  0.00005276	  0.01299430	  0.00000000	  0.01351565
     -0.5604	    165.3686	 4.3648	 4.346950	 0.021395	  0.01299918	  0.01294624	  0.00005294	  0.01294624	  0.00000000	  0.01346890
     -0.5581	    165.5418	 4.3685	 4.350656	 0.021404	  0.01295145	  0.01289835	  0.00005310	  0.01289835	  0.00000000	  0.01342233
     -0.5559	    165.7149	 4.3723	 4.354362	 0.021413	  0.01290389	  0.01285064	  0.00005325	  0.01285064	  0.00000000	  0.01337594
     -0.5537	    165.8879	 4.3760	 4.358068	 0.021423	  0.01285648	  0.01280310	  0.00005339	  0.01280310	  0.00000000	  0.01332973
     -0.5514	    166.0609	 4.3797	 4.361775	 0.021432	  0.01280924	  0.01275572	  0.00005351	  0.01275572	  0.00000000	  0.01328368
     -0.5492	    166.2339	 4.3834	 4.365483	 0.021441	  0.01276215	  0.01270852	  0.00005363	  0.01270852	  0.00000000	  0.01323782
     -0.5470	    166.4068	 4.3871	 4.369190	 0.021450	  0.01271522	  0.01266149	  0.00005373	  0.01266149	  0.00000000	  0.01319212
     -0.5448	    166.5796	 4.3908	 4.372898	 0.021460	  0.01266845	  0.01261462	  0.00005382	  0.01261462	  0.00000000	  0.01314660
     -0.5426	    166.7524	 4.3945	 4.376607	 0.021469	  0.01262183	  0.01256793	  0.00005390	  0.01256793	  0.00000000	  0.01310125
     -0.5405	    166.9251	 4.3982	 4.380316	 0.021478	  0.01257537	  0.01252140	  0.00005397	  0.01252140	  0.00000000	  0.01305607
     -0.5383	    167.0978	 4.4019	 4.384025	 0.021488	  0.01252907	  0.01247504	  0.00005403	  0.01247504	  0.00000000	  0.01301106
     -0.5361	    167.2704	 4.4056	 4.387735	 0.021497	  0.01248292	  0.01242885	  0.00005407	  0.01242885	  0.00000000	  0.01296622
     -0.5340	    167.4429	 4.4093	 4.391446	 0.021506	  0.01243692	  0.01238282	  0.00005411	  0.01238282	  0.00000000	  0.01292155
     -0.5319	    167.6155	 4.4130	 4.395156	 0.021516	  0.01239108	  0.01233695	  0.00005413	  0.01233695	  0.00000000	  0.01287705
     -0.5297	    167.7879	 4.4167	 4.398867	 0.021525	  0.01234539	  0.01229125	  0.00005414	  0.01229125	  0.00000000	  0.01283271
     -0.5276	    167.9603	 4.4204	 4.402579	 0.021534	  0.01229985	  0.01224572	  0.00005413	  0.01224572	  0.00000000	  0.01278854
     -0.5255	    168.1326	 4.4241	 4.406291	 0.021544	  0.01225446	  0.01220034	  0.00005412	  0.01220034	  0.00000000	  0.01274453
     -0.5234	    168.3049	 4.4278	 4.410004	 0.021553	  0.01220923	  0.01215513	  0.00005409	  0.01215513	  0.00000000	  0.01270070
     -0.5213	    168.4772	 4.4315	 4.413717	 0.021562	  0.01216414	  0.01211009	  0.00005405	  0.01211009	  0.00000000	  0.01265702
     -0.5192	    168.6493	 4.4352	 4.417430	 0.021572	  0.01211920	  0.01206520	  0.00005400	  0.01206520	  0.00000000	  0.01261351
     -0.5171	    168.8215	 4.4389	 4.421144	 0.021581	  0.01207441	  0.01202047	  0.00005394	  0.01202047	  0.00000000	  0.01257016
     -0.5150	    168.9935	 4.4425	 4.424858	 0.021590	  0.01202977	  0.01197591	  0.00005386	  0.01197591	  0.00000000	  0.01252698
     -0.5130	    169.1656	 4.4462	 4.428573	 0.021599	  0.01198528	  0.01193150	  0.00005377	  0.01193150	  0.00000000	  0.01248395
     -0.5109	    169.3375	 4.4499	 4.432288	 0.021609	  0.01194093	  0.01188726	  0.00005367	  0.01188726	  0.00000000	  0.01244109
     -0.5089	    169.5095	 4.4536	 4.436004	 0.021618	  0.01189673	  0.01184317	  0.00005356	  0.01184317	  0.00000000	  0.01239838
     -0.5068	    169.6813	 4.4572	 4.439720	 0.021627	  0.01185267	  0.01179924	  0.00005344	  0.01179924	  0.00000000	  0.01235584
     -0.5048	    169.8532	 4.4609	 4.443437	 0.021636	  0.01180876	  0.01175547	  0.00005330	  0.01175547	  0.00000000	  0.01231345
     -0.5028	    170.0249	 4.4646	 4.447154	 0.021645	  0.01176500	  0.01171185	  0.00005315	  0.01171185	  0.00000000	  0.01227122
     -0.5007	    170.1966	 4.4682	 4.450872	 0.021654	  0.01172138	  0.01166839	  0.00005299	  0.01166839	  0.00000000	  0.01222915
     -0.4987	    170.3683	 4.4719	 4.454590	 0.021664	  0.01167790	  0.01162509	  0.00005282	  0.01162509	  0.00000000	  0.01218724
     -0.4967	    170.5399	 4.4756	 4.458309	 0.021673	  0.01163457	  0.01158194	  0.00005263	  0.01158194	  0.00000000	  0.01214548
     -0.4947	    170.7115	 4.4792	 4.462028	 0.021682	  0.01159138	  0.01153894	  0.00005244	  0.01153894	  0.00000000	  0.01210387
     -0.4928	    170.8830	 4.4829	 4.465747	 0.021691	  0.01154833	  0.01149610	  0.00005223	  0.01149610	  0.00000000	  0.01206242
     -0.4908	    171.0545	 4.4865	 4.469467	 0.021699	  0.01150542	  0.01145342	  0.00005201	  0.01145342	  0.00000000	  0.01202113
     -0.4888	    171.2259	 4.4902	 4.473188	 0.021708	  0.01146266	  0.01141088	  0.00005178	  0.01141088	  0.00000000	  0.01197999
     -0.4868	    171.3973	 4.4938	 4.476909	 0.021717	  0.01142003	  0.01136850	  0.00005153	  0.01136850	  0.00000000	  0.01193899
     -0.4849	    171.5686	 4.4975	 4.480630	 0.021726	  0.01137755	  0.01132627	  0.00005128	  0.01132627	  0.00000000	  0.01189816
     -0.4829	    171.7399	 4.5011	 4.484352	 0.021735	  0.01133521	  0.01128420	  0.00005101	  0.01128420	  0.00000000	  0.01185747
     -0.4810	    171.9111	 4.5048	 4.488074	 0.021744	  0.01129300	  0.01124227	  0.00005073	  0.01124227	  0.00000000	  0.01181693
     -0.4791	    172.0823	 4.5084	 4.491797	 0.021752	  0.01125094	  0.01120050	  0.00005044	  0.01120050	  0.00000000	  0.01177654
     -0.4772	    172.2534	 4.5121	 4.495520	 0.021761	  0.01120901	  0.01115887	  0.00005014	  0.01115887	  0.00000000	  0.01173631
     -0.4752	    172.4245	 4.5157	 4.499244	 0.021769	  0.01116723	  0.01111740	  0.00004983	  0.01111740	  0.00000000	  0.01169622
     -0.4733	    172.5955	 4.5194	 4.502968	 0.021778	  0.01112558	  0.01107607	  0.00004951	  0.01107607	  0.00000000	  0.01165628
     -0.4714	    172.7665	 4.5230	 4.506693	 0.021786	  0.01108407	  0.01103489	  0.00004917	  0.01103489	  0.00000000	  0.01161648
     -0.4695	    172.9375	 4.5266	 4.510418	 0.021795	  0.01104269	  0.01099387	  0.00004882	  0.01099387	  0.00000000	  0.01157683
     -0.4677	    173.1084	 4.5303	 4.514143	 0.021803	  0.01100145	  0.01095299	  0.00004847	  0.01095299	  0.00000000	  0.01153733
     -0.4658	    173.2792	 4.5339	 4.517869	 0.021811	  0.01096035	  0.01091225	  0.00004810	  0.01091225	  0.00000000	  0.01149797
     -0.4639	    173.4500	 4.5375	 4.521595	 0.021819	  0.01091939	  0.01087167	  0.00004772	  0.01087167	  0.00000000	  0.01145876
     -0.4621	    173.6208	 4.5411	 4.525322	 0.021827	  0.01087856	  0.01083123	  0.00004733	  0.01083123	  0.00000000	  0.01141969
     -0.4602	    173.7915	 4.5448	 4.529049	 0.021836	  0.01083787	  0.01079093	  0.00004693	  0.01079093	  0.00000000	  0.01138077
     -0.4584	    173.9622	 4.5484	 4.532777	 0.021844	  0.01079731	  0.01075078	  0.00004652	  0.01075078	  0.00000000	  0.01134198
     -0.4565	    174.1328	 4.5520	 4.536505	 0.021851	  0.01075688	  0.01071078	  0.00004610	  0.01071078	  0.00000000	  0.01130334
     -0.4547	    174.3034	 4.5556	 4.540233	 0.021859	  0.01071660	  0.01067092	  0.00004567	  0.01067092	  0.00000000	  0.01126484
     -0.4529	    174.4740	 4.5593	 4.543962	 0.021867	  0.01067644	  0.01063121	  0.00004523	  0.01063121	  0.00000000	  0.01122649
     -0.4510	    174.6445	 4.5629	 4.547691	 0.021875	  0.01063642	  0.01059164	  0.00004478	  0.01059164	  0.00000000	  0.01118827
     -0.4492	    174.8149	 4.5665	 4.551420	 0.021882	  0.01059653	  0.01055221	  0.00004432	  0.01055221	  0.00000000	  0.01115019
     -0.4474	    174.9854	 4.5701	 4.555150	 0.021890	  0.01055678	  0.01051293	  0.00004385	  0.01051293	  0.00000000	  0.01111225
     -0.4456	    175.1557	 4.5737	 4.558880	 0.021897	  0.01051716	  0.01047378	  0.00004338	  0.01047378	  0.00000000	  0.01107445
     -0.4439	    175.3261	 4.5773	 4.562610	 0.021905	  0.01047767	  0.01043479	  0.00004289	  0.01043479	  0.00000000	  0.01103679
     -0.4421	    175.4963	 4.5809	 4.566341	 0.021912	  0.01043832	  0.01039593	  0.00004239	  0.01039593	  0.00000000	  0.01099926
     -0.4403	    175.6666	 4.5845	 4.570072	 0.021919	  0.01039909	  0.01035721	  0.00004188	  0.01035721	  0.00000000	  0.01096187
     -0.4385	    175.8368	 4.5881	 4.573804	 0.021926	  0.01036000	  0.01031864	  0.00004137	  0.01031864	  0.00000000	  0.01092462
     -0.4368	    176.0070	 4.5917	 4.577535	 0.021933	  0.01032104	  0.01028020	  0.00004084	  0.01028020	  0.00000000	  0.01088751
     -0.4350	    176.1771	 4.5953	 4.581267	 0.021940	  0.01028222	  0.01024191	  0.00004031	  0.01024191	  0.00000000	  0.01085052
     -0.4333	    176.3472	 4.5989	 4.584999	 0.021947	  0.01024352	  0.01020376	  0.00003977	  0.01020376	  0.00000000	  0.01081368
     -0.4315	    176.5172	 4.6025	 4.588732	 0.021953	  0.01020496	  0.01016574	  0.00003921	  0.01016574	  0.00000000	  0.01077696
     -0.4298	    176.6872	 4.6061	 4.592465	 0.021960	  0.01016652	  0.01012787	  0.00003866	  0.01012787	  0.00000000	  0.01074038
     -0.4281	    176.8572	 4.6097	 4.596198	 0.021967	  0.01012822	  0.01009013	  0.00003809	  0.01009013	  0.00000000	  0.01070393
     -0.4264	    177.0271	 4.6133	 4.599931	 0.021973	  0.01009004	  0.01005253	  0.00003751	  0.01005253	  0.00000000	  0.01066762
     -0.4247	    177.1970	 4.6169	 4.603664	 0.021979	  0.01005200	  0.01001507	  0.00003693	  0.01001507	  0.00000000	  0.01063143
     -0.4229	    177.3669	 4.6205	 4.607398	 0.021986	  0.01001409	  0.00997775	  0.00003634	  0.00997775	  0.00000000	  0.01059538
     -0.4212	    177.5367	 4.6241	 4.611132	 0.021992	  0.00997630	  0.00994056	  0.00003574	  0.00994056	  0.00000000	  0.01055946
     -0.4196	    177.7064	 4.6277	 4.614866	 0.021998	  0.00993865	  0.00990351	  0.00003514	  0.00990351	  0.00000000	  0.01052366
     -0.4179	    177.8762	 4.6313	 4.618600	 0.022004	  0.00990112	  0.00986660	  0.00003453	  0.00986660	  0.00000000	  0.01048800
     -0.4162	    178.0459	 4.6349	 4.622335	 0.022009	  0.00986373	  0.00982982	  0.00003391	  0.00982982	  0.00000000	  0.01045247
     -0.4145	    178.2155	 4.6384	 4.626069	 0.022015	  0.00982646	  0.00979318	  0.00003328	  0.00979318	  0.00000000	  0.01041706
     -0.4129	    178.3851	 4.6420	 4.629804	 0.022021	  0.00978932	  0.00975667	  0.00003265	  0.00975667	  0.00000000	  0.01038178
     -0.4112	    178.5547	 4.6456	 4.633539	 0.022026	  0.00975231	  0.00972030	  0.00003201	  0.00972030	  0.00000000	  0.01034663
     -0.4096	    178.7243	 4.6492	 4.637274	 0.022032	  0.00971543	  0.00968407	  0.00003136	  0.00968407	  0.00000000	  0.01031161
     -0.4079	    178.8938	 4.6528	 4.641008	 0.022037	  0.00967867	  0.00964796	  0.00003071	  0.00964796	  0.00000000	  0.01027671
     -0.4063	    179.0632	 4.6563	 4.644743	 0.022042	  0.00964205	  0.00961200	  0.00003005	  0.00961200	  0.00000000	  0.01024193
     -0.4046	    179.2327	 4.6599	 4.648479	 0.022047	  0.00960555	  0.00957616	  0.00002939	  0.00957616	  0.00000000	  0.01020729
     -0.4030	    179.4021	 4.6635	 4.652214	 0.022052	  0.00956918	  0.00954046	  0.00002872	  0.00954046	  0.00000000	  0.01017276
     -0.4014	    179.5714	 4.6671	 4.655949	 0.022057	  0.00953294	  0.00950489	  0.00002805	  0.00950489	  0.00000000	  0.01013836
     -0.3998	    179.7408	 4.6706	 4.659684	 0.022061	  0.00949682	  0.00946945	  0.00002737	  0.00946945	  0.00000000	  0.01010409
     -0.3982	    179.9100	 4.6742	 4.663419	 0.022066	  0.00946083	  0.00943415	  0.00002668	  0.00943415	  0.00000000	  0.01006994
     -0.3966	    180.0793	 4.6778	 4.667154	 0.022071	  0.00942497	  0.00939898	  0.00002599	  0.00939898	  0.00000000	  0.01003591
     -0.3950	    180.2485	 4.6813	 4.670889	 0.022075	  0.00938924	  0.00936394	  0.00002530	  0.00936394	  0.00000000	  0.01000200
     -0.3934	    180.4177	 4.6849	 4.674624	 0.022079	  0.00935363	  0.00932903	  0.00002460	  0.00932903	  0.00000000	  0.00996821
     -0.3918	    180.5868	 4.6885	 4.678359	 0.022083	  0.00931814	  0.00929425	  0.00002389	  0.00929425	  0.00000000	  0.00993455
     -0.3903	    180.7560	 4.6920	 4.682094	 0.022087	  0.00928279	  0.00925960	  0.00002319	  0.00925960	  0.00000000	  0.00990100
     -0.3887	    180.9250	 4.6956	 4.685829	 0.022091	  0.00924756	  0.00922508	  0.00002247	  0.00922508	  0.00000000	  0.00986758
     -0.3871	    181.0941	 4.6992	 4.689564	 0.022095	  0.00921246	  0.00919070	  0.00002176	  0.00919070	  0.00000000	  0.00983428
     -0.3856	    181.2631	 4.7027	 4.693298	 0.022098	  0.00917748	  0.00915644	  0.00002104	  0.00915644	  0.00000000	  0.00980109
     -0.3840	    181.4321	 4.7063	 4.697032	 0.022102	  0.00914262	  0.00912231	  0.00002032	  0.00912231	  0.00000000	  0.00976802
     -0.3825	    181.6010	 4.7098	 4.700767	 0.022105	  0.00910790	  0.00908831	  0.00001959	  0.00908831	  0.00000000	  0.00973508
     -0.3810	    181.7699	 4.7134	 4.704501	 0.022108	  0.00907330	  0.00905444	  0.00001886	  0.00905444	  0.00000000	  0.00970224
     -0.3794	    181.9388	 4.7170	 4.708234	 0.022112	  0.00903882	  0.00902069	  0.00001813	  0.00902069	  0.00000000	  0.00966953
     -0.3779	    182.1076	 4.7205	 4.711968	 0.022115	  0.00900447	  0.00898708	  0.00001739	  0.00898708	  0.00000000	  0.00963694
     -0.3764	    182.2764	 4.7241	 4.715701	 0.022117	  0.00897024	  0.00895359	  0.00001666	  0.00895359	  0.00000000	  0.00960446
     -0.3749	    182.4452	 4.7276	 4.719434	 0.022120	  0.00893614	  0.00892023	  0.00001591	  0.00892023	  0.00000000	  0.00957209
     -0.3734	    182.6139	 4.7312	 4.723167	 0.022123	  0.00890216	  0.00888699	  0.00001517	  0.00888699	  0.00000000	  0.00953984
     -0.3719	    182.7826	 4.7348	 4.726899	 0.022125	  0.00886831	  0.00885388	  0.00001443	  0.00885388	  0.00000000	  0.00950771
     -0.3704	    182.9513	 4.7383	 4.730631	 0.022128	  0.00883458	  0.00882090	  0.00001368	  0.00882090	  0.00000000	  0.00947569
     -0.3689	    183.1199	 4.7419	 4.734363	 0.022130	  0.00880098	  0.00878805	  0.00001293	  0.00878805	  0.00000000	  0.00944378
     -0.3674	    183.2885	 4.7454	 4.738094	 0.022132	  0.00876750	  0.00875531	  0.00001218	  0.00875531	  0.00000000	  0.00941199
     -0.3659	    183.4571	 4.7490	 4.741825	 0.022134	  0.00873414	  0.00872271	  0.00001143	  0.00872271	  0.00000000	  0.00938031
     -0.3645	    183.6256	 4.7525	 4.745556	 0.022136	  0.00870091	  0.00869023	  0.00001068	  0.00869023	  0.00000000	  0.00934875
     -0.3630	    183.7941	 4.7561	 4.749286	 0.022138	  0.00866780	  0.00865787	  0.00000993	  0.00865787	  0.00000000	  0.00931730
     -0.3615	    183.9626	 4.7596	 4.753016	 0.022139	  0.00863481	  0.00862564	  0.00000917	  0.00862564	  0.00000000	  0.00928596
     -0.3601	    184.1310	 4.7632	 4.756745	 0.022141	  0.00860195	  0.00859354	  0.00000842	  0.00859354	  0.00000000	  0.00925473
     -0.3586	    184.2995	 4.7667	 4.760474	 0.022142	  0.00856921	  0.00856155	  0.00000766	  0.00856155	  0.00000000	  0.00922361
     -0.3572	    184.4678	 4.7703	 4.764202	 0.022143	  0.00853660	  0.00852969	  0.00000690	  0.00852969	  0.00000000	  0.00919260
     -0.3558	    184.6362	 4.7738	 4.767930	 0.022144	  0.00850410	  0.00849796	  0.00000615	  0.00849796	  0.00000000	  0.00916170
     -0.3543	    184.8045	 4.7774	 4.771657	 0.022145	  0.00847173	  0.00846634	  0.00000539	  0.00846634	  0.00000000	  0.00913091
     -0.3529	    184.9727	 4.7809	 4.775383	 0.022146	  0.00843949	  0.00843485	  0.00000464	  0.00843485	  0.00000000	  0.00910024
     -0.3515	    185.1410	 4.7845	 4.779109	 0.022147	  0.00840736	  0.00840348	  0.00000388	  0.00840348	  0.00000000	  0.00906967
     -0.3501	    185.3092	 4.7880	 4.782835	 0.022148	  0.00837536	  0.00837223	  0.00000312	  0.00837223	  0.00000000	  0.00903921
     -0.3487	    185.4774	 4.7916	 4.786559	 0.022148	  0.00834348	  0.00834111	  0.00000237	  0.00834111	  0.00000000	  0.00900885
     -0.3473	    185.6455	 4.7951	 4.790284	 0.022148	  0.00831172	  0.00831010	  0.00000162	  0.00831010	  0.00000000	  0.00897861
     -0.3459	    185.8136	 4.7987	 4.794007	 0.022149	  0.00828008	  0.00827922	  0.00000086	  0.00827922	  0.00000000	  0.00894847
     -0.3445	    185.9817	 4.8022	 4.797730	 0.022149	  0.00824856	  0.00824845	  0.00000011	  0.00824845	  0.00000000	  0.00891844
     -0.3431	    186.1497	 4.8058	 4.801452	 0.022149	  0.00821717	  0.00821781	 -0.00000064	  0.00821781	  0.00000000	  0.00888852
     -0.3417	    186.3178	 4.8093	 4.805173	 0.022148	  0.00818590	  0.00818729	 -0.00000139	  0.00818729	  0.00000000	  0.00885870
     -0.3404	    186.4857	 4.8129	 4.808893	 0.022148	  0.00815474	  0.00815688	 -0.00000214	  0.00815688	  0.00000000	  0.00882899
     -0.3390	    186.6537	 4.8164	 4.812613	 0.022148	  0.00812371	  0.00812660	 -0.00000288	  0.00812660	  0.00000000	  0.00879938
     -0.3376	    186.8216	 4.8200	 4.816332	 0.022147	  0.00809280	  0.00809643	 -0.00000363	  0.00809643	  0.00000000	  0.00876988
     -0.3363	    186.9895	 4.8235	 4.820050	 0.022146	  0.00806201	  0.00806638	 -0.00000437	  0.00806638	  0.00000000	  0.00874048
     -0.3349	    187.1573	 4.8271	 4.823767	 0.022146	  0.00803135	  0.00803646	 -0.00000511	  0.00803646	  0.00000000	  0.00871119
     -0.3336	    187.3251	 4.8306	 4.827483	 0.022145	  0.00800080	  0.00800665	 -0.00000585	  0.00800665	  0.00000000	  0.00868200
     -0.3322	    187.4929	 4.8342	 4.831199	 0.022144	  0.00797037	  0.00797695	 -0.00000658	  0.00797695	  0.00000000	  0.00865292
     -0.3309	    187.6607	 4.8377	 4.834913	 0.022143	  0.00794006	  0.00794738	 -0.00000731	  0.00794738	  0.00000000	  0.00862394
     -0.3296	    187.8284	 4.8413	 4.838627	 0.022141	  0.00790987	  0.00791792	 -0.00000804	  0.00791792	  0.00000000	  0.00859506
     -0.3283	    187.9961	 4.8448	 4.842339	 0.022140	  0.00787981	  0.00788858	 -0.00000877	  0.00788858	  0.00000000	  0.00856628
     -0.3269	    188.1637	 4.8483	 4.846051	 0.022138	  0.00784986	  0.00785935	 -0.00000949	  0.00785935	  0.00000000	  0.00853761
     -0.3256	    188.3313	 4.8519	 4.849762	 0.022137	  0.00782003	  0.00783024	 -0.00001021	  0.00783024	  0.00000000	  0.00850903
     -0.3243	    188.4989	 4.8554	 4.853471	 0.022135	  0.00779032	  0.00780125	 -0.00001093	  0.00780125	  0.00000000	  0.00848056
     -0.3230	    188.6665	 4.8590	 4.857180	 0.022133	  0.00776073	  0.00777237	 -0.00001165	  0.00777237	  0.00000000	  0.00845219
     -0.3217	    188.8340	 4.8626	 4.860887	 0.022131	  0.00773126	  0.00774361	 -0.00001236	  0.00774361	  0.00000000	  0.00842392
     -0.3204	    189.0015	 4.8661	 4.864593	 0.022129	  0.00770190	  0.00771496	 -0.00001306	  0.00771496	  0.00000000	  0.00839575
     -0.3191	    189.1689	 4.8697	 4.868299	 0.022127	  0.00767267	  0.00768643	 -0.00001376	  0.00768643	  0.00000000	  0.00836768
     -0.3179	    189.3363	 4.8732	 4.872003	 0.022124	  0.00764355	  0.00765801	 -0.00001446	  0.00765801	  0.00000000	  0.00833971
     -0.3166	    189.5037	 4.8768	 4.875706	 0.022122	  0.00761455	  0.00762971	 -0.00001516	  0.00762971	  0.00000000	  0.00831184
     -0.3153	    189.6710	 4.8803	 4.879407	 0.022119	  0.00758567	  0.00760152	 -0.00001585	  0.00760152	  0.00000000	  0.00828407
     -0.3140	    189.8383	 4.8839	 4.883108	 0.022116	  0.00755691	  0.00757344	 -0.00001653	  0.00757344	  0.00000000	  0.00825640
     -0.3128	    190.0056	 4.8874	 4.886807	 0.022114	  0.00752826	  0.00754548	 -0.00001721	  0.00754548	  0.00000000	  0.00822882
     -0.3115	    190.1729	 4.8910	 4.890505	 0.022111	  0.00749973	  0.00751763	 -0.00001789	  0.00751763	  0.00000000	  0.00820135
     -0.3103	    190.3401	 4.8945	 4.894202	 0.022108	  0.00747132	  0.00748989	 -0.00001856	  0.00748989	  0.00000000	  0.00817397
     -0.3090	    190.5072	 4.8981	 4.897897	 0.022105	  0.00744303	  0.00746226	 -0.00001923	  0.00746226	  0.00000000	  0.00814668
     -0.3078	    190.6744	 4.9016	 4.901591	 0.022101	  0.00741485	  0.00743474	 -0.00001989	  0.00743474	  0.00000000	  0.00811950
     -0.3065	    190.8414	 4.9052	 4.905284	 0.022098	  0.00738679	  0.00740734	 -0.00002055	  0.00740734	  0.00000000	  0.00809241
     -0.3053	    191.0085	 4.9088	 4.908975	 0.022094	  0.00735885	  0.00738005	 -0.00002120	  0.00738005	  0.00000000	  0.00806542
     -0.3041	    191.1755	 4.9123	 4.912665	 0.022091	  0.00733102	  0.00735287	 -0.00002185	  0.00735287	  0.00000000	  0.00803852
     -0.3029	    191.3425	 4.9159	 4.916354	 0.022087	  0.00730331	  0.00732580	 -0.00002249	  0.00732580	  0.00000000	  0.00801172
     -0.3017	    191.5095	 4.9194	 4.920041	 0.022083	  0.00727571	  0.00729883	 -0.00002313	  0.00729883	  0.00000000	  0.00798501
     -0.3004	    191.6764	 4.9230	 4.923726	 0.022079	  0.00724823	  0.00727198	 -0.00002376	  0.00727198	  0.00000000	  0.00795840
     -0.2992	    191.8432	 4.9266	 4.927410	 0.022075	  0.00722086	  0.00724524	 -0.00002438	  0.00724524	  0.00000000	  0.00793188
     -0.2980	    192.0101	 4.9301	 4.931093	 0.022071	  0.00719361	  0.00721861	 -0.00002500	  0.00721861	  0.00000000	  0.00790546
     -0.2968	    192.1769	 4.9337	 4.934774	 0.022067	  0.00716647	  0.00719209	 -0.00002561	  0.00719209	  0.00000000	  0.00787913
     -0.2956	    192.3436	 4.9373	 4.938453	 0.022063	  0.00713945	  0.00716567	 -0.00002622	  0.00716567	  0.00000000	  0.00785290
     -0.2945	    192.5103	 4.9408	 4.942131	 0.022058	  0.00711255	  0.00713937	 -0.00002682	  0.00713937	  0.00000000	  0.00782676
     -0.2933	    192.6770	 4.9444	 4.945808	 0.022054	  0.00708575	  0.00711317	 -0.00002741	  0.00711317	  0.00000000	  0.00780071
     -0.2921	    192.8437	 4.9480	 4.949482	 0.022049	  0.00705907	  0.00708708	 -0.00002800	  0.00708708	  0.00000000	  0.00777475
     -0.2909	    193.0103	 4.9515	 4.953155	 0.022044	  0.00703251	  0.00706109	 -0.00002858	  0.00706109	  0.00000000	  0.00774889
     -0.2897	    193.1768	 4.9551	 4.956827	 0.022040	  0.00700606	  0.00703522	 -0.00002916	  0.00703522	  0.00000000	  0.00772312
     -0.2886	    193.3434	 4.9587	 4.960496	 0.022035	  0.00697972	  0.00700945	 -0.00002973	  0.00700945	  0.00000000	  0.00769744
     -0.2874	    193.5098	 4.9622	 4.964164	 0.022030	  0.00695349	  0.00698378	 -0.00003029	  0.00698378	  0.00000000	  0.00767186
     -0.2863	    193.6763	 4.9658	 4.967831	 0.022025	  0.00692738	  0.00695823	 -0.00003085	  0.00695823	  0.00000000	  0.00764636
     -0.2851	    193.8427	 4.9694	 4.971495	 0.022019	  0.00690138	  0.00693277	 -0.00003139	  0.00693277	  0.00000000	  0.00762096
     -0.2840	    194.0090	 4.9730	 4.975158	 0.022014	  0.00687549	  0.00690743	 -0.00003194	  0.00690743	  0.00000000	  0.00759564
     -0.2828	    194.1754	 4.9765	 4.978819	 0.022009	  0.00684972	  0.00688219	 -0.00003247	  0.00688219	  0.00000000	  0.00757042
     -0.2817	    194.3416	 4.9801	 4.982478	 0.022003	  0.00682405	  0.00685705	 -0.00003300	  0.00685705	  0.00000000	  0.00754528
     -0.2806	    194.5079	 4.9837	 4.986135	 0.021998	  0.00679850	  0.00683202	 -0.00003352	  0.00683202	  0.00000000	  0.00752024
     -0.2794	    194.6741	 4.9873	 4.989790	 0.021992	  0.00677306	  0.00680709	 -0.00003403	  0.00680709	  0.00000000	  0.00749529
     -0.2783	    194.8402	 4.9909	 4.993444	 0.021987	  0.00674773	  0.00678227	 -0.00003454	  0.00678227	  0.00000000	  0.00747042
     -0.2772	    195.0063	 4.9944	 4.997095	 0.021981	  0.00672251	  0.00675755	 -0.00003504	  0.00675755	  0.00000000	  0.00744564
     -0.2761	    195.1724	 4.9980	 5.000745	 0.021975	  0.00669740	  0.00673293	 -0.00003553	  0.00673293	  0.00000000	  0.00742096
     -0.2750	    195.3384	 5.0016	 5.004393	 0.021969	  0.00667240	  0.00670841	 -0.00003601	  0.00670841	  0.00000000	  0.00739636
     -0.2739	    195.5043	 5.0052	 5.008038	 0.021963	  0.00664751	  0.00668400	 -0.00003649	  0.00668400	  0.00000000	  0.00737185
     -0.2728	    195.6703	 5.0088	 5.011682	 0.021957	  0.00662273	  0.00665969	 -0.00003696	  0.00665969	  0.00000000	  0.00734742
     -0.2717	    195.8362	 5.0124	 5.015324	 0.021951	  0.00659806	  0.00663548	 -0.00003742	  0.00663548	  0.00000000	  0.00732309
     -0.2706	    196.0020	 5.0160	 5.018963	 0.021944	  0.00657350	  0.00661138	 -0.00003787	  0.00661138	  0.00000000	  0.00729884
     -0.2695	    196.1678	 5.0196	 5.022601	 0.021938	  0.00654905	  0.00658737	 -0.00003832	  0.00658737	  0.00000000	  0.00727468
     -0.2684	    196.3335	 5.0231	 5.026237	 0.021932	  0.00652471	  0.00656347	 -0.00003876	  0.00656347	  0.00000000	  0.00725061
     -0.2673	    196.4992	 5.0267	 5.029870	 0.021925	  0.00650047	  0.00653966	 -0.00003919	  0.00653966	  0.00000000	  0.00722662
     -0.2662	    196.6648	 5.0303	 5.033501	 0.021919	  0.00647635	  0.00651596	 -0.00003961	  0.00651596	  0.00000000	  0.00720272
     -0.2652	    196.8304	 5.0339	 5.037130	 0.021912	  0.00645233	  0.00649235	 -0.00004002	  0.00649235	  0.00000000	  0.00717890
     -0.2641	    196.9960	 5.0375	 5.040757	 0.021906	  0.00642842	  0.00646885	 -0.00004043	  0.00646885	  0.00000000	  0.00715517
     -0.2630	    197.1615	 5.0411	 5.044382	 0.021899	  0.00640461	  0.00644544	 -0.00004083	  0.00644544	  0.00000000	  0.00713153
     -0.2620	    197.3269	 5.0447	 5.048005	 0.021892	  0.00638092	  0.00642213	 -0.00004122	  0.00642213	  0.00000000	  0.00710797
     -0.2609	    197.4923	 5.0483	 5.051625	 0.021885	  0.00635733	  0.00639893	 -0.00004160	  0.00639893	  0.00000000	  0.00708449
     -0.2599	    197.6577	 5.0520	 5.055243	 0.021878	  0.00633384	  0.00637582	 -0.00004197	  0.00637582	  0.00000000	  0.00706110
     -0.2588	    197.8230	 5.0556	 5.058859	 0.021871	  0.00631046	  0.00635280	 -0.00004234	  0.00635280	  0.00000000	  0.00703780
     -0.2578	    197.9882	 5.0592	 5.062473	 0.021864	  0.00628719	  0.00632989	 -0.00004270	  0.00632989	  0.00000000	  0.00701458
     -0.2568	    198.1534	 5.0628	 5.066084	 0.021857	  0.00626403	  0.00630707	 -0.00004305	  0.00630707	  0.00000000	  0.00699144
     -0.2557	    198.3186	 5.0664	 5.069693	 0.021850	  0.00624096	  0.00628435	 -0.00004339	  0.00628435	  0.00000000	  0.00696839
     -0.2547	    198.4837	 5.0700	 5.073299	 0.021843	  0.00621801	  0.00626173	 -0.00004372	  0.00626173	  0.00000000	  0.00694542
     -0.2537	    198.6487	 5.0736	 5.076904	 0.021836	  0.00619516	  0.00623920	 -0.00004404	  0.00623920	  0.00000000	  0.00692253
     -0.2527	    198.8137	 5.0772	 5.080505	 0.021828	  0.00617241	  0.00621677	 -0.00004436	  0.00621677	  0.00000000	  0.00689973
     -0.2516	    198.9786	 5.0809	 5.084105	 0.021821	  0.00614976	  0.00619443	 -0.00004466	  0.00619443	  0.00000000	  0.00687701
     -0.2506	    199.1435	 5.0845	 5.087702	 0.021814	  0.00612723	  0.00617219	 -0.00004496	  0.00617219	  0.00000000	  0.00685437
     -0.2496	    199.3083	 5.0881	 5.091297	 0.021806	  0.00610479	  0.00615004	 -0.00004525	  0.00615004	  0.00000000	  0.00683181
     -0.2486	    199.4730	 5.0917	 5.094889	 0.021799	  0.00608246	  0.00612799	 -0.00004553	  0.00612799	  0.00000000	  0.00680933
     -0.2476	    199.6377	 5.0954	 5.098478	 0.021791	  0.00606023	  0.00610603	 -0.00004580	  0.00610603	  0.00000000	  0.00678694
     -0.2466	    199.8024	 5.0990	 5.102066	 0.021784	  0.00603810	  0.00608417	 -0.00004607	  0.00608417	  0.00000000	  0.00676463
     -0.2456	    199.9670	 5.1026	 5.105650	 0.021776	  0.00601607	  0.00606240	 -0.00004632	  0.00606240	  0.00000000	  0.00674240
     -0.2446	    200.1315	 5.1062	 5.109232	 0.021768	  0.00599415	  0.00604072	 -0.00004657	  0.00604072	  0.00000000	  0.00672025
     -0.2437	    200.2960	 5.1099	 5.112812	 0.021761	  0.00597233	  0.00601913	 -0.00004681	  0.00601913	  0.00000000	  0.00669818
     -0.2427	    200.4604	 5.1135	 5.116389	 0.021753	  0.00595061	  0.00599764	 -0.00004704	  0.00599764	  0.00000000	  0.00667619
     -0.2417	    200.6247	 5.1172	 5.119963	 0.021745	  0.00592899	  0.00597624	 -0.00004726	  0.00597624	  0.00000000	  0.00665428
     -0.2407	    200.7890	 5.1208	 5.123535	 0.021737	  0.00590747	  0.00595493	 -0.00004747	  0.00595493	  0.00000000	  0.00663245
     -0.2398	    200.9533	 5.1244	 5.127105	 0.021730	  0.00588605	  0.00593372	 -0.00004767	  0.00593372	  0.00000000	  0.00661070
     -0.2388	    201.1174	 5.1281	 5.130671	 0.021722	  0.00586473	  0.00591259	 -0.00004786	  0.00591259	  0.00000000	  0.00658903
     -0.2378	    201.2815	 5.1317	 5.134235	 0.021714	  0.00584351	  0.00589156	 -0.00004805	  0.00589156	  0.00000000	  0.00656744
     -0.2369	    201.4456	 5.1354	 5.137796	 0.021706	  0.00582239	  0.00587061	 -0.00004822	  0.00587061	  0.00000000	  0.00654593
     -0.2359	    201.6095	 5.1390	 5.141355	 0.021698	  0.00580137	  0.00584976	 -0.00004839	  0.00584976	  0.00000000	  0.00652450
     -0.2350	    201.7735	 5.1427	 5.144911	 0.021690	  0.00578044	  0.00582899	 -0.00004855	  0.00582899	  0.00000000	  0.00650315
     -0.2340	    201.9373	 5.1463	 5.148464	 0.021682	  0.00575962	  0.00580832	 -0.00004870	  0.00580832	  0.00000000	  0.00648187
     -0.2331	    202.1011	 5.1500	 5.152015	 0.021674	  0.00573890	  0.00578773	 -0.00004884	  0.00578773	  0.00000000	  0.00646067
     -0.2322	    202.2648	 5.1536	 5.155562	 0.021666	  0.00571827	  0.00576724	 -0.00004897	  0.00576724	  0.00000000	  0.00643955
     -0.2312	    202.4284	 5.1573	 5.159107	 0.021658	  0.00569774	  0.00574683	 -0.00004909	  0.00574683	  0.00000000	  0.00641851
     -0.2303	    202.5920	 5.1610	 5.162649	 0.021650	  0.00567730	  0.00572651	 -0.00004920	  0.00572651	  0.00000000	  0.00639755
     -0.2294	    202.7555	 5.1646	 5.166189	 0.021642	  0.00565697	  0.00570627	 -0.00004931	  0.00570627	  0.00000000	  0.00637666
     -0.2284	    202.9190	 5.1683	 5.169725	 0.021634	  0.00563673	  0.00568613	 -0.00004940	  0.00568613	  0.00000000	  0.00635585
     -0.2275	    203.0823	 5.1719	 5.173259	 0.021626	  0.00561658	  0.00566607	 -0.00004949	  0.00566607	  0.00000000	  0.00633512
     -0.2266	    203.2457	 5.1756	 5.176790	 0.021618	  0.00559653	  0.00564610	 -0.00004957	  0.00564610	  0.00000000	  0.00631446
     -0.2257	    203.4089	 5.1793	 5.180318	 0.021610	  0.00557658	  0.00562622	 -0.00004964	  0.00562622	  0.00000000	  0.00629388
     -0.2248	    203.5720	 5.1830	 5.183843	 0.021602	  0.00555672	  0.00560642	 -0.00004970	  0.00560642	  0.00000000	  0.00627337
     -0.2239	    203.7351	 5.1866	 5.187366	 0.021593	  0.00553696	  0.00558670	 -0.00004975	  0.00558670	  0.00000000	  0.00625295
     -0.2230	    203.8981	 5.1903	 5.190885	 0.021585	  0.00551729	  0.00556708	 -0.00004979	  0.00556708	  0.00000000	  0.00623259
     -0.2221	    204.0611	 5.1940	 5.194402	 0.021577	  0.00549771	  0.00554754	 -0.00004982	  0.00554754	  0.00000000	  0.00621231
     -0.2212	    204.2240	 5.1977	 5.197915	 0.021569	  0.00547823	  0.00552808	 -0.00004985	  0.00552808	  0.00000000	  0.00619211
     -0.2203	    204.3867	 5.2013	 5.201426	 0.021561	  0.00545884	  0.00550870	 -0.00004986	  0.00550870	  0.00000000	  0.00617198
     -0.2194	    204.5495	 5.2050	 5.204933	 0.021553	  0.00543955	  0.00548942	 -0.00004987	  0.00548942	  0.00000000	  0.00615193
     -0.2185	    204.7121	 5.2087	 5.208438	 0.021545	  0.00542035	  0.00547021	 -0.00004986	  0.00547021	  0.00000000	  0.00613195
     -0.2176	    204.8747	 5.2124	 5.211940	 0.021537	  0.00540124	  0.00545109	 -0.00004985	  0.00545109	  0.00000000	  0.00611205
     -0.2168	    205.0372	 5.2161	 5.215439	 0.021529	  0.00538222	  0.00543205	 -0.00004983	  0.00543205	  0.00000000	  0.00609222
     -0.2159	    205.1996	 5.2198	 5.218934	 0.021521	  0.00536330	  0.00541309	 -0.00004980	  0.00541309	  0.00000000	  0.00607246
     -0.2150	    205.3619	 5.2235	 5.222427	 0.021512	  0.00534446	  0.00539422	 -0.00004976	  0.00539422	  0.00000000	  0.00605278
     -0.2142	    205.5241	 5.2272	 5.225917	 0.021504	  0.00532572	  0.00537543	 -0.00004971	  0.00537543	  0.00000000	  0.00603317
     -0.2133	    205.6863	 5.2309	 5.229403	 0.021496	  0.00530707	  0.00535672	 -0.00004965	  0.00535672	  0.00000000	  0.00601363
     -0.2124	    205.8484	 5.2346	 5.232887	 0.021488	  0.00528850	  0.00533809	 -0.00004959	  0.00533809	  0.00000000	  0.00599417
     -0.2116	    206.0104	 5.2383	 5.236368	 0.021480	  0.00527003	  0.00531954	 -0.00004951	  0.00531954	  0.00000000	  0.00597478
     -0.2107	    206.1723	 5.2420	 5.239845	 0.021472	  0.00525165	  0.00530108	 -0.00004943	  0.00530108	  0.00000000	  0.00595546
     -0.2099	    206.3342	 5.2457	 5.243319	 0.021464	  0.00523336	  0.00528269	 -0.00004934	  0.00528269	  0.00000000	  0.00593622
     -0.2090	    206.4959	 5.2494	 5.246791	 0.021456	  0.00521515	  0.00526439	 -0.00004923	  0.00526439	  0.00000000	  0.00591704
     -0.2082	    206.6576	 5.2531	 5.250259	 0.021448	  0.00519704	  0.00524616	 -0.00004912	  0.00524616	  0.00000000	  0.00589794
     -0.2074	    206.8192	 5.2568	 5.253724	 0.021440	  0.00517901	  0.00522801	 -0.00004900	  0.00522801	  0.00000000	  0.00587891
     -0.2065	    206.9807	 5.2605	 5.257186	 0.021432	  0.00516107	  0.00520995	 -0.00004888	  0.00520995	  0.00000000	  0.00585996
     -0.2057	    207.1421	 5.2642	 5.260645	 0.021425	  0.00514322	  0.00519196	 -0.00004874	  0.00519196	  0.00000000	  0.00584107
     -0.2049	    207.3034	 5.2680	 5.264100	 0.021417	  0.00512545	  0.00517405	 -0.00004859	  0.00517405	  0.00000000	  0.00582225
     -0.2040	    207.4646	 5.2717	 5.267553	 0.021409	  0.00510778	  0.00515621	 -0.00004844	  0.00515621	  0.00000000	  0.00580351
     -0.2032	    207.6258	 5.2754	 5.271002	 0.021401	  0.00509019	  0.00513846	 -0.00004827	  0.00513846	  0.00000000	  0.00578484
     -0.2024	    207.7868	 5.2791	 5.274448	 0.021393	  0.00507268	  0.00512078	 -0.00004810	  0.00512078	  0.00000000	  0.00576623
     -0.2016	    207.9478	 5.2829	 5.277891	 0.021386	  0.00505526	  0.00510318	 -0.00004792	  0.00510318	  0.00000000	  0.00574770
     -0.2008	    208.1086	 5.2866	 5.281330	 0.021378	  0.00503793	  0.00508566	 -0.00004773	  0.00508566	  0.00000000	  0.00572924
     -0.2000	    208.2694	 5.2903	 5.284767	 0.021370	  0.00502068	  0.00506821	 -0.00004753	  0.00506821	  0.00000000	  0.00571085
     -0.1992	    208.4301	 5.2940	 5.288200	 0.021363	  0.00500352	  0.00505084	 -0.00004732	  0.00505084	  0.00000000	  0.00569252
     -0.1984	    208.5907	 5.2978	 5.291630	 0.021355	  0.00498644	  0.00503355	 -0.00004711	  0.00503355	  0.00000000	  0.00567427
     -0.1976	    208.7512	 5.3015	 5.295057	 0.021348	  0.00496945	  0.00501633	 -0.00004688	  0.00501633	  0.00000000	  0.00565608
     -0.1968	    208.9116	 5.3053	 5.298480	 0.021340	  0.00495254	  0.00499919	 -0.00004665	  0.00499919	  0.00000000	  0.00563797
     -0.1960	    209.0719	 5.3090	 5.301901	 0.021333	  0.00493571	  0.00498212	 -0.00004640	  0.00498212	  0.00000000	  0.00561992
     -0.1952	    209.2321	 5.3127	 5.305317	 0.021325	  0.00491897	  0.00496512	 -0.00004615	  0.00496512	  0.00000000	  0.00560194
     -0.1944	    209.3922	 5.3165	 5.308731	 0.021318	  0.00490231	  0.00494820	 -0.00004589	  0.00494820	  0.00000000	  0.00558403
     -0.1936	    209.5522	 5.3202	 5.312142	 0.021310	  0.00488573	  0.00493135	 -0.00004562	  0.00493135	  0.00000000	  0.00556619
     -0.1928	    209.7121	 5.3240	 5.315549	 0.021303	  0.00486923	  0.00491458	 -0.00004535	  0.00491458	  0.00000000	  0.00554842
     -0.1921	    209.8719	 5.3277	 5.318953	 0.021296	  0.00485282	  0.00489788	 -0.00004506	  0.00489788	  0.00000000	  0.00553072
     -0.1913	    210.0316	 5.3315	 5.322353	 0.021289	  0.00483649	  0.00488125	 -0.00004477	  0.00488125	  0.00000000	  0.00551308
     -0.1905	    210.1912	 5.3352	 5.325750	 0.021282	  0.00482024	  0.00486470	 -0.00004446	  0.00486470	  0.00000000	  0.00549551
     -0.1897	    210.3507	 5.3390	 5.329144	 0.021275	  0.00480406	  0.00484822	 -0.00004415	  0.00484822	  0.00000000	  0.00547800
     -0.1890	    210.5101	 5.3427	 5.332535	 0.021268	  0.00478797	  0.00483181	 -0.00004383	  0.00483181	  0.00000000	  0.00546057
     -0.1882	    210.6694	 5.3465	 5.335922	 0.021261	  0.00477196	  0.00481547	 -0.00004350	  0.00481547	  0.00000000	  0.00544320
     -0.1875	    210.8286	 5.3503	 5.339306	 0.021254	  0.00475603	  0.00479920	 -0.00004317	  0.00479920	  0.00000000	  0.00542590
     -0.1867	    210.9877	 5.3540	 5.342686	 0.021247	  0.00474018	  0.00478300	 -0.00004282	  0.00478300	  0.00000000	  0.00540866
     -0.1860	    211.1466	 5.3578	 5.346063	 0.021240	  0.00472441	  0.00476688	 -0.00004247	  0.00476688	  0.00000000	  0.00539149
     -0.1852	    211.3055	 5.3616	 5.349437	 0.021233	  0.00470872	  0.00475082	 -0.00004211	  0.00475082	  0.00000000	  0.00537439
     -0.1845	    211.4643	 5.3653	 5.352808	 0.021227	  0.00469310	  0.00473484	 -0.00004174	  0.00473484	  0.00000000	  0.00535735
     -0.1837	    211.6229	 5.3691	 5.356175	 0.021220	  0.00467757	  0.00471892	 -0.00004136	  0.00471892	  0.00000000	  0.00534038
     -0.1830	    211.7815	 5.3729	 5.359538	 0.021214	  0.00466211	  0.00470308	 -0.00004097	  0.00470308	  0.00000000	  0.00532347
     -0.1822	    211.9399	 5.3766	 5.362899	 0.021207	  0.00464673	  0.00468730	 -0.00004057	  0.00468730	  0.00000000	  0.00530663
     -0.1815	    212.0982	 5.3804	 5.366256	 0.021201	  0.00463142	  0.00467159	 -0.00004017	  0.00467159	  0.00000000	  0.00528986
     -0.1808	    212.2564	 5.3842	 5.369609	 0.021194	  0.00461619	  0.00465595	 -0.00003976	  0.00465595	  0.00000000	  0.00527315
     -0.1800	    212.4145	 5.3880	 5.372959	 0.021188	  0.00460104	  0.00464038	 -0.00003934	  0.00464038	  0.00000000	  0.00525650
     -0.1793	    212.5725	 5.3917	 5.376306	 0.021182	  0.00458597	  0.00462487	 -0.00003891	  0.00462487	  0.00000000	  0.00523992
     -0.1786	    212.7303	 5.3955	 5.379649	 0.021176	  0.00457097	  0.00460944	 -0.00003847	  0.00460944	  0.00000000	  0.00522340
     -0.1779	    212.8881	 5.3993	 5.382989	 0.021170	  0.00455604	  0.00459407	 -0.00003803	  0.00459407	  0.00000000	  0.00520695
     -0.1772	    213.0457	 5.4031	 5.386326	 0.021164	  0.00454119	  0.00457877	 -0.00003757	  0.00457877	  0.00000000	  0.00519056
     -0.1764	    213.2032	 5.4069	 5.389659	 0.021158	  0.00452642	  0.00456353	 -0.00003711	  0.00456353	  0.00000000	  0.00517423
     -0.1757	    213.3606	 5.4107	 5.392988	 0.021152	  0.00451172	  0.00454836	 -0.00003664	  0.00454836	  0.00000000	  0.00515797
     -0.1750	    213.5179	 5.4145	 5.396315	 0.021147	  0.00449709	  0.00453326	 -0.00003616	  0.00453326	  0.00000000	  0.00514177
     -0.1743	    213.6750	 5.4183	 5.399637	 0.021141	  0.00448254	  0.00451822	 -0.00003568	  0.00451822	  0.00000000	  0.00512564
     -0.1736	    213.8320	 5.4220	 5.402957	 0.021135	  0.00446806	  0.00450325	 -0.00003518	  0.00450325	  0.00000000	  0.00510957
     -0.1729	    213.9890	 5.4258	 5.406273	 0.021130	  0.00445366	  0.00448834	 -0.00003468	  0.00448834	  0.00000000	  0.00509356
     -0.1722	    214.1457	 5.4296	 5.409585	 0.021124	  0.00443932	  0.00447350	 -0.00003417	  0.00447350	  0.00000000	  0.00507761
     -0.1715	    214.3024	 5.4334	 5.412894	 0.021119	  0.00442506	  0.00445872	 -0.00003366	  0.00445872	  0.00000000	  0.00506172
     -0.1708	    214.4589	 5.4372	 5.416200	 0.021114	  0.00441087	  0.00444400	 -0.00003313	  0.00444400	  0.00000000	  0.00504590
     -0.1701	    214.6154	 5.4410	 5.419502	 0.021109	  0.00439676	  0.00442935	 -0.00003260	  0.00442935	  0.00000000	  0.00503014
     -0.1695	    214.7716	 5.4448	 5.422800	 0.021104	  0.00438271	  0.00441477	 -0.00003205	  0.00441477	  0.00000000	  0.00501444
     -0.1688	    214.9278	 5.4486	 5.426095	 0.021099	  0.00436874	  0.00440024	 -0.00003151	  0.00440024	  0.00000000	  0.00499881
     -0.1681	    215.0838	 5.4525	 5.429387	 0.021094	  0.00435483	  0.00438578	 -0.00003095	  0.00438578	  0.00000000	  0.00498323
     -0.1674	    215.2397	 5.4563	 5.432675	 0.021089	  0.00434100	  0.00437138	 -0.00003038	  0.00437138	  0.00000000	  0.00496772
     -0.1667	    215.3955	 5.4601	 5.435960	 0.021084	  0.00432724	  0.00435705	 -0.00002981	  0.00435705	  0.00000000	  0.00495226
     -0.1661	    215.5512	 5.4639	 5.439242	 0.021080	  0.00431354	  0.00434278	 -0.00002923	  0.00434278	  0.00000000	  0.00493687
     -0.1654	    215.7067	 5.4677	 5.442519	 0.021075	  0.00429992	  0.00432856	 -0.00002864	  0.00432856	  0.00000000	  0.00492154
     -0.1647	    215.8621	 5.4715	 5.445794	 0.021071	  0.00428637	  0.00431441	 -0.00002805	  0.00431441	  0.00000000	  0.00490627
     -0.1641	    216.0173	 5.4753	 5.449065	 0.021067	  0.00427288	  0.00430032	 -0.00002744	  0.00430032	  0.00000000	  0.00489106
     -0.1634	    216.1724	 5.4791	 5.452332	 0.021062	  0.00425946	  0.00428630	 -0.00002683	  0.00428630	  0.00000000	  0.00487591
     -0.1627	    216.3274	 5.4830	 5.455596	 0.021058	  0.00424611	  0.00427233	 -0.00002621	  0.00427233	  0.00000000	  0.00486082
     -0.1621	    216.4823	 5.4868	 5.458857	 0.021054	  0.00423283	  0.00425842	 -0.00002559	  0.00425842	  0.00000000	  0.00484579
     -0.1614	    216.6370	 5.4906	 5.462114	 0.021050	  0.00421962	  0.00424457	 -0.00002495	  0.00424457	  0.00000000	  0.00483082
     -0.1608	    216.7915	 5.4944	 5.465367	 0.021047	  0.00420647	  0.00423079	 -0.00002431	  0.00423079	  0.00000000	  0.00481591
     -0.1601	    216.9460	 5.4982	 5.468617	 0.021043	  0.00419339	  0.00421706	 -0.00002366	  0.00421706	  0.00000000	  0.00480105
     -0.1595	    217.1003	 5.5021	 5.471864	 0.021039	  0.00418038	  0.00420339	 -0.00002301	  0.00420339	  0.00000000	  0.00478626
     -0.1588	    217.2544	 5.5059	 5.475107	 0.021036	  0.00416744	  0.00418978	 -0.00002234	  0.00418978	  0.00000000	  0.00477153
     -0.1582	    217.4085	 5.5097	 5.478347	 0.021032	  0.00415456	  0.00417623	 -0.00002167	  0.00417623	  0.00000000	  0.00475685
     -0.1576	    217.5623	 5.5135	 5.481583	 0.021029	  0.00414174	  0.00416274	 -0.00002099	  0.00416274	  0.00000000	  0.00474224
     -0.1569	    217.7161	 5.5174	 5.484816	 0.021026	  0.00412899	  0.00414930	 -0.00002031	  0.00414930	  0.00000000	  0.00472768
     -0.1563	    217.8697	 5.5212	 5.488045	 0.021023	  0.00411631	  0.00413592	 -0.00001962	  0.00413592	  0.00000000	  0.00471318
     -0.1557	    218.0231	 5.5250	 5.491270	 0.021020	  0.00410369	  0.00412260	 -0.00001892	  0.00412260	  0.00000000	  0.00469873
     -0.1550	    218.1764	 5.5289	 5.494493	 0.021017	  0.00409113	  0.00410934	 -0.00001821	  0.00410934	  0.00000000	  0.00468435
     -0.1544	    218.3296	 5.5327	 5.497711	 0.021014	  0.00407864	  0.00409613	 -0.00001749	  0.00409613	  0.00000000	  0.00467002
     -0.1538	    218.4826	 5.5365	 5.500927	 0.021012	  0.00406621	  0.00408299	 -0.00001677	  0.00408299	  0.00000000	  0.00465575
     -0.1532	    218.6355	 5.5404	 5.504139	 0.021009	  0.00405385	  0.00406989	 -0.00001604	  0.00406989	  0.00000000	  0.00464154
     -0.1526	    218.7882	 5.5442	 5.507347	 0.021007	  0.00404155	  0.00405686	 -0.00001531	  0.00405686	  0.00000000	  0.00462738
     -0.1519	    218.9408	 5.5480	 5.510552	 0.021005	  0.00402931	  0.00404388	 -0.00001456	  0.00404388	  0.00000000	  0.00461328
     -0.1513	    219.0932	 5.5519	 5.513753	 0.021002	  0.00401714	  0.00403095	 -0.00001381	  0.00403095	  0.00000000	  0.00459924
     -0.1507	    219.2455	 5.5557	 5.516951	 0.021000	  0.00400503	  0.00401808	 -0.00001305	  0.00401808	  0.00000000	  0.00458526
     -0.1501	    219.3976	 5.5596	 5.520146	 0.020998	  0.00399298	  0.00400526	 -0.00001229	  0.00400526	  0.00000000	  0.00457133
     -0.1495	    219.5495	 5.5634	 5.523337	 0.020997	  0.00398099	  0.00399250	 -0.00001152	  0.00399250	  0.00000000	  0.00455746
     -0.1489	    219.7014	 5.5672	 5.526524	 0.020995	  0.00396906	  0.00397980	 -0.00001074	  0.00397980	  0.00000000	  0.00454364
     -0.1483	    219.8530	 5.5711	 5.529708	 0.020993	  0.00395719	  0.00396715	 -0.00000995	  0.00396715	  0.00000000	  0.00452988
     -0.1477	    220.0045	 5.5749	 5.532889	 0.020992	  0.00394539	  0.00395455	 -0.00000916	  0.00395455	  0.00000000	  0.00451617
     -0.1471	    220.1559	 5.5788	 5.536066	 0.020991	  0.00393364	  0.00394201	 -0.00000836	  0.00394201	  0.00000000	  0.00450252
     -0.1465	    220.3071	 5.5826	 5.539239	 0.020989	  0.00392196	  0.00392951	 -0.00000756	  0.00392951	  0.00000000	  0.00448893
     -0.1459	    220.4581	 5.5865	 5.542410	 0.020988	  0.00391033	  0.00391708	 -0.00000674	  0.00391708	  0.00000000	  0.00447539
     -0.1453	    220.6090	 5.5903	 5.545576	 0.020987	  0.00389877	  0.00390469	 -0.00000592	  0.00390469	  0.00000000	  0.00446190
     -0.1447	    220.7597	 5.5942	 5.548740	 0.020986	  0.00388726	  0.00389236	 -0.00000510	  0.00389236	  0.00000000	  0.00444847
     -0.1442	    220.9103	 5.5980	 5.551899	 0.020986	  0.00387582	  0.00388008	 -0.00000426	  0.00388008	  0.00000000	  0.00443510
     -0.1436	    221.0607	 5.6019	 5.555056	 0.020985	  0.00386443	  0.00386785	 -0.00000342	  0.00386785	  0.00000000	  0.00442177
     -0.1430	    221.2110	 5.6057	 5.558209	 0.020985	  0.00385310	  0.00385568	 -0.00000258	  0.00385568	  0.00000000	  0.00440851
     -0.1424	    221.3611	 5.6096	 5.561358	 0.020984	  0.00384183	  0.00384355	 -0.00000172	  0.00384355	  0.00000000	  0.00439529
     -0.1418	    221.5110	 5.6134	 5.564504	 0.020984	  0.00383062	  0.00383148	 -0.00000086	  0.00383148	  0.00000000	  0.00438213
     -0.1413	    221.6607	 5.6173	 5.567647	 0.020984	  0.00381946	  0.00381946	  0.00000000	  0.00381946	  0.00000000	  0.00436903
     -0.1407	    221.8103	 5.6211	 5.570786	 0.020984	  0.00380836	  0.00380749	  0.00000088	  0.00380749	  0.00000000	  0.00435598
     -0.1401	    221.9598	 5.6250	 5.573922	 0.020984	  0.00379732	  0.00379557	  0.00000176	  0.00379557	  0.00000000	  0.00434298
     -0.1396	    222.1090	 5.6288	 5.577054	 0.020985	  0.00378634	  0.00378370	  0.00000264	  0.00378370	  0.00000000	  0.00433003
     -0.1390	    222.2581	 5.6327	 5.580183	 0.020985	  0.00377541	  0.00377188	  0.00000353	  0.00377188	  0.00000000	  0.00431714
     -0.1384	    222.4071	 5.6365	 5.583308	 0.020986	  0.00376454	  0.00376011	  0.00000443	  0.00376011	  0.00000000	  0.00430430
     -0.1379	    222.5558	 5.6404	 5.586430	 0.020987	  0.00375372	  0.00374838	  0.00000534	  0.00374838	  0.00000000	  0.00429151
     -0.1373	    222.7044	 5.6442	 5.589549	 0.020987	  0.00374296	  0.00373671	  0.00000625	  0.00373671	  0.00000000	  0.00427878
     -0.1368	    222.8529	 5.6481	 5.592664	 0.020988	  0.00373226	  0.00372509	  0.00000717	  0.00372509	  0.00000000	  0.00426609
     -0.1362	    223.0011	 5.6519	 5.595776	 0.020990	  0.00372161	  0.00371352	  0.00000809	  0.00371352	  0.00000000	  0.00425346
     -0.1357	    223.1492	 5.6558	 5.598884	 0.020991	  0.00371101	  0.00370199	  0.00000902	  0.00370199	  0.00000000	  0.00424088
     -0.1351	    223.2971	 5.6596	 5.601989	 0.020992	  0.00370047	  0.00369052	  0.00000996	  0.00369052	  0.00000000	  0.00422836
     -0.1346	    223.4449	 5.6635	 5.605091	 0.020994	  0.00368999	  0.00367909	  0.00001090	  0.00367909	  0.00000000	  0.00421588
     -0.1340	    223.5924	 5.6674	 5.608189	 0.020995	  0.00367956	  0.00366771	  0.00001185	  0.00366771	  0.00000000	  0.00420346
     -0.1335	    223.7398	 5.6712	 5.611283	 0.020997	  0.00366918	  0.00365637	  0.00001280	  0.00365637	  0.00000000	  0.00419108
     -0.1329	    223.8870	 5.6751	 5.614375	 0.020999	  0.00365885	  0.00364509	  0.00001377	  0.00364509	  0.00000000	  0.00417876
     -0.1324	    224.0341	 5.6789	 5.617463	 0.021001	  0.00364858	  0.00363385	  0.00001473	  0.00363385	  0.00000000	  0.00416649
     -0.1319	    224.1809	 5.6828	 5.620547	 0.021004	  0.00363836	  0.00362266	  0.00001571	  0.00362266	  0.00000000	  0.00415427
     -0.1313	    224.3276	 5.6866	 5.623629	 0.021006	  0.00362820	  0.00361151	  0.00001669	  0.00361151	  0.00000000	  0.00414210
     -0.1308	    224.4741	 5.6905	 5.626706	 0.021008	  0.00361809	  0.00360041	  0.00001767	  0.00360041	  0.00000000	  0.00412998
     -0.1303	    224.6205	 5.6944	 5.629781	 0.021011	  0.00360802	  0.00358936	  0.00001866	  0.00358936	  0.00000000	  0.00411791
     -0.1298	    224.7666	 5.6982	 5.632852	 0.021014	  0.00359802	  0.00357836	  0.00001966	  0.00357836	  0.00000000	  0.00410589
     -0.1292	    224.9126	 5.7021	 5.635920	 0.021017	  0.00358806	  0.00356740	  0.00002066	  0.00356740	  0.00000000	  0.00409392
     -0.1287	    225.0584	 5.7059	 5.638984	 0.021020	  0.00357815	  0.00355648	  0.00002167	  0.00355648	  0.00000000	  0.00408200
     -0.1282	    225.2040	 5.7098	 5.642045	 0.021023	  0.00356830	  0.00354561	  0.00002269	  0.00354561	  0.00000000	  0.00407013
     -0.1277	    225.3494	 5.7136	 5.645102	 0.021026	  0.00355849	  0.00353479	  0.00002371	  0.00353479	  0.00000000	  0.00405831
     -0.1272	    225.4947	 5.7175	 5.648157	 0.021030	  0.00354874	  0.00352401	  0.00002473	  0.00352401	  0.00000000	  0.00404654
     -0.1266	    225.6398	 5.7214	 5.651208	 0.021034	  0.00353904	  0.00351327	  0.00002576	  0.00351327	  0.00000000	  0.00403481
     -0.1261	    225.7846	 5.7252	 5.654255	 0.021037	  0.00352938	  0.00350258	  0.00002680	  0.00350258	  0.00000000	  0.00402314
     -0.1256	    225.9293	 5.7291	 5.657299	 0.021041	  0.00351978	  0.00349193	  0.00002785	  0.00349193	  0.00000000	  0.00401151
     -0.1251	    226.0738	 5.7329	 5.660340	 0.021046	  0.00351023	  0.00348133	  0.00002889	  0.00348133	  0.00000000	  0.00399994
     -0.1246	    226.2182	 5.7368	 5.663378	 0.021050	  0.00350072	  0.00347077	  0.00002995	  0.00347077	  0.00000000	  0.00398841
     -0.1241	    226.3623	 5.7406	 5.666412	 0.021054	  0.00349127	  0.00346026	  0.00003101	  0.00346026	  0.00000000	  0.00397693
     -0.1236	    226.5062	 5.7445	 5.669443	 0.021059	  0.00348186	  0.00344979	  0.00003207	  0.00344979	  0.00000000	  0.00396550
     -0.1231	    226.6500	 5.7483	 5.672471	 0.021063	  0.00347250	  0.00343936	  0.00003315	  0.00343936	  0.00000000	  0.00395411
     -0.1226	    226.7935	 5.7522	 5.675495	 0.021068	  0.00346319	  0.00342897	  0.00003422	  0.00342897	  0.00000000	  0.00394277
     -0.1221	    226.9369	 5.7560	 5.678516	 0.021073	  0.00345393	  0.00341863	  0.00003530	  0.00341863	  0.00000000	  0.00393148
     -0.1216	    227.0801	 5.7599	 5.681534	 0.021078	  0.00344472	  0.00340833	  0.00003639	  0.00340833	  0.00000000	  0.00392024
     -0.1211	    227.2231	 5.7638	 5.684548	 0.021084	  0.00343555	  0.00339807	  0.00003748	  0.00339807	  0.00000000	  0.00390905
     -0.1206	    227.3659	 5.7676	 5.687559	 0.021089	  0.00342643	  0.00338785	  0.00003858	  0.00338785	  0.00000000	  0.00389790
     -0.1201	    227.5085	 5.7715	 5.690567	 0.021095	  0.00341736	  0.00337768	  0.00003968	  0.00337768	  0.00000000	  0.00388680
     -0.1197	    227.6509	 5.7753	 5.693572	 0.021100	  0.00340834	  0.00336754	  0.00004079	  0.00336754	  0.00000000	  0.00387574
     -0.1192	    227.7931	 5.7792	 5.696573	 0.021106	  0.00339936	  0.00335745	  0.00004191	  0.00335745	  0.00000000	  0.00386473
     -0.1187	    227.9352	 5.7830	 5.699571	 0.021112	  0.00339043	  0.00334740	  0.00004302	  0.00334740	  0.00000000	  0.00385377
     -0.1182	    228.0770	 5.7869	 5.702566	 0.021118	  0.00338154	  0.00333739	  0.00004415	  0.00333739	  0.00000000	  0.00384286
     -0.1177	    228.2186	 5.7907	 5.705557	 0.021125	  0.00337270	  0.00332742	  0.00004528	  0.00332742	  0.00000000	  0.00383199
     -0.1173	    228.3600	 5.7945	 5.708545	 0.021131	  0.00336391	  0.00331749	  0.00004641	  0.00331749	  0.00000000	  0.00382116
     -0.1168	    228.5013	 5.7984	 5.711530	 0.021138	  0.00335516	  0.00330761	  0.00004755	  0.00330761	  0.00000000	  0.00381038
     -0.1163	    228.6423	 5.8022	 5.714512	 0.021145	  0.00334646	  0.00329776	  0.00004870	  0.00329776	  0.00000000	  0.00379965
     -0.1158	    228.7832	 5.8061	 5.717490	 0.021152	  0.00333780	  0.00328795	  0.00004984	  0.00328795	  0.00000000	  0.00378896
     -0.1154	    228.9238	 5.8099	 5.720466	 0.021159	  0.00332918	  0.00327818	  0.00005100	  0.00327818	  0.00000000	  0.00377832
     -0.1149	    229.0642	 5.8138	 5.723438	 0.021166	  0.00332061	  0.00326846	  0.00005216	  0.00326846	  0.00000000	  0.00376772
     -0.1144	    229.2045	 5.8176	 5.726406	 0.021173	  0.00331209	  0.00325877	  0.00005332	  0.00325877	  0.00000000	  0.00375717
     -0.1140	    229.3445	 5.8215	 5.729372	 0.021181	  0.00330361	  0.00324912	  0.00005449	  0.00324912	  0.00000000	  0.00374666
     -0.1135	    229.4843	 5.8253	 5.732334	 0.021189	  0.00329517	  0.00323951	  0.00005566	  0.00323951	  0.00000000	  0.00373620
     -0.1130	    229.6240	 5.8291	 5.735293	 0.021196	  0.00328678	  0.00322994	  0.00005684	  0.00322994	  0.00000000	  0.00372578
     -0.1126	    229.7634	 5.8330	 5.738249	 0.021204	  0.00327843	  0.00322040	  0.00005803	  0.00322040	  0.00000000	  0.00371540
     -0.1121	    229.9026	 5.8368	 5.741202	 0.021213	  0.00327012	  0.00321091	  0.00005921	  0.00321091	  0.00000000	  0.00370507
     -0.1117	    230.0416	 5.8406	 5.744151	 0.021221	  0.00326186	  0.00320145	  0.00006041	  0.00320145	  0.00000000	  0.00369479
     -0.1112	    230.1804	 5.8445	 5.747097	 0.021229	  0.00325364	  0.00319203	  0.00006160	  0.00319203	  0.00000000	  0.00368454
     -0.1108	    230.3190	 5.8483	 5.750040	 0.021238	  0.00324546	  0.00318265	  0.00006281	  0.00318265	  0.00000000	  0.00367434
     -0.1103	    230.4574	 5.8521	 5.752980	 0.021247	  0.00323732	  0.00317331	  0.00006401	  0.00317331	  0.00000000	  0.00366419
     -0.1099	    230.5956	 5.8560	 5.755917	 0.021256	  0.00322923	  0.00316400	  0.00006522	  0.00316400	  0.00000000	  0.00365408
     -0.1094	    230.7336	 5.8598	 5.758850	 0.021265	  0.00322117	  0.00315474	  0.00006644	  0.00315474	  0.00000000	  0.00364401
     -0.1090	    230.8714	 5.8636	 5.761781	 0.021274	  0.00321316	  0.00314551	  0.00006766	  0.00314551	  0.00000000	  0.00363398
     -0.1086	    231.0089	 5.8675	 5.764708	 0.021283	  0.00320519	  0.00313631	  0.00006888	  0.00313631	  0.00000000	  0.00362399
     -0.1081	    231.1463	 5.8713	 5.767632	 0.021293	  0.00319727	  0.00312715	  0.00007011	  0.00312715	  0.00000000	  0.00361405
     -0.1077	    231.2834	 5.8751	 5.770552	 0.021303	  0.00318938	  0.00311803	  0.00007134	  0.00311803	  0.00000000	  0.00360415
     -0.1072	    231.4203	 5.8789	 5.773470	 0.021313	  0.00318153	  0.00310895	  0.00007258	  0.00310895	  0.00000000	  0.00359430
     -0.1068	    231.5571	 5.8827	 5.776385	 0.021323	  0.00317373	  0.00309990	  0.00007382	  0.00309990	  0.00000000	  0.00358448
     -0.1064	    231.6936	 5.8866	 5.779296	 0.021333	  0.00316596	  0.00309089	  0.00007507	  0.00309089	  0.00000000	  0.00357471
     -0.1059	    231.8299	 5.8904	 5.782204	 0.021343	  0.00315823	  0.00308192	  0.00007632	  0.00308192	  0.00000000	  0.00356498
     -0.1055	    231.9659	 5.8942	 5.785109	 0.021354	  0.00315055	  0.00307297	  0.00007757	  0.00307297	  0.00000000	  0.00355529
     -0.1051	    232.1018	 5.8980	 5.788011	 0.021364	  0.00314290	  0.00306407	  0.00007883	  0.00306407	  0.00000000	  0.00354564
     -0.1047	    232.2374	 5.9018	 5.790910	 0.021375	  0.00313530	  0.00305520	  0.00008009	  0.00305520	  0.00000000	  0.00353604
     -0.1042	    232.3729	 5.9056	 5.793805	 0.021386	  0.00312773	  0.00304637	  0.00008136	  0.00304637	  0.00000000	  0.00352647
     -0.1038	    232.5081	 5.9094	 5.796698	 0.021397	  0.00312020	  0.00303757	  0.00008263	  0.00303757	  0.00000000	  0.00351695
     -0.1034	    232.6431	 5.9133	 5.799587	 0.021408	  0.00311271	  0.00302880	  0.00008391	  0.00302880	  0.00000000	  0.00350746
     -0.1030	    232.7779	 5.9171	 5.802474	 0.021420	  0.00310526	  0.00302008	  0.00008519	  0.00302008	  0.00000000	  0.00349802
     -0.1026	    232.9125	 5.9209	 5.805357	 0.021431	  0.00309785	  0.00301138	  0.00008647	  0.00301138	  0.00000000	  0.00348862
     -0.1021	    233.0468	 5.9247	 5.808237	 0.021443	  0.00309047	  0.00300272	  0.00008775	  0.00300272	  0.00000000	  0.00347926
     -0.1017	    233.1809	 5.9285	 5.811114	 0.021455	  0.00308314	  0.00299409	  0.00008905	  0.00299409	  0.00000000	  0.00346994
     -0.1013	    233.3148	 5.9323	 5.813988	 0.021467	  0.00307584	  0.00298550	  0.00009034	  0.00298550	  0.00000000	  0.00346066
     -0.1009	    233.4485	 5.9361	 5.816858	 0.021479	  0.00306858	  0.00297694	  0.00009164	  0.00297694	  0.00000000	  0.00345142
     -0.1005	    233.5820	 5.9399	 5.819726	 0.021491	  0.00306136	  0.00296842	  0.00009294	  0.00296842	  0.00000000	  0.00344221
     -0.1001	    233.7153	 5.9437	 5.822591	 0.021504	  0.00305417	  0.00295993	  0.00009424	  0.00295993	  0.00000000	  0.00343305
     -0.0997	    233.8483	 5.9474	 5.825452	 0.021516	  0.00304702	  0.00295147	  0.00009555	  0.00295147	  0.00000000	  0.00342393
     -0.0993	    233.9811	 5.9512	 5.828310	 0.021529	  0.00303991	  0.00294305	  0.00009687	  0.00294305	  0.00000000	  0.00341485
     -0.0989	    234.1137	 5.9550	 5.831166	 0.021542	  0.00303284	  0.00293465	  0.00009818	  0.00293465	  0.00000000	  0.00340581
     -0.0985	    234.2461	 5.9588	 5.834018	 0.021555	  0.00302580	  0.00292630	  0.00009950	  0.00292630	  0.00000000	  0.00339680
     -0.0981	    234.3782	 5.9626	 5.836867	 0.021568	  0.00301880	  0.00291797	  0.00010083	  0.00291797	  0.00000000	  0.00338784
     -0.0977	    234.5101	 5.9664	 5.839713	 0.021582	  0.00301183	  0.00290968	  0.00010215	  0.00290968	  0.00000000	  0.00337891
     -0.0973	    234.6418	 5.9701	 5.842556	 0.021595	  0.00300490	  0.00290142	  0.00010349	  0.00290142	  0.00000000	  0.00337002
     -0.0969	    234.7733	 5.9739	 5.845396	 0.021609	  0.00299801	  0.00289319	  0.00010482	  0.00289319	  0.00000000	  0.00336117
     -0.0965	    234.9045	 5.9777	 5.848233	 0.021623	  0.00299115	  0.00288499	  0.00010616	  0.00288499	  0.00000000	  0.00335236
     -0.0961	    235.0355	 5.9815	 5.851067	 0.021637	  0.00298433	  0.00287683	  0.00010750	  0.00287683	  0.00000000	  0.00334359
     -0.0957	    235.1663	 5.9852	 5.853898	 0.021651	  0.00297754	  0.00286870	  0.00010884	  0.00286870	  0.00000000	  0.00333485
     -0.0953	    235.2969	 5.9890	 5.856726	 0.021665	  0.00297078	  0.00286060	  0.00011019	  0.00286060	  0.00000000	  0.00332616
     -0.0949	    235.4272	 5.9928	 5.859550	 0.021680	  0.00296407	  0.00285253	  0.00011154	  0.00285253	  0.00000000	  0.00331750
     -0.0945	    235.5573	 5.9965	 5.862372	 0.021694	  0.00295738	  0.00284449	  0.00011289	  0.00284449	  0.00000000	  0.00330888
     -0.0942	    235.6872	 6.0003	 5.865191	 0.021709	  0.00295073	  0.00283648	  0.00011425	  0.00283648	  0.00000000	  0.00330029
     -0.0938	    235.8169	 6.0040	 5.868006	 0.021724	  0.00294412	  0.00282851	  0.00011561	  0.00282851	  0.00000000	  0.00329175
     -0.0934	    235.9463	 6.0078	 5.870819	 0.021739	  0.00293754	  0.00282056	  0.00011697	  0.00282056	  0.00000000	  0.00328324
     -0.0930	    236.0755	 6.0115	 5.873628	 0.021754	  0.00293099	  0.00281265	  0.00011834	  0.00281265	  0.00000000	  0.00327476
     -0.0926	    236.2044	 6.0153	 5.876435	 0.021770	  0.00292448	  0.00280477	  0.00011971	  0.00280477	  0.00000000	  0.00326633
     -0.0923	    236.3332	 6.0190	 5.879238	 0.021785	  0.00291800	  0.00279691	  0.00012108	  0.00279691	  0.00000000	  0.00325793
     -0.0919	    236.4617	 6.0228	 5.882039	 0.021801	  0.00291155	  0.00278909	  0.00012246	  0.00278909	  0.00000000	  0.00324957
     -0.0915	    236.5900	 6.0265	 5.884836	 0.021816	  0.00290514	  0.00278130	  0.00012384	  0.00278130	  0.00000000	  0.00324124
     -0.0912	    236.7180	 6.0303	 5.887631	 0.021832	  0.00289876	  0.00277354	  0.00012522	  0.00277354	  0.00000000	  0.00323295
     -0.0908	    236.8458	 6.0340	 5.890422	 0.021849	  0.00289241	  0.00276581	  0.00012660	  0.00276581	  0.00000000	  0.00322470
     -0.0904	    236.9734	 6.0377	 5.893210	 0.021865	  0.00288610	  0.00275811	  0.00012799	  0.00275811	  0.00000000	  0.00321648
     -0.0900	    237.1007	 6.0415	 5.895996	 0.021881	  0.00287981	  0.00275044	  0.00012938	  0.00275044	  0.00000000	  0.00320830
     -0.0897	    237.2278	 6.0452	 5.898778	 0.021898	  0.00287357	  0.00274279	  0.00013077	  0.00274279	  0.00000000	  0.00320015
     -0.0893	    237.3547	 6.0489	 5.901558	 0.021914	  0.00286735	  0.00273518	  0.00013217	  0.00273518	  0.00000000	  0.00319204
     -0.0890	    237.4814	 6.0526	 5.904334	 0.021931	  0.00286116	  0.00272760	  0.00013356	  0.00272760	  0.00000000	  0.00318397
     -0.0886	    237.6078	 6.0564	 5.907107	 0.021948	  0.00285501	  0.00272004	  0.00013497	  0.00272004	  0.00000000	  0.00317593
     -0.0882	    237.7340	 6.0601	 5.909878	 0.021965	  0.00284889	  0.00271252	  0.00013637	  0.00271252	  0.00000000	  0.00316792
     -0.0879	    237.8599	 6.0638	 5.912645	 0.021983	  0.00284280	  0.00270502	  0.00013777	  0.00270502	  0.00000000	  0.00315995
     -0.0875	    237.9856	 6.0675	 5.915410	 0.022000	  0.00283674	  0.00269755	  0.00013918	  0.00269755	  0.00000000	  0.00315202
     -0.0872	    238.1111	 6.0712	 5.918171	 0.022017	  0.00283071	  0.00269012	  0.00014059	  0.00269012	  0.00000000	  0.00314412
     -0.0868	    238.2363	 6.0749	 5.920929	 0.022035	  0.00282471	  0.00268271	  0.00014201	  0.00268271	  0.00000000	  0.00313625
     -0.0865	    238.3613	 6.0786	 5.923685	 0.022053	  0.00281875	  0.00267532	  0.00014342	  0.00267532	  0.00000000	  0.00312842
     -0.0861	    238.4861	 6.0823	 5.926437	 0.022071	  0.00281281	  0.00266797	  0.00014484	  0.00266797	  0.00000000	  0.00312063
     -0.0858	    238.6106	 6.0860	 5.929187	 0.022089	  0.00280690	  0.00266064	  0.00014626	  0.00266064	  0.00000000	  0.00311287
     -0.0854	    238.7349	 6.0897	 5.931933	 0.022107	  0.00280103	  0.00265335	  0.00014768	  0.00265335	  0.00000000	  0.00310514
     -0.0851	    238.8589	 6.0934	 5.934677	 0.022126	  0.00279519	  0.00264608	  0.00014911	  0.00264608	  0.00000000	  0.00309744
     -0.0847	    238.9827	 6.0971	 5.937417	 0.022144	  0.00278937	  0.00263884	  0.00015053	  0.00263884	  0.00000000	  0.00308978
     -0.0844	    239.1063	 6.1007	 5.940155	 0.022163	  0.00278359	  0.00263162	  0.00015196	  0.00263162	  0.00000000	  0.00308216
     -0.0840	    239.2296	 6.1044	 5.942889	 0.022182	  0.00277783	  0.00262444	  0.00015340	  0.00262444	  0.00000000	  0.00307456
     -0.0837	    239.3527	 6.1081	 5.945621	 0.022201	  0.00277211	  0.00261728	  0.00015483	  0.00261728	  0.00000000	  0.00306700
     -0.0833	    239.4756	 6.1118	 5.948349	 0.022220	  0.00276641	  0.00261015	  0.00015626	  0.00261015	  0.00000000	  0.00305948
     -0.0830	    239.5982	 6.1154	 5.951075	 0.022239	  0.00276074	  0.00260304	  0.00015770	  0.00260304	  0.00000000	  0.00305198
     -0.0827	    239.7205	 6.1191	 5.953798	 0.022259	  0.00275511	  0.00259596	  0.00015914	  0.00259596	  0.00000000	  0.00304452
     -0.0823	    239.8427	 6.1228	 5.956517	 0.022278	  0.00274950	  0.00258891	  0.00016058	  0.00258891	  0.00000000	  0.00303710
     -0.0820	    239.9646	 6.1264	 5.959234	 0.022298	  0.00274392	  0.00258189	  0.00016203	  0.00258189	  0.00000000	  0.00302970
     -0.0817	    240.0862	 6.1301	 5.961948	 0.022318	  0.00273837	  0.00257489	  0.00016347	  0.00257489	  0.00000000	  0.00302234
     -0.0813	    240.2076	 6.1337	 5.964658	 0.022338	  0.00273284	  0.00256792	  0.00016492	  0.00256792	  0.00000000	  0.00301501
     -0.0810	    240.3288	 6.1374	 5.967366	 0.022358	  0.00272735	  0.00256098	  0.00016637	  0.00256098	  0.00000000	  0.00300771
     -0.0807	    240.4497	 6.1410	 5.970071	 0.022378	  0.00272188	  0.00255406	  0.00016782	  0.00255406	  0.00000000	  0.00300045
     -0.0803	    240.5704	 6.1446	 5.972773	 0.022398	  0.00271644	  0.00254717	  0.00016927	  0.00254717	  0.00000000	  0.00299321
     -0.0800	    240.6908	 6.1483	 5.975472	 0.022419	  0.00271103	  0.00254030	  0.00017073	  0.00254030	  0.00000000	  0.00298601
     -0.0797	    240.8110	 6.1519	 5.978168	 0.022439	  0.00270565	  0.00253346	  0.00017219	  0.00253346	  0.00000000	  0.00297884
     -0.0794	    240.9310	 6.1555	 5.980861	 0.022460	  0.00270029	  0.00252665	  0.00017364	  0.00252665	  0.00000000	  0.00297170
     -0.0790	    241.0507	 6.1592	 5.983551	 0.022481	  0.00269497	  0.00251986	  0.00017510	  0.00251986	  0.00000000	  0.00296460
     -0.0787	    241.1702	 6.1628	 5.986238	 0.022502	  0.00268967	  0.00251310	  0.00017656	  0.00251310	  0.00000000	  0.00295752
     -0.0784	    241.2894	 6.1664	 5.988922	 0.022523	  0.00268439	  0.00250637	  0.00017803	  0.00250637	  0.00000000	  0.00295048
     -0.0781	    241.4084	 6.1700	 5.991603	 0.022544	  0.00267915	  0.00249965	  0.00017949	  0.00249965	  0.00000000	  0.00294347
     -0.0778	    241.5271	 6.1736	 5.994281	 0.022566	  0.00267393	  0.00249297	  0.00018096	  0.00249297	  0.00000000	  0.00293648
     -0.0774	    241.6456	 6.1772	 5.996956	 0.022587	  0.00266873	  0.00248631	  0.00018242	  0.00248631	  0.00000000	  0.00292953
     -0.0771	    241.7639	 6.1808	 5.999628	 0.022609	  0.00266357	  0.00247967	  0.00018389	  0.00247967	  0.00000000	  0.00292261
     -0.0768	    241.8819	 6.1844	 6.002297	 0.022631	  0.00265843	  0.00247306	  0.00018536	  0.00247306	  0.00000000	  0.00291572
     -0.0765	    241.9996	 6.1880	 6.004963	 0.022653	  0.00265331	  0.00246648	  0.00018683	  0.00246648	  0.00000000	  0.00290887
     -0.0762	    242.1171	 6.1916	 6.007626	 0.022675	  0.00264823	  0.00245992	  0.00018831	  0.00245992	  0.00000000	  0.00290204
     -0.0759	    242.2344	 6.1952	 6.010287	 0.022697	  0.00264317	  0.00245338	  0.00018978	  0.00245338	  0.00000000	  0.00289524
     -0.0756	    242.3514	 6.1988	 6.012944	 0.022719	  0.00263813	  0.00244687	  0.00019126	  0.00244687	  0.00000000	  0.00288847
     -0.0753	    242.4682	 6.2024	 6.015598	 0.022741	  0.00263312	  0.00244039	  0.00019273	  0.00244039	  0.00000000	  0.00288173
     -0.0750	    242.5847	 6.2059	 6.018250	 0.022764	  0.00262814	  0.00243393	  0.00019421	  0.00243393	  0.00000000	  0.00287502
     -0.0747	    242.7010	 6.2095	 6.020898	 0.022787	  0.00262318	  0.00242749	  0.00019569	  0.00242749	  0.00000000	  0.00286835
     -0.0743	    242.8170	 6.2131	 6.023543	 0.022809	  0.00261824	  0.00242108	  0.00019717	  0.00242108	  0.00000000	  0.00286170
     -0.0740	    242.9328	 6.2166	 6.026186	 0.022832	  0.00261334	  0.00241469	  0.00019865	  0.00241469	  0.00000000	  0.00285508
     -0.0737	    243.0484	 6.2202	 6.028825	 0.022855	  0.00260845	  0.00240832	  0.00020013	  0.00240832	  0.00000000	  0.00284849
     -0.0734	    243.1636	 6.2237	 6.031461	 0.022879	  0.00260359	  0.00240198	  0.00020161	  0.00240198	  0.00000000	  0.00284193
     -0.0731	    243.2787	 6.2273	 6.034095	 0.022902	  0.00259876	  0.00239566	  0.00020310	  0.00239566	  0.00000000	  0.00283540
     -0.0728	    243.3935	 6.2308	 6.036725	 0.022925	  0.00259395	  0.00238937	  0.00020458	  0.00238937	  0.00000000	  0.00282889
     -0.0725	    243.5080	 6.2344	 6.039353	 0.022949	  0.00258917	  0.00238310	  0.00020607	  0.00238310	  0.00000000	  0.00282242
     -0.0723	    243.6224	 6.2379	 6.041977	 0.022972	  0.00258441	  0.00237685	  0.00020755	  0.00237685	  0.00000000	  0.00281597
     -0.0720	    243.7364	 6.2414	 6.044599	 0.022996	  0.00257967	  0.00237063	  0.00020904	  0.00237063	  0.00000000	  0.00280956
     -0.0717	    243.8502	 6.2450	 6.047217	 0.023020	  0.00257496	  0.00236443	  0.00021053	  0.00236443	  0.00000000	  0.00280317
     -0.0714	    243.9638	 6.2485	 6.049833	 0.023044	  0.00257027	  0.00235826	  0.00021202	  0.00235826	  0.00000000	  0.00279681
     -0.0711	    244.0771	 6.2520	 6.052445	 0.023068	  0.00256561	  0.00235210	  0.00021351	  0.00235210	  0.00000000	  0.00279048
     -0.0708	    244.1902	 6.2555	 6.055055	 0.023092	  0.00256097	  0.00234597	  0.00021500	  0.00234597	  0.00000000	  0.00278418
     -0.0705	    244.3030	 6.2590	 6.057661	 0.023117	  0.00255635	  0.00233987	  0.00021649	  0.00233987	  0.00000000	  0.00277790
     -0.0702	    244.4155	 6.2625	 6.060265	 0.023141	  0.00255176	  0.00233378	  0.00021798	  0.00233378	  0.00000000	  0.00277166
     -0.0699	    244.5278	 6.2660	 6.062866	 0.023166	  0.00254719	  0.00232772	  0.00021947	  0.00232772	  0.00000000	  0.00276544
     -0.0696	    244.6399	 6.2695	 6.065463	 0.023190	  0.00254264	  0.00232168	  0.00022096	  0.00232168	  0.00000000	  0.00275924
     -0.0694	    244.7517	 6.2730	 6.068058	 0.023215	  0.00253812	  0.00231567	  0.00022245	  0.00231567	  0.00000000	  0.00275308
     -0.0691	    244.8633	 6.2765	 6.070649	 0.023240	  0.00253362	  0.00230967	  0.00022395	  0.00230967	  0.00000000	  0.00274694
     -0.0688	    244.9746	 6.2800	 6.073238	 0.023265	  0.00252914	  0.00230370	  0.00022544	  0.00230370	  0.00000000	  0.00274084
     -0.0685	    245.0857	 6.2835	 6.075823	 0.023290	  0.00252469	  0.00229775	  0.00022694	  0.00229775	  0.00000000	  0.00273475
     -0.0682	    245.1965	 6.2869	 6.078406	 0.023315	  0.00252026	  0.00229183	  0.00022843	  0.00229183	  0.00000000	  0.00272870
     -0.0680	    245.3071	 6.2904	 6.080985	 0.023341	  0.00251585	  0.00228592	  0.00022993	  0.00228592	  0.00000000	  0.00272267
     -0.0677	    245.4174	 6.2939	 6.083561	 0.023366	  0.00251146	  0.00228004	  0.00023142	  0.00228004	  0.00000000	  0.00271667
     -0.0674	    245.5275	 6.2973	 6.086135	 0.023392	  0.00250710	  0.00227418	  0.00023292	  0.00227418	  0.00000000	  0.00271070
     -0.0671	    245.6373	 6.3008	 6.088705	 0.023417	  0.00250276	  0.00226834	  0.00023441	  0.00226834	  0.00000000	  0.00270475
     -0.0669	    245.7469	 6.3042	 6.091273	 0.023443	  0.00249844	  0.00226253	  0.00023591	  0.00226253	  0.00000000	  0.00269883
     -0.0666	    245.8562	 6.3077	 6.093837	 0.023469	  0.00249414	  0.00225673	  0.00023740	  0.00225673	  0.00000000	  0.00269293
     -0.0663	    245.9653	 6.3111	 6.096398	 0.023495	  0.00248986	  0.00225096	  0.00023890	  0.00225096	  0.00000000	  0.00268707
     -0.0660	    246.0741	 6.3146	 6.098956	 0.023521	  0.00248561	  0.00224521	  0.00024040	  0.00224521	  0.00000000	  0.00268122
     -0.0658	    246.1827	 6.3180	 6.101512	 0.023547	  0.00248137	  0.00223948	  0.00024189	  0.00223948	  0.00000000	  0.00267541
     -0.0655	    246.2910	 6.3214	 6.104064	 0.023574	  0.00247716	  0.00223377	  0.00024339	  0.00223377	  0.00000000	  0.00266962
     -0.0652	    246.3991	 6.3248	 6.106613	 0.023600	  0.00247297	  0.00222808	  0.00024489	  0.00222808	  0.00000000	  0.00266385
     -0.0650	    246.5069	 6.3282	 6.109159	 0.023627	  0.00246880	  0.00222242	  0.00024638	  0.00222242	  0.00000000	  0.00265811
     -0.0647	    246.6145	 6.3317	 6.111702	 0.023653	  0.00246465	  0.00221677	  0.00024788	  0.00221677	  0.00000000	  0.00265240
     -0.0644	    246.7218	 6.3351	 6.114242	 0.023680	  0.00246053	  0.00221115	  0.00024937	  0.00221115	  0.00000000	  0.00264671
     -0.0642	    246.8289	 6.3385	 6.116779	 0.023707	  0.00245642	  0.00220555	  0.00025087	  0.00220555	  0.00000000	  0.00264105
     -0.0639	    246.9357	 6.3419	 6.119313	 0.023733	  0.00245233	  0.00219997	  0.00025237	  0.00219997	  0.00000000	  0.00263542
     -0.0637	    247.0423	 6.3453	 6.121843	 0.023760	  0.00244827	  0.00219441	  0.00025386	  0.00219441	  0.00000000	  0.00262981
     -0.0634	    247.1486	 6.3486	 6.124371	 0.023787	  0.00244423	  0.00218887	  0.00025536	  0.00218887	  0.00000000	  0.00262422
     -0.0631	    247.2547	 6.3520	 6.126896	 0.023815	  0.00244020	  0.00218335	  0.00025685	  0.00218335	  0.00000000	  0.00261866
     -0.0629	    247.3605	 6.3554	 6.129417	 0.023842	  0.00243620	  0.00217785	  0.00025835	  0.00217785	  0.00000000	  0.00261312
     -0.0626	    247.4661	 6.3588	 6.131936	 0.023869	  0.00243222	  0.00217237	  0.00025984	  0.00217237	  0.00000000	  0.00260761
     -0.0624	    247.5714	 6.3621	 6.134451	 0.023897	  0.00242825	  0.00216691	  0.00026134	  0.00216691	  0.00000000	  0.00260212
     -0.0621	    247.6764	 6.3655	 6.136963	 0.023924	  0.00242431	  0.00216148	  0.00026283	  0.00216148	  0.00000000	  0.00259666
     -0.0619	    247.7813	 6.3688	 6.139472	 0.023952	  0.00242039	  0.00215606	  0.00026433	  0.00215606	  0.00000000	  0.00259122
     -0.0616	    247.8858	 6.3722	 6.141978	 0.023980	  0.00241648	  0.00215066	  0.00026582	  0.00215066	  0.00000000	  0.00258581
     -0.0613	    247.9901	 6.3755	 6.144481	 0.024007	  0.00241260	  0.00214529	  0.00026731	  0.00214529	  0.00000000	  0.00258042
     -0.0611	    248.0942	 6.3789	 6.146981	 0.024035	  0.00240874	  0.00213993	  0.00026880	  0.00213993	  0.00000000	  0.00257506
     -0.0608	    248.1980	 6.3822	 6.149478	 0.024063	  0.00240489	  0.00213460	  0.00027030	  0.00213460	  0.00000000	  0.00256971
     -0.0606	    248.3016	 6.3855	 6.151972	 0.024091	  0.00240107	  0.00212928	  0.00027179	  0.00212928	  0.00000000	  0.00256440
     -0.0604	    248.4049	 6.3889	 6.154462	 0.024119	  0.00239726	  0.00212398	  0.00027328	  0.00212398	  0.00000000	  0.00255910
     -0.0601	    248.5080	 6.3922	 6.156949	 0.024148	  0.00239348	  0.00211871	  0.00027477	  0.00211871	  0.00000000	  0.00255383
     -0.0599	    248.6108	 6.3955	 6.159434	 0.024176	  0.00238971	  0.00211345	  0.00027626	  0.00211345	  0.00000000	  0.00254859
     -0.0596	    248.7134	 6.3988	 6.161915	 0.024204	  0.00238596	  0.00210821	  0.00027775	  0.00210821	  0.00000000	  0.00254336
     -0.0594	    248.8157	 6.4021	 6.164393	 0.024233	  0.00238223	  0.00210299	  0.00027924	  0.00210299	  0.00000000	  0.00253817
     -0.0591	    248.9178	 6.4054	 6.166868	 0.024262	  0.00237852	  0.00209780	  0.00028072	  0.00209780	  0.00000000	  0.00253299
     -0.0589	    249.0196	 6.4087	 6.169339	 0.024290	  0.00237483	  0.00209262	  0.00028221	  0.00209262	  0.00000000	  0.00252784
     -0.0586	    249.1211	 6.4120	 6.171808	 0.024319	  0.00237115	  0.00208746	  0.00028370	  0.00208746	  0.00000000	  0.00252271
     -0.0584	    249.2225	 6.4152	 6.174273	 0.024348	  0.00236750	  0.00208232	  0.00028518	  0.00208232	  0.00000000	  0.00251760
     -0.0582	    249.3235	 6.4185	 6.176735	 0.024377	  0.00236386	  0.00207720	  0.00028666	  0.00207720	  0.00000000	  0.00251252
     -0.0579	    249.4243	 6.4218	 6.179195	 0.024406	  0.00236024	  0.00207210	  0.00028815	  0.00207210	  0.00000000	  0.00250746
     -0.0577	    249.5249	 6.4251	 6.181650	 0.024435	  0.00235664	  0.00206701	  0.00028963	  0.00206701	  0.00000000	  0.00250242
     -0.0575	    249.6252	 6.4283	 6.184103	 0.024464	  0.00235306	  0.00206195	  0.00029111	  0.00206195	  0.00000000	  0.00249740
     -0.0572	    249.7253	 6.4316	 6.186553	 0.024493	  0.00234950	  0.00205691	  0.00029259	  0.00205691	  0.00000000	  0.00249241
     -0.0570	    249.8251	 6.4348	 6.188999	 0.024522	  0.00234595	  0.00205188	  0.00029407	  0.00205188	  0.00000000	  0.00248744
     -0.0567	    249.9247	 6.4381	 6.191442	 0.024552	  0.00234242	  0.00204687	  0.00029555	  0.00204687	  0.00000000	  0.00248249
     -0.0565	    250.0240	 6.4413	 6.193882	 0.024581	  0.00233891	  0.00204188	  0.00029703	  0.00204188	  0.00000000	  0.00247756
     -0.0563	    250.1231	 6.4445	 6.196319	 0.024611	  0.00233542	  0.00203691	  0.00029851	  0.00203691	  0.00000000	  0.00247266
     -0.0561	    250.2219	 6.4477	 6.198752	 0.024640	  0.00233195	  0.00203196	  0.00029998	  0.00203196	  0.00000000	  0.00246778
     -0.0558	    250.3205	 6.4510	 6.201183	 0.024670	  0.00232849	  0.00202703	  0.00030146	  0.00202703	  0.00000000	  0.00246292
     -0.0556	    250.4188	 6.4542	 6.203610	 0.024700	  0.00232505	  0.00202212	  0.00030293	  0.00202212	  0.00000000	  0.00245808
     -0.0554	    250.5169	 6.4574	 6.206034	 0.024729	  0.00232162	  0.00201722	  0.00030440	  0.00201722	  0.00000000	  0.00245326
     -0.0551	    250.6147	 6.4606	 6.208455	 0.024759	  0.00231822	  0.00201234	  0.00030587	  0.00201234	  0.00000000	  0.00244846
     -0.0549	    250.7123	 6.4638	 6.210872	 0.024789	  0.00231483	  0.00200749	  0.00030734	  0.00200749	  0.00000000	  0.00244369
     -0.0547	    250.8096	 6.4670	 6.213286	 0.024819	  0.00231146	  0.00200265	  0.00030881	  0.00200265	  0.00000000	  0.00243894
     -0.0545	    250.9067	 6.4702	 6.215697	 0.024849	  0.00230810	  0.00199782	  0.00031028	  0.00199782	  0.00000000	  0.00243421
     -0.0542	    251.0035	 6.4733	 6.218105	 0.024879	  0.00230476	  0.00199302	  0.00031174	  0.00199302	  0.00000000	  0.00242950
     -0.0540	    251.1001	 6.4765	 6.220509	 0.024909	  0.00230144	  0.00198823	  0.00031321	  0.00198823	  0.00000000	  0.00242481
     -0.0538	    251.1965	 6.4797	 6.222911	 0.024940	  0.00229814	  0.00198346	  0.00031467	  0.00198346	  0.00000000	  0.00242014
     -0.0536	    251.2926	 6.4828	 6.225309	 0.024970	  0.00229485	  0.00197871	  0.00031613	  0.00197871	  0.00000000	  0.00241549
     -0.0534	    251.3884	 6.4860	 6.227703	 0.025000	  0.00229157	  0.00197398	  0.00031759	  0.00197398	  0.00000000	  0.00241087
     -0.0531	    251.4840	 6.4892	 6.230095	 0.025031	  0.00228832	  0.00196927	  0.00031905	  0.00196927	  0.00000000	  0.00240626
     -0.0529	    251.5794	 6.4923	 6.232483	 0.025061	  0.00228508	  0.00196457	  0.00032051	  0.00196457	  0.00000000	  0.00240168
     -0.0527	    251.6745	 6.4954	 6.234868	 0.025092	  0.00228186	  0.00195989	  0.00032197	  0.00195989	  0.00000000	  0.00239712
     -0.0525	    251.7693	 6.4986	 6.237249	 0.025122	  0.00227865	  0.00195523	  0.00032342	  0.00195523	  0.00000000	  0.00239257
     -0.0523	    251.8639	 6.5017	 6.239628	 0.025153	  0.00227546	  0.00195058	  0.00032488	  0.00195058	  0.00000000	  0.00238805
     -0.0521	    251.9583	 6.5048	 6.242003	 0.025184	  0.00227228	  0.00194595	  0.00032633	  0.00194595	  0.00000000	  0.00238355
     -0.0518	    252.0524	 6.5079	 6.244374	 0.025215	  0.00226912	  0.00194134	  0.00032778	  0.00194134	  0.00000000	  0.00237906
     -0.0516	    252.1463	 6.5110	 6.246743	 0.025245	  0.00226598	  0.00193675	  0.00032923	  0.00193675	  0.00000000	  0.00237460
     -0.0514	    252.2399	 6.5141	 6.249108	 0.025276	  0.00226285	  0.00193218	  0.00033067	  0.00193218	  0.00000000	  0.00237016
     -0.0512	    252.3333	 6.5172	 6.251469	 0.025307	  0.00225974	  0.00192762	  0.00033212	  0.00192762	  0.00000000	  0.00236574
     -0.0510	    252.4264	 6.5203	 6.253828	 0.025338	  0.00225664	  0.00192308	  0.00033356	  0.00192308	  0.00000000	  0.00236133
     -0.0508	    252.5193	 6.5234	 6.256183	 0.025369	  0.00225356	  0.00191856	  0.00033501	  0.00191856	  0.00000000	  0.00235695
     -0.0506	    252.6119	 6.5265	 6.258535	 0.025400	  0.00225050	  0.00191405	  0.00033645	  0.00191405	  0.00000000	  0.00235259
     -0.0504	    252.7043	 6.5296	 6.260883	 0.025432	  0.00224744	  0.00190956	  0.00033789	  0.00190956	  0.00000000	  0.00234825
     -0.0502	    252.7965	 6.5326	 6.263228	 0.025463	  0.00224441	  0.00190509	  0.00033932	  0.00190509	  0.00000000	  0.00234392
     -0.0500	    252.8884	 6.5357	 6.265570	 0.025494	  0.00224139	  0.00190063	  0.00034076	  0.00190063	  0.00000000	  0.00233962
     -0.0498	    252.9801	 6.5388	 6.267908	 0.025525	  0.00223838	  0.00189619	  0.00034219	  0.00189619	  0.00000000	  0.00233533
     -0.0495	    253.0715	 6.5418	 6.270243	 0.025557	  0.00223539	  0.00189177	  0.00034362	  0.00189177	  0.00000000	  0.00233107
     -0.0493	    253.1627	 6.5449	 6.272574	 0.025588	  0.00223242	  0.00188736	  0.00034505	  0.00188736	  0.00000000	  0.00232682
     -0.0491	    253.2536	 6.5479	 6.274903	 0.025620	  0.00222946	  0.00188297	  0.00034648	  0.00188297	  0.00000000	  0.00232259
     -0.0489	    253.3443	 6.5509	 6.277227	 0.025651	  0.00222651	  0.00187860	  0.00034791	  0.00187860	  0.00000000	  0.00231838
     -0.0487	    253.4347	 6.5540	 6.279549	 0.025683	  0.00222358	  0.00187425	  0.00034933	  0.00187425	  0.00000000	  0.00231419
     -0.0485	    253.5249	 6.5570	 6.281867	 0.025714	  0.00222066	  0.00186991	  0.00035075	  0.00186991	  0.00000000	  0.00231002
     -0.0483	    253.6149	 6.5600	 6.284181	 0.025746	  0.00221776	  0.00186558	  0.00035218	  0.00186558	  0.00000000	  0.00230587
     -0.0481	    253.7046	 6.5630	 6.286493	 0.025777	  0.00221487	  0.00186128	  0.00035359	  0.00186128	  0.00000000	  0.00230174
     -0.0479	    253.7941	 6.5660	 6.288800	 0.025809	  0.00221200	  0.00185699	  0.00035501	  0.00185699	  0.00000000	  0.00229762
     -0.0477	    253.8833	 6.5690	 6.291105	 0.025841	  0.00220914	  0.00185271	  0.00035643	  0.00185271	  0.00000000	  0.00229352
     -0.0475	    253.9723	 6.5720	 6.293406	 0.025873	  0.00220629	  0.00184845	  0.00035784	  0.00184845	  0.00000000	  0.00228944
     -0.0474	    254.0610	 6.5750	 6.295703	 0.025904	  0.00220346	  0.00184421	  0.00035925	  0.00184421	  0.00000000	  0.00228538
     -0.0472	    254.1495	 6.5780	 6.297997	 0.025936	  0.00220064	  0.00183999	  0.00036066	  0.00183999	  0.00000000	  0.00228134
     -0.0470	    254.2378	 6.5809	 6.300288	 0.025968	  0.00219784	  0.00183578	  0.00036206	  0.00183578	  0.00000000	  0.00227732
     -0.0468	    254.3258	 6.5839	 6.302575	 0.026000	  0.00219505	  0.00183158	  0.00036347	  0.00183158	  0.00000000	  0.00227331
     -0.0466	    254.4136	 6.5869	 6.304859	 0.026032	  0.00219228	  0.00182740	  0.00036487	  0.00182740	  0.00000000	  0.00226933
     -0.0464	    254.5012	 6.5898	 6.307139	 0.026064	  0.00218951	  0.00182324	  0.00036627	  0.00182324	  0.00000000	  0.00226536
     -0.0462	    254.5885	 6.5928	 6.309416	 0.026096	  0.00218677	  0.00181910	  0.00036767	  0.00181910	  0.00000000	  0.00226140
     -0.0460	    254.6755	 6.5957	 6.311689	 0.026128	  0.00218403	  0.00181496	  0.00036907	  0.00181496	  0.00000000	  0.00225747
     -0.0458	    254.7623	 6.5986	 6.313959	 0.026160	  0.00218131	  0.00181085	  0.00037046	  0.00181085	  0.00000000	  0.00225355
     -0.0456	    254.8489	 6.6016	 6.316225	 0.026192	  0.00217860	  0.00180675	  0.00037185	  0.00180675	  0.00000000	  0.00224966
     -0.0454	    254.9353	 6.6045	 6.318488	 0.026225	  0.00217591	  0.00180267	  0.00037324	  0.00180267	  0.00000000	  0.00224577
     -0.0453	    255.0214	 6.6074	 6.320748	 0.026257	  0.00217323	  0.00179860	  0.00037463	  0.00179860	  0.00000000	  0.00224191
     -0.0451	    255.1072	 6.6103	 6.323004	 0.026289	  0.00217056	  0.00179455	  0.00037601	  0.00179455	  0.00000000	  0.00223806
     -0.0449	    255.1928	 6.6132	 6.325256	 0.026321	  0.00216790	  0.00179051	  0.00037740	  0.00179051	  0.00000000	  0.00223423
     -0.0447	    255.2782	 6.6161	 6.327505	 0.026354	  0.00216526	  0.00178649	  0.00037878	  0.00178649	  0.00000000	  0.00223042
     -0.0445	    255.3634	 6.6190	 6.329750	 0.026386	  0.00216263	  0.00178248	  0.00038016	  0.00178248	  0.00000000	  0.00222663
     -0.0443	    255.4483	 6.6219	 6.331992	 0.026418	  0.00216002	  0.00177849	  0.00038153	  0.00177849	  0.00000000	  0.00222285
     -0.0441	    255.5330	 6.6248	 6.334230	 0.026451	  0.00215742	  0.00177451	  0.00038291	  0.00177451	  0.00000000	  0.00221909
     -0.0440	    255.6174	 6.6276	 6.336465	 0.026483	  0.00215483	  0.00177055	  0.00038428	  0.00177055	  0.00000000	  0.00221534
     -0.0438	    255.7016	 6.6305	 6.338696	 0.026515	  0.00215225	  0.00176660	  0.00038565	  0.00176660	  0.00000000	  0.00221162
     -0.0436	    255.7856	 6.6334	 6.340924	 0.026548	  0.00214969	  0.00176267	  0.00038701	  0.00176267	  0.00000000	  0.00220790
     -0.0434	    255.8693	 6.6362	 6.343148	 0.026580	  0.00214713	  0.00175876	  0.00038838	  0.00175876	  0.00000000	  0.00220421
     -0.0432	    255.9528	 6.6391	 6.345369	 0.026613	  0.00214459	  0.00175486	  0.00038974	  0.00175486	  0.00000000	  0.00220053
     -0.0431	    256.0360	 6.6419	 6.347586	 0.026645	  0.00214207	  0.00175097	  0.00039110	  0.00175097	  0.00000000	  0.00219687
     -0.0429	    256.1191	 6.6448	 6.349799	 0.026678	  0.00213955	  0.00174710	  0.00039246	  0.00174710	  0.00000000	  0.00219323
     -0.0427	    256.2018	 6.6476	 6.352009	 0.026710	  0.00213705	  0.00174324	  0.00039381	  0.00174324	  0.00000000	  0.00218960
     -0.0425	    256.2844	 6.6504	 6.354215	 0.026743	  0.00213456	  0.00173940	  0.00039516	  0.00173940	  0.00000000	  0.00218599
     -0.0424	    256.3667	 6.6532	 6.356418	 0.026775	  0.00213208	  0.00173557	  0.00039651	  0.00173557	  0.00000000	  0.00218239
     -0.0422	    256.4488	 6.6560	 6.358617	 0.026808	  0.00212962	  0.00173176	  0.00039786	  0.00173176	  0.00000000	  0.00217881
     -0.0420	    256.5306	 6.6588	 6.360812	 0.026841	  0.00212717	  0.00172796	  0.00039920	  0.00172796	  0.00000000	  0.00217525
     -0.0418	    256.6122	 6.6616	 6.363004	 0.026873	  0.00212473	  0.00172418	  0.00040055	  0.00172418	  0.00000000	  0.00217170
     -0.0417	    256.6936	 6.6644	 6.365193	 0.026906	  0.00212230	  0.00172041	  0.00040189	  0.00172041	  0.00000000	  0.00216817
     -0.0415	    256.7748	 6.6672	 6.367377	 0.026939	  0.00211988	  0.00171666	  0.00040322	  0.00171666	  0.00000000	  0.00216465
     -0.0413	    256.8557	 6.6700	 6.369558	 0.026971	  0.00211747	  0.00171292	  0.00040456	  0.00171292	  0.00000000	  0.00216115
     -0.0411	    256.9364	 6.6728	 6.371736	 0.027004	  0.00211508	  0.00170919	  0.00040589	  0.00170919	  0.00000000	  0.00215767
     -0.0410	    257.0168	 6.6755	 6.373910	 0.027037	  0.00211270	  0.00170548	  0.00040722	  0.00170548	  0.00000000	  0.00215420
     -0.0408	    257.0970	 6.6783	 6.376080	 0.027069	  0.00211033	  0.00170178	  0.00040855	  0.00170178	  0.00000000	  0.00215075
     -0.0406	    257.1770	 6.6810	 6.378246	 0.027102	  0.00210797	  0.00169810	  0.00040987	  0.00169810	  0.00000000	  0.00214731
     -0.0405	    257.2568	 6.6838	 6.380409	 0.027135	  0.00210562	  0.00169443	  0.00041119	  0.00169443	  0.00000000	  0.00214388
     -0.0403	    257.3363	 6.6865	 6.382568	 0.027168	  0.00210329	  0.00169077	  0.00041251	  0.00169077	  0.00000000	  0.00214048
     -0.0401	    257.4156	 6.6893	 6.384724	 0.027200	  0.00210096	  0.00168713	  0.00041383	  0.00168713	  0.00000000	  0.00213709
     -0.0400	    257.4947	 6.6920	 6.386876	 0.027233	  0.00209865	  0.00168351	  0.00041514	  0.00168351	  0.00000000	  0.00213371
     -0.0398	    257.5735	 6.6947	 6.389024	 0.027266	  0.00209635	  0.00167989	  0.00041645	  0.00167989	  0.00000000	  0.00213035
     -0.0396	    257.6521	 6.6974	 6.391169	 0.027299	  0.00209406	  0.00167630	  0.00041776	  0.00167630	  0.00000000	  0.00212700
     -0.0395	    257.7305	 6.7001	 6.393310	 0.027332	  0.00209178	  0.00167271	  0.00041907	  0.00167271	  0.00000000	  0.00212367
     -0.0393	    257.8086	 6.7028	 6.395447	 0.027364	  0.00208951	  0.00166914	  0.00042037	  0.00166914	  0.00000000	  0.00212035
     -0.0391	    257.8866	 6.7055	 6.397580	 0.027397	  0.00208725	  0.00166558	  0.00042167	  0.00166558	  0.00000000	  0.00211705
     -0.0390	    257.9643	 6.7082	 6.399710	 0.027430	  0.00208501	  0.00166204	  0.00042297	  0.00166204	  0.00000000	  0.00211376
     -0.0388	    258.0417	 6.7109	 6.401836	 0.027463	  0.00208277	  0.00165851	  0.00042426	  0.00165851	  0.00000000	  0.00211049
     -0.0387	    258.1190	 6.7136	 6.403959	 0.027496	  0.00208055	  0.00165499	  0.00042556	  0.00165499	  0.00000000	  0.00210723
     -0.0385	    258.1960	 6.7163	 6.406077	 0.027528	  0.00207834	  0.00165149	  0.00042685	  0.00165149	  0.00000000	  0.00210399
     -0.0383	    258.2728	 6.7189	 6.408192	 0.027561	  0.00207613	  0.00164800	  0.00042813	  0.00164800	  0.00000000	  0.00210076
     -0.0382	    258.3493	 6.7216	 6.410304	 0.027594	  0.00207394	  0.00164452	  0.00042942	  0.00164452	  0.00000000	  0.00209755
     -0.0380	    258.4256	 6.7242	 6.412411	 0.027627	  0.00207176	  0.00164106	  0.00043070	  0.00164106	  0.00000000	  0.00209435
     -0.0379	    258.5018	 6.7269	 6.414515	 0.027660	  0.00206959	  0.00163761	  0.00043198	  0.00163761	  0.00000000	  0.00209116
     -0.0377	    258.5776	 6.7295	 6.416615	 0.027693	  0.00206743	  0.00163418	  0.00043325	  0.00163418	  0.00000000	  0.00208799
     -0.0376	    258.6533	 6.7322	 6.418712	 0.027725	  0.00206528	  0.00163076	  0.00043452	  0.00163076	  0.00000000	  0.00208483
     -0.0374	    258.7287	 6.7348	 6.420804	 0.027758	  0.00206314	  0.00162735	  0.00043579	  0.00162735	  0.00000000	  0.00208169
     -0.0372	    258.8039	 6.7374	 6.422893	 0.027791	  0.00206101	  0.00162395	  0.00043706	  0.00162395	  0.00000000	  0.00207856
     -0.0371	    258.8789	 6.7400	 6.424978	 0.027824	  0.00205889	  0.00162057	  0.00043833	  0.00162057	  0.00000000	  0.00207545
     -0.0369	    258.9537	 6.7426	 6.427060	 0.027857	  0.00205679	  0.00161720	  0.00043959	  0.00161720	  0.00000000	  0.00207235
     -0.0368	    259.0282	 6.7452	 6.429137	 0.027889	  0.00205469	  0.00161384	  0.00044085	  0.00161384	  0.00000000	  0.00206926
     -0.0366	    259.1025	 6.7478	 6.431211	 0.027922	  0.00205260	  0.00161050	  0.00044210	  0.00161050	  0.00000000	  0.00206619
     -0.0365	    259.1766	 6.7504	 6.433281	 0.027955	  0.00205052	  0.00160717	  0.00044336	  0.00160717	  0.00000000	  0.00206313
     -0.0363	    259.2505	 6.7530	 6.435348	 0.027988	  0.00204846	  0.00160385	  0.00044461	  0.00160385	  0.00000000	  0.00206008
     -0.0362	    259.3242	 6.7556	 6.437410	 0.028021	  0.00204640	  0.00160055	  0.00044585	  0.00160055	  0.00000000	  0.00205705
     -0.0360	    259.3976	 6.7582	 6.439469	 0.028053	  0.00204435	  0.00159725	  0.00044710	  0.00159725	  0.00000000	  0.00205403
     -0.0359	    259.4708	 6.7607	 6.441524	 0.028086	  0.00204231	  0.00159398	  0.00044834	  0.00159398	  0.00000000	  0.00205102
     -0.0357	    259.5438	 6.7633	 6.443575	 0.028119	  0.00204029	  0.00159071	  0.00044958	  0.00159071	  0.00000000	  0.00204803
     -0.0356	    259.6166	 6.7658	 6.445623	 0.028152	  0.00203827	  0.00158746	  0.00045081	  0.00158746	  0.00000000	  0.00204505
     -0.0354	    259.6891	 6.7684	 6.447666	 0.028185	  0.00203626	  0.00158421	  0.00045205	  0.00158421	  0.00000000	  0.00204209
     -0.0353	    259.7614	 6.7709	 6.449706	 0.028217	  0.00203426	  0.00158099	  0.00045328	  0.00158099	  0.00000000	  0.00203914
     -0.0351	    259.8336	 6.7734	 6.451742	 0.028250	  0.00203227	  0.00157777	  0.00045450	  0.00157777	  0.00000000	  0.00203620
     -0.0350	    259.9054	 6.7760	 6.453774	 0.028283	  0.00203029	  0.00157457	  0.00045573	  0.00157457	  0.00000000	  0.00203327
     -0.0348	    259.9771	 6.7785	 6.455803	 0.028315	  0.00202832	  0.00157138	  0.00045695	  0.00157138	  0.00000000	  0.00203036
     -0.0347	    260.0486	 6.7810	 6.457827	 0.028348	  0.00202636	  0.00156820	  0.00045817	  0.00156820	  0.00000000	  0.00202746
     -0.0346	    260.1198	 6.7835	 6.459848	 0.028381	  0.00202441	  0.00156503	  0.00045938	  0.00156503	  0.00000000	  0.00202457
     -0.0344	    260.1909	 6.7860	 6.461865	 0.028413	  0.00202247	  0.00156188	  0.00046059	  0.00156188	  0.00000000	  0.00202170
     -0.0343	    260.2617	 6.7885	 6.463878	 0.028446	  0.00202054	  0.00155874	  0.00046180	  0.00155874	  0.00000000	  0.00201884
     -0.0341	    260.3323	 6.7910	 6.465887	 0.028479	  0.00201862	  0.00155561	  0.00046301	  0.00155561	  0.00000000	  0.00201599
     -0.0340	    260.4026	 6.7935	 6.467893	 0.028511	  0.00201671	  0.00155249	  0.00046421	  0.00155249	  0.00000000	  0.00201315
     -0.0338	    260.4728	 6.7959	 6.469894	 0.028544	  0.00201480	  0.00154939	  0.00046541	  0.00154939	  0.00000000	  0.00201033
     -0.0337	    260.5427	 6.7984	 6.471892	 0.028577	  0.00201291	  0.00154630	  0.00046661	  0.00154630	  0.00000000	  0.00200752
     -0.0336	    260.6125	 6.8009	 6.473886	 0.028609	  0.00201102	  0.00154322	  0.00046780	  0.00154322	  0.00000000	  0.00200472
     -0.0334	    260.6820	 6.8033	 6.475876	 0.028642	  0.00200914	  0.00154015	  0.00046899	  0.00154015	  0.00000000	  0.00200194
     -0.0333	    260.7513	 6.8058	 6.477862	 0.028674	  0.00200728	  0.00153709	  0.00047018	  0.00153709	  0.00000000	  0.00199916
     -0.0331	    260.8204	 6.8082	 6.479844	 0.028707	  0.00200542	  0.00153405	  0.00047137	  0.00153405	  0.00000000	  0.00199640
     -0.0330	    260.8893	 6.8107	 6.481823	 0.028739	  0.00200357	  0.00153102	  0.00047255	  0.00153102	  0.00000000	  0.00199366
     -0.0329	    260.9579	 6.8131	 6.483797	 0.028772	  0.00200173	  0.00152800	  0.00047373	  0.00152800	  0.00000000	  0.00199092
     -0.0327	    261.0264	 6.8155	 6.485768	 0.028804	  0.00199989	  0.00152499	  0.00047491	  0.00152499	  0.00000000	  0.00198820
     -0.0326	    261.0946	 6.8179	 6.487735	 0.028837	  0.00199807	  0.00152199	  0.00047608	  0.00152199	  0.00000000	  0.00198548
     -0.0325	    261.1627	 6.8203	 6.489698	 0.028869	  0.00199626	  0.00151901	  0.00047725	  0.00151901	  0.00000000	  0.00198278
     -0.0323	    261.2305	 6.8227	 6.491657	 0.028902	  0.00199445	  0.00151603	  0.00047842	  0.00151603	  0.00000000	  0.00198010
     -0.0322	    261.2981	 6.8251	 6.493612	 0.028934	  0.00199265	  0.00151307	  0.00047958	  0.00151307	  0.00000000	  0.00197742
     -0.0321	    261.3655	 6.8275	 6.495563	 0.028966	  0.00199087	  0.00151012	  0.00048074	  0.00151012	  0.00000000	  0.00197476
     -0.0319	    261.4327	 6.8299	 6.497511	 0.028999	  0.00198909	  0.00150719	  0.00048190	  0.00150719	  0.00000000	  0.00197210
     -0.0318	    261.4997	 6.8323	 6.499454	 0.029031	  0.00198731	  0.00150426	  0.00048305	  0.00150426	  0.00000000	  0.00196946
     -0.0317	    261.5665	 6.8347	 6.501394	 0.029063	  0.00198555	  0.00150134	  0.00048421	  0.00150134	  0.00000000	  0.00196684
     -0.0315	    261.6330	 6.8370	 6.503330	 0.029096	  0.00198380	  0.00149844	  0.00048536	  0.00149844	  0.00000000	  0.00196422
     -0.0314	    261.6994	 6.8394	 6.505262	 0.029128	  0.00198205	  0.00149555	  0.00048650	  0.00149555	  0.00000000	  0.00196161
     -0.0313	    261.7655	 6.8418	 6.507190	 0.029160	  0.00198031	  0.00149267	  0.00048764	  0.00149267	  0.00000000	  0.00195902
     -0.0311	    261.8315	 6.8441	 6.509114	 0.029192	  0.00197858	  0.00148980	  0.00048878	  0.00148980	  0.00000000	  0.00195644
     -0.0310	    261.8972	 6.8464	 6.511034	 0.029224	  0.00197686	  0.00148694	  0.00048992	  0.00148694	  0.00000000	  0.00195387
     -0.0309	    261.9628	 6.8488	 6.512950	 0.029257	  0.00197515	  0.00148410	  0.00049105	  0.00148410	  0.00000000	  0.00195131
     -0.0307	    262.0281	 6.8511	 6.514862	 0.029289	  0.00197344	  0.00148126	  0.00049218	  0.00148126	  0.00000000	  0.00194876
     -0.0306	    262.0932	 6.8534	 6.516771	 0.029321	  0.00197175	  0.00147844	  0.00049331	  0.00147844	  0.00000000	  0.00194622
     -0.0305	    262.1581	 6.8558	 6.518675	 0.029353	  0.00197006	  0.00147562	  0.00049444	  0.00147562	  0.00000000	  0.00194370
     -0.0304	    262.2228	 6.8581	 6.520576	 0.029385	  0.00196838	  0.00147282	  0.00049556	  0.00147282	  0.00000000	  0.00194118
     -0.0302	    262.2873	 6.8604	 6.522472	 0.029417	  0.00196671	  0.00147003	  0.00049668	  0.00147003	  0.00000000	  0.00193868
     -0.0301	    262.3516	 6.8627	 6.524365	 0.029449	  0.00196504	  0.00146725	  0.00049779	  0.00146725	  0.00000000	  0.00193619
     -0.0300	    262.4158	 6.8650	 6.526254	 0.029481	  0.00196339	  0.00146448	  0.00049890	  0.00146448	  0.00000000	  0.00193371
     -0.0299	    262.4797	 6.8672	 6.528138	 0.029513	  0.00196174	  0.00146172	  0.00050001	  0.00146172	  0.00000000	  0.00193124
     -0.0297	    262.5433	 6.8695	 6.530019	 0.029545	  0.00196010	  0.00145898	  0.00050112	  0.00145898	  0.00000000	  0.00192878
     -0.0296	    262.6068	 6.8718	 6.531896	 0.029576	  0.00195846	  0.00145624	  0.00050222	  0.00145624	  0.00000000	  0.00192633
     -0.0295	    262.6701	 6.8741	 6.533769	 0.029608	  0.00195684	  0.00145352	  0.00050332	  0.00145352	  0.00000000	  0.00192390
     -0.0294	    262.7332	 6.8763	 6.535638	 0.029640	  0.00195522	  0.00145080	  0.00050442	  0.00145080	  0.00000000	  0.00192147
     -0.0292	    262.7961	 6.8786	 6.537504	 0.029672	  0.00195361	  0.00144810	  0.00050551	  0.00144810	  0.00000000	  0.00191905
     -0.0291	    262.8588	 6.8808	 6.539365	 0.029704	  0.00195201	  0.00144541	  0.00050660	  0.00144541	  0.00000000	  0.00191665
     -0.0290	    262.9213	 6.8831	 6.541222	 0.029735	  0.00195041	  0.00144272	  0.00050769	  0.00144272	  0.00000000	  0.00191426
     -0.0289	    262.9836	 6.8853	 6.543075	 0.029767	  0.00194883	  0.00144005	  0.00050877	  0.00144005	  0.00000000	  0.00191187
     -0.0287	    263.0457	 6.8875	 6.544925	 0.029799	  0.00194725	  0.00143739	  0.00050985	  0.00143739	  0.00000000	  0.00190950
     -0.0286	    263.1076	 6.8898	 6.546770	 0.029830	  0.00194567	  0.00143474	  0.00051093	  0.00143474	  0.00000000	  0.00190714
     -0.0285	    263.1693	 6.8920	 6.548611	 0.029862	  0.00194411	  0.00143210	  0.00051201	  0.00143210	  0.00000000	  0.00190479
     -0.0284	    263.2308	 6.8942	 6.550449	 0.029893	  0.00194255	  0.00142947	  0.00051308	  0.00142947	  0.00000000	  0.00190244
     -0.0283	    263.2921	 6.8964	 6.552283	 0.029925	  0.00194100	  0.00142686	  0.00051415	  0.00142686	  0.00000000	  0.00190011
     -0.0282	    263.3532	 6.8986	 6.554112	 0.029956	  0.00193946	  0.00142425	  0.00051521	  0.00142425	  0.00000000	  0.00189779
     -0.0280	    263.4141	 6.9008	 6.555938	 0.029988	  0.00193793	  0.00142165	  0.00051628	  0.00142165	  0.00000000	  0.00189548
     -0.0279	    263.4748	 6.9030	 6.557759	 0.030019	  0.00193640	  0.00141906	  0.00051734	  0.00141906	  0.00000000	  0.00189318
     -0.0278	    263.5354	 6.9052	 6.559577	 0.030050	  0.00193488	  0.00141648	  0.00051839	  0.00141648	  0.00000000	  0.00189089
     -0.0277	    263.5957	 6.9073	 6.561391	 0.030082	  0.00193336	  0.00141392	  0.00051945	  0.00141392	  0.00000000	  0.00188861
     -0.0276	    263.6558	 6.9095	 6.563201	 0.030113	  0.00193186	  0.00141136	  0.00052050	  0.00141136	  0.00000000	  0.00188634
     -0.0275	    263.7158	 6.9117	 6.565007	 0.030144	  0.00193036	  0.00140881	  0.00052154	  0.00140881	  0.00000000	  0.00188408
     -0.0273	    263.7755	 6.9138	 6.566808	 0.030175	  0.00192887	  0.00140628	  0.00052259	  0.00140628	  0.00000000	  0.00188183
     -0.0272	    263.8350	 6.9160	 6.568606	 0.030206	  0.00192738	  0.00140375	  0.00052363	  0.00140375	  0.00000000	  0.00187959
     -0.0271	    263.8944	 6.9181	 6.570400	 0.030237	  0.00192590	  0.00140124	  0.00052467	  0.00140124	  0.00000000	  0.00187736
     -0.0270	    263.9536	 6.9203	 6.572190	 0.030269	  0.00192443	  0.00139873	  0.00052570	  0.00139873	  0.00000000	  0.00187514
     -0.0269	    264.0125	 6.9224	 6.573976	 0.030300	  0.00192297	  0.00139623	  0.00052673	  0.00139623	  0.00000000	  0.00187293
     -0.0268	    264.0713	 6.9245	 6.575758	 0.030331	  0.00192151	  0.00139375	  0.00052776	  0.00139375	  0.00000000	  0.00187073
     -0.0267	    264.1299	 6.9266	 6.577536	 0.030362	  0.00192006	  0.00139127	  0.00052879	  0.00139127	  0.00000000	  0.00186854
     -0.0265	    264.1883	 6.9288	 6.579310	 0.030392	  0.00191862	  0.00138881	  0.00052981	  0.00138881	  0.00000000	  0.00186636
     -0.0264	    264.2465	 6.9309	 6.581081	 0.030423	  0.00191718	  0.00138635	  0.00053083	  0.00138635	  0.00000000	  0.00186419
     -0.0263	    264.3046	 6.9330	 6.582847	 0.030454	  0.00191575	  0.00138390	  0.00053185	  0.00138390	  0.00000000	  0.00186202
     -0.0262	    264.3624	 6.9351	 6.584609	 0.030485	  0.00191433	  0.00138147	  0.00053286	  0.00138147	  0.00000000	  0.00185987
     -0.0261	    264.4200	 6.9372	 6.586367	 0.030516	  0.00191291	  0.00137904	  0.00053387	  0.00137904	  0.00000000	  0.00185773
     -0.0260	    264.4775	 6.9392	 6.588121	 0.030546	  0.00191150	  0.00137662	  0.00053488	  0.00137662	  0.00000000	  0.00185559
     -0.0259	    264.5348	 6.9413	 6.589872	 0.030577	  0.00191010	  0.00137422	  0.00053588	  0.00137422	  0.00000000	  0.00185347
     -0.0258	    264.5919	 6.9434	 6.591618	 0.030608	  0.00190870	  0.00137182	  0.00053688	  0.00137182	  0.00000000	  0.00185136
     -0.0257	    264.6487	 6.9455	 6.593360	 0.030638	  0.00190731	  0.00136943	  0.00053788	  0.00136943	  0.00000000	  0.00184925
     -0.0256	    264.7055	 6.9475	 6.595098	 0.030669	  0.00190593	  0.00136705	  0.00053887	  0.00136705	  0.00000000	  0.00184715
     -0.0254	    264.7620	 6.9496	 6.596833	 0.030699	  0.00190455	  0.00136468	  0.00053987	  0.00136468	  0.00000000	  0.00184507
     -0.0253	    264.8183	 6.9516	 6.598563	 0.030730	  0.00190318	  0.00136232	  0.00054085	  0.00136232	  0.00000000	  0.00184299
     -0.0252	    264.8745	 6.9537	 6.600290	 0.030760	  0.00190181	  0.00135997	  0.00054184	  0.00135997	  0.00000000	  0.00184092
     -0.0251	    264.9304	 6.9557	 6.602012	 0.030790	  0.00190046	  0.00135763	  0.00054282	  0.00135763	  0.00000000	  0.00183886
     -0.0250	    264.9862	 6.9577	 6.603730	 0.030821	  0.00189911	  0.00135530	  0.00054380	  0.00135530	  0.00000000	  0.00183681
     -0.0249	    265.0418	 6.9598	 6.605445	 0.030851	  0.00189776	  0.00135298	  0.00054478	  0.00135298	  0.00000000	  0.00183477
     -0.0248	    265.0972	 6.9618	 6.607155	 0.030881	  0.00189642	  0.00135067	  0.00054575	  0.00135067	  0.00000000	  0.00183274
     -0.0247	    265.1525	 6.9638	 6.608862	 0.030911	  0.00189509	  0.00134837	  0.00054672	  0.00134837	  0.00000000	  0.00183071
     -0.0246	    265.2075	 6.9658	 6.610565	 0.030942	  0.00189376	  0.00134607	  0.00054769	  0.00134607	  0.00000000	  0.00182870
     -0.0245	    265.2624	 6.9678	 6.612263	 0.030972	  0.00189244	  0.00134379	  0.00054865	  0.00134379	  0.00000000	  0.00182669
     -0.0244	    265.3171	 6.9698	 6.613958	 0.031002	  0.00189113	  0.00134151	  0.00054962	  0.00134151	  0.00000000	  0.00182470
     -0.0243	    265.3716	 6.9718	 6.615648	 0.031032	  0.00188982	  0.00133925	  0.00055057	  0.00133925	  0.00000000	  0.00182271
     -0.0242	    265.4259	 6.9738	 6.617335	 0.031062	  0.00188852	  0.00133699	  0.00055153	  0.00133699	  0.00000000	  0.00182073
     -0.0241	    265.4801	 6.9757	 6.619018	 0.031091	  0.00188722	  0.00133474	  0.00055248	  0.00133474	  0.00000000	  0.00181876
     -0.0240	    265.5340	 6.9777	 6.620697	 0.031121	  0.00188593	  0.00133250	  0.00055343	  0.00133250	  0.00000000	  0.00181680
     -0.0239	    265.5878	 6.9797	 6.622371	 0.031151	  0.00188465	  0.00133027	  0.00055438	  0.00133027	  0.00000000	  0.00181484
     -0.0238	    265.6414	 6.9816	 6.624042	 0.031181	  0.00188337	  0.00132805	  0.00055532	  0.00132805	  0.00000000	  0.00181290
     -0.0237	    265.6949	 6.9836	 6.625709	 0.031211	  0.00188210	  0.00132584	  0.00055626	  0.00132584	  0.00000000	  0.00181096
     -0.0236	    265.7481	 6.9855	 6.627372	 0.031240	  0.00188084	  0.00132364	  0.00055720	  0.00132364	  0.00000000	  0.00180903
     -0.0235	    265.8012	 6.9875	 6.629031	 0.031270	  0.00187958	  0.00132144	  0.00055813	  0.00132144	  0.00000000	  0.00180711
     -0.0234	    265.8541	 6.9894	 6.630686	 0.031299	  0.00187832	  0.00131926	  0.00055906	  0.00131926	  0.00000000	  0.00180520
     -0.0233	    265.9068	 6.9913	 6.632337	 0.031329	  0.00187707	  0.00131708	  0.00055999	  0.00131708	  0.00000000	  0.00180330
     -0.0232	    265.9594	 6.9933	 6.633984	 0.031358	  0.00187583	  0.00131491	  0.00056092	  0.00131491	  0.00000000	  0.00180141
     -0.0231	    266.0117	 6.9952	 6.635627	 0.031388	  0.00187459	  0.00131276	  0.00056184	  0.00131276	  0.00000000	  0.00179952
     -0.0230	    266.0639	 6.9971	 6.637266	 0.031417	  0.00187336	  0.00131061	  0.00056276	  0.00131061	  0.00000000	  0.00179764
     -0.0229	    266.1159	 6.9990	 6.638901	 0.031446	  0.00187214	  0.00130846	  0.00056367	  0.00130846	  0.00000000	  0.00179577
     -0.0228	    266.1678	 7.0009	 6.640532	 0.031476	  0.00187092	  0.00130633	  0.00056459	  0.00130633	  0.00000000	  0.00179391
     -0.0227	    266.2195	 7.0028	 6.642159	 0.031505	  0.00186971	  0.00130421	  0.00056550	  0.00130421	  0.00000000	  0.00179206
     -0.0226	    266.2710	 7.0047	 6.643782	 0.031534	  0.00186850	  0.00130209	  0.00056641	  0.00130209	  0.00000000	  0.00179022
     -0.0225	    266.3223	 7.0066	 6.645402	 0.031563	  0.00186730	  0.00129999	  0.00056731	  0.00129999	  0.00000000	  0.00178838
     -0.0224	    266.3734	 7.0085	 6.647017	 0.031592	  0.00186610	  0.00129789	  0.00056821	  0.00129789	  0.00000000	  0.00178655
     -0.0223	    266.4244	 7.0103	 6.648628	 0.031621	  0.00186491	  0.00129580	  0.00056911	  0.00129580	  0.00000000	  0.00178473
     -0.0222	    266.4752	 7.0122	 6.650236	 0.031650	  0.00186372	  0.00129372	  0.00057000	  0.00129372	  0.00000000	  0.00178292
     -0.0221	    266.5259	 7.0141	 6.651839	 0.031679	  0.00186254	  0.00129164	  0.00057090	  0.00129164	  0.00000000	  0.00178111
     -0.0220	    266.5763	 7.0159	 6.653439	 0.031708	  0.00186137	  0.00128958	  0.00057179	  0.00128958	  0.00000000	  0.00177931
     -0.0219	    266.6266	 7.0178	 6.655034	 0.031737	  0.00186020	  0.00128752	  0.00057267	  0.00128752	  0.00000000	  0.00177753
     -0.0218	    266.6768	 7.0196	 6.656626	 0.031765	  0.00185903	  0.00128548	  0.00057356	  0.00128548	  0.00000000	  0.00177574
     -0.0217	    266.7267	 7.0215	 6.658214	 0.031794	  0.00185788	  0.00128344	  0.00057444	  0.00128344	  0.00000000	  0.00177397
     -0.0217	    266.7765	 7.0233	 6.659797	 0.031823	  0.00185672	  0.00128141	  0.00057532	  0.00128141	  0.00000000	  0.00177221
     -0.0216	    266.8261	 7.0251	 6.661377	 0.031851	  0.00185557	  0.00127938	  0.00057619	  0.00127938	  0.00000000	  0.00177045
     -0.0215	    266.8756	 7.0269	 6.662953	 0.031880	  0.00185443	  0.00127737	  0.00057706	  0.00127737	  0.00000000	  0.00176870
     -0.0214	    266.9249	 7.0288	 6.664525	 0.031908	  0.00185329	  0.00127536	  0.00057793	  0.00127536	  0.00000000	  0.00176695
     -0.0213	    266.9740	 7.0306	 6.666093	 0.031936	  0.00185216	  0.00127336	  0.00057880	  0.00127336	  0.00000000	  0.00176522
     -0.0212	    267.0230	 7.0324	 6.667657	 0.031965	  0.00185104	  0.00127137	  0.00057966	  0.00127137	  0.00000000	  0.00176349
     -0.0211	    267.0717	 7.0342	 6.669217	 0.031993	  0.00184991	  0.00126939	  0.00058052	  0.00126939	  0.00000000	  0.00176177
     -0.0210	    267.1204	 7.0360	 6.670773	 0.032021	  0.00184880	  0.00126742	  0.00058138	  0.00126742	  0.00000000	  0.00176006
     -0.0209	    267.1688	 7.0378	 6.672326	 0.032050	  0.00184769	  0.00126545	  0.00058223	  0.00126545	  0.00000000	  0.00175836
     -0.0208	    267.2171	 7.0396	 6.673874	 0.032078	  0.00184658	  0.00126349	  0.00058309	  0.00126349	  0.00000000	  0.00175666
     -0.0208	    267.2652	 7.0413	 6.675419	 0.032106	  0.00184548	  0.00126154	  0.00058393	  0.00126154	  0.00000000	  0.00175497
     -0.0207	    267.3132	 7.0431	 6.676959	 0.032134	  0.00184438	  0.00125960	  0.00058478	  0.00125960	  0.00000000	  0.00175329
     -0.0206	    267.3610	 7.0449	 6.678496	 0.032162	  0.00184329	  0.00125767	  0.00058562	  0.00125767	  0.00000000	  0.00175161
     -0.0205	    267.4086	 7.0466	 6.680029	 0.032190	  0.00184221	  0.00125574	  0.00058646	  0.00125574	  0.00000000	  0.00174994
     -0.0204	    267.4561	 7.0484	 6.681557	 0.032218	  0.00184113	  0.00125382	  0.00058730	  0.00125382	  0.00000000	  0.00174828
     -0.0203	    267.5034	 7.0501	 6.683082	 0.032245	  0.00184005	  0.00125191	  0.00058814	  0.00125191	  0.00000000	  0.00174663
     -0.0202	    267.5506	 7.0519	 6.684603	 0.032273	  0.00183898	  0.00125001	  0.00058897	  0.00125001	  0.00000000	  0.00174498
     -0.0201	    267.5976	 7.0536	 6.686120	 0.032301	  0.00183791	  0.00124812	  0.00058980	  0.00124812	  0.00000000	  0.00174334
     -0.0201	    267.6444	 7.0554	 6.687634	 0.032328	  0.00183685	  0.00124623	  0.00059062	  0.00124623	  0.00000000	  0.00174171
     -0.0200	    267.6911	 7.0571	 6.689143	 0.032356	  0.00183580	  0.00124435	  0.00059145	  0.00124435	  0.00000000	  0.00174009
     -0.0199	    267.7376	 7.0588	 6.690648	 0.032384	  0.00183474	  0.00124248	  0.00059227	  0.00124248	  0.00000000	  0.00173847
     -0.0198	    267.7839	 7.0605	 6.692150	 0.032411	  0.00183370	  0.00124061	  0.00059308	  0.00124061	  0.00000000	  0.00173686
     -0.0197	    267.8301	 7.0622	 6.693647	 0.032438	  0.00183266	  0.00123876	  0.00059390	  0.00123876	  0.00000000	  0.00173525
     -0.0196	    267.8761	 7.0640	 6.695141	 0.032466	  0.00183162	  0.00123691	  0.00059471	  0.00123691	  0.00000000	  0.00173366
     -0.0195	    267.9220	 7.0657	 6.696631	 0.032493	  0.00183059	  0.00123507	  0.00059552	  0.00123507	  0.00000000	  0.00173207
     -0.0195	    267.9677	 7.0674	 6.698117	 0.032520	  0.00182956	  0.00123323	  0.00059633	  0.00123323	  0.00000000	  0.00173048
     -0.0194	    268.0133	 7.0690	 6.699599	 0.032548	  0.00182854	  0.00123141	  0.00059713	  0.00123141	  0.00000000	  0.00172891
     -0.0193	    268.0587	 7.0707	 6.701078	 0.032575	  0.00182752	  0.00122959	  0.00059793	  0.00122959	  0.00000000	  0.00172734
     -0.0192	    268.1039	 7.0724	 6.702552	 0.032602	  0.00182650	  0.00122777	  0.00059873	  0.00122777	  0.00000000	  0.00172578
     -0.0191	    268.1490	 7.0741	 6.704022	 0.032629	  0.00182550	  0.00122597	  0.00059953	  0.00122597	  0.00000000	  0.00172422
     -0.0190	    268.1939	 7.0758	 6.705489	 0.032656	  0.00182449	  0.00122417	  0.00060032	  0.00122417	  0.00000000	  0.00172267
     -0.0190	    268.2387	 7.0774	 6.706952	 0.032683	  0.00182349	  0.00122238	  0.00060111	  0.00122238	  0.00000000	  0.00172113
     -0.0189	    268.2833	 7.0791	 6.708411	 0.032709	  0.00182250	  0.00122060	  0.00060189	  0.00122060	  0.00000000	  0.00171959
     -0.0188	    268.3278	 7.0807	 6.709866	 0.032736	  0.00182151	  0.00121883	  0.00060268	  0.00121883	  0.00000000	  0.00171807
     -0.0187	    268.3721	 7.0824	 6.711317	 0.032763	  0.00182052	  0.00121706	  0.00060346	  0.00121706	  0.00000000	  0.00171654
     -0.0186	    268.4163	 7.0840	 6.712765	 0.032790	  0.00181954	  0.00121530	  0.00060424	  0.00121530	  0.00000000	  0.00171503
     -0.0186	    268.4603	 7.0857	 6.714208	 0.032816	  0.00181856	  0.00121355	  0.00060502	  0.00121355	  0.00000000	  0.00171352
     -0.0185	    268.5041	 7.0873	 6.715648	 0.032843	  0.00181759	  0.00121180	  0.00060579	  0.00121180	  0.00000000	  0.00171202
     -0.0184	    268.5478	 7.0889	 6.717084	 0.032869	  0.00181662	  0.00121006	  0.00060656	  0.00121006	  0.00000000	  0.00171052
     -0.0183	    268.5914	 7.0906	 6.718516	 0.032896	  0.00181566	  0.00120833	  0.00060733	  0.00120833	  0.00000000	  0.00170903
     -0.0182	    268.6348	 7.0922	 6.719944	 0.032922	  0.00181470	  0.00120661	  0.00060809	  0.00120661	  0.00000000	  0.00170755
     -0.0182	    268.6780	 7.0938	 6.721368	 0.032948	  0.00181374	  0.00120489	  0.00060886	  0.00120489	  0.00000000	  0.00170607
     -0.0181	    268.7211	 7.0954	 6.722789	 0.032975	  0.00181279	  0.00120318	  0.00060961	  0.00120318	  0.00000000	  0.00170460
     -0.0180	    268.7641	 7.0970	 6.724206	 0.033001	  0.00181185	  0.00120147	  0.00061037	  0.00120147	  0.00000000	  0.00170314
     -0.0179	    268.8069	 7.0986	 6.725619	 0.033027	  0.00181090	  0.00119978	  0.00061113	  0.00119978	  0.00000000	  0.00170168
     -0.0179	    268.8495	 7.1002	 6.727028	 0.033053	  0.00180997	  0.00119809	  0.00061188	  0.00119809	  0.00000000	  0.00170023
     -0.0178	    268.8920	 7.1018	 6.728433	 0.033079	  0.00180903	  0.00119641	  0.00061263	  0.00119641	  0.00000000	  0.00169879
     -0.0177	    268.9344	 7.1034	 6.729835	 0.033105	  0.00180810	  0.00119473	  0.00061337	  0.00119473	  0.00000000	  0.00169735
     -0.0176	    268.9766	 7.1049	 6.731233	 0.033131	  0.00180718	  0.00119306	  0.00061412	  0.00119306	  0.00000000	  0.00169592
     -0.0176	    269.0186	 7.1065	 6.732626	 0.033157	  0.00180626	  0.00119140	  0.00061486	  0.00119140	  0.00000000	  0.00169449
     -0.0175	    269.0606	 7.1081	 6.734017	 0.033183	  0.00180534	  0.00118974	  0.00061560	  0.00118974	  0.00000000	  0.00169307
     -0.0174	    269.1023	 7.1096	 6.735403	 0.033208	  0.00180443	  0.00118810	  0.00061633	  0.00118810	  0.00000000	  0.00169166
     -0.0173	    269.1439	 7.1112	 6.736786	 0.033234	  0.00180352	  0.00118645	  0.00061707	  0.00118645	  0.00000000	  0.00169025
     -0.0172	    269.1854	 7.1127	 6.738164	 0.033260	  0.00180262	  0.00118482	  0.00061780	  0.00118482	  0.00000000	  0.00168885
     -0.0172	    269.2267	 7.1143	 6.739540	 0.033285	  0.00180172	  0.00118319	  0.00061853	  0.00118319	  0.00000000	  0.00168745
     -0.0171	    269.2679	 7.1158	 6.740911	 0.033311	  0.00180082	  0.00118157	  0.00061925	  0.00118157	  0.00000000	  0.00168606
     -0.0170	    269.3090	 7.1174	 6.742278	 0.033336	  0.00179993	  0.00117996	  0.00061997	  0.00117996	  0.00000000	  0.00168468
     -0.0170	    269.3499	 7.1189	 6.743642	 0.033361	  0.00179904	  0.00117835	  0.00062069	  0.00117835	  0.00000000	  0.00168330
     -0.0169	    269.3906	 7.1204	 6.745002	 0.033387	  0.00179816	  0.00117675	  0.00062141	  0.00117675	  0.00000000	  0.00168193
     -0.0168	    269.4312	 7.1220	 6.746358	 0.033412	  0.00179728	  0.00117515	  0.00062213	  0.00117515	  0.00000000	  0.00168057
     -0.0167	    269.4717	 7.1235	 6.747711	 0.033437	  0.00179640	  0.00117356	  0.00062284	  0.00117356	  0.00000000	  0.00167921
     -0.0167	    269.5120	 7.1250	 6.749060	 0.033462	  0.00179553	  0.00117198	  0.00062355	  0.00117198	  0.00000000	  0.00167785
     -0.0166	    269.5522	 7.1265	 6.750405	 0.033487	  0.00179466	  0.00117041	  0.00062426	  0.00117041	  0.00000000	  0.00167651
     -0.0165	    269.5922	 7.1280	 6.751746	 0.033512	  0.00179380	  0.00116884	  0.00062496	  0.00116884	  0.00000000	  0.00167516
     -0.0164	    269.6321	 7.1295	 6.753084	 0.033537	  0.00179294	  0.00116727	  0.00062566	  0.00116727	  0.00000000	  0.00167383
     -0.0164	    269.6719	 7.1310	 6.754418	 0.033562	  0.00179208	  0.00116572	  0.00062636	  0.00116572	  0.00000000	  0.00167250
     -0.0163	    269.7115	 7.1325	 6.755748	 0.033587	  0.00179123	  0.00116417	  0.00062706	  0.00116417	  0.00000000	  0.00167117
     -0.0162	    269.7510	 7.1339	 6.757074	 0.033612	  0.00179038	  0.00116263	  0.00062776	  0.00116263	  0.00000000	  0.00166985
     -0.0162	    269.7903	 7.1354	 6.758397	 0.033637	  0.00178954	  0.00116109	  0.00062845	  0.00116109	  0.00000000	  0.00166854
     -0.0161	    269.8295	 7.1369	 6.759716	 0.033661	  0.00178870	  0.00115956	  0.00062914	  0.00115956	  0.00000000	  0.00166723
     -0.0160	    269.8686	 7.1384	 6.761031	 0.033686	  0.00178786	  0.00115803	  0.00062983	  0.00115803	  0.00000000	  0.00166593
     -0.0160	    269.9075	 7.1398	 6.762343	 0.033710	  0.00178703	  0.00115652	  0.00063051	  0.00115652	  0.00000000	  0.00166463
     -0.0159	    269.9463	 7.1413	 6.763651	 0.033735	  0.00178620	  0.00115500	  0.00063119	  0.00115500	  0.00000000	  0.00166334
     -0.0158	    269.9849	 7.1427	 6.764955	 0.033759	  0.00178537	  0.00115350	  0.00063187	  0.00115350	  0.00000000	  0.00166206
     -0.0157	    270.0234	 7.1442	 6.766256	 0.033784	  0.00178455	  0.00115200	  0.00063255	  0.00115200	  0.00000000	  0.00166078
     -0.0157	    270.0618	 7.1456	 6.767553	 0.033808	  0.00178373	  0.00115051	  0.00063322	  0.00115051	  0.00000000	  0.00165950
     -0.0156	    270.1001	 7.1471	 6.768846	 0.033832	  0.00178292	  0.00114902	  0.00063390	  0.00114902	  0.00000000	  0.00165824
     -0.0155	    270.1382	 7.1485	 6.770136	 0.033856	  0.00178211	  0.00114754	  0.00063457	  0.00114754	  0.00000000	  0.00165697
     -0.0155	    270.1761	 7.1499	 6.771421	 0.033880	  0.00178130	  0.00114606	  0.00063523	  0.00114606	  0.00000000	  0.00165571
     -0.0154	    270.2140	 7.1514	 6.772704	 0.033904	  0.00178049	  0.00114460	  0.00063590	  0.00114460	  0.00000000	  0.00165446
     -0.0153	    270.2517	 7.1528	 6.773982	 0.033928	  0.00177969	  0.00114313	  0.00063656	  0.00114313	  0.00000000	  0.00165322
     -0.0153	    270.2892	 7.1542	 6.775257	 0.033952	  0.00177890	  0.00114168	  0.00063722	  0.00114168	  0.00000000	  0.00165197
     -0.0152	    270.3267	 7.1556	 6.776529	 0.033976	  0.00177810	  0.00114023	  0.00063788	  0.00114023	  0.00000000	  0.00165074
     -0.0151	    270.3640	 7.1570	 6.777796	 0.034000	  0.00177732	  0.00113878	  0.00063853	  0.00113878	  0.00000000	  0.00164951
     -0.0151	    270.4011	 7.1584	 6.779060	 0.034024	  0.00177653	  0.00113734	  0.00063919	  0.00113734	  0.00000000	  0.00164828
     -0.0150	    270.4382	 7.1598	 6.780321	 0.034047	  0.00177575	  0.00113591	  0.00063984	  0.00113591	  0.00000000	  0.00164706
     -0.0149	    270.4751	 7.1612	 6.781578	 0.034071	  0.00177497	  0.00113448	  0.00064049	  0.00113448	  0.00000000	  0.00164585
     -0.0149	    270.5118	 7.1626	 6.782831	 0.034095	  0.00177419	  0.00113306	  0.00064113	  0.00113306	  0.00000000	  0.00164464
     -0.0148	    270.5485	 7.1640	 6.784081	 0.034118	  0.00177342	  0.00113165	  0.00064177	  0.00113165	  0.00000000	  0.00164343
     -0.0147	    270.5850	 7.1654	 6.785327	 0.034141	  0.00177265	  0.00113024	  0.00064241	  0.00113024	  0.00000000	  0.00164223
     -0.0147	    270.6214	 7.1667	 6.786569	 0.034165	  0.00177189	  0.00112884	  0.00064305	  0.00112884	  0.00000000	  0.00164104
     -0.0146	    270.6576	 7.1681	 6.787808	 0.034188	  0.00177113	  0.00112744	  0.00064369	  0.00112744	  0.00000000	  0.00163985
     -0.0146	    270.6937	 7.1695	 6.789043	 0.034211	  0.00177037	  0.00112605	  0.00064432	  0.00112605	  0.00000000	  0.00163866
     -0.0145	    270.7297	 7.1708	 6.790275	 0.034235	  0.00176961	  0.00112466	  0.00064495	  0.00112466	  0.00000000	  0.00163748
     -0.0144	    270.7656	 7.1722	 6.791503	 0.034258	  0.00176886	  0.00112328	  0.00064558	  0.00112328	  0.00000000	  0.00163631
     -0.0144	    270.8013	 7.1735	 6.792727	 0.034281	  0.00176812	  0.00112190	  0.00064621	  0.00112190	  0.00000000	  0.00163514
     -0.0143	    270.8369	 7.1749	 6.793948	 0.034304	  0.00176737	  0.00112054	  0.00064683	  0.00112054	  0.00000000	  0.00163398
     -0.0142	    270.8724	 7.1762	 6.795166	 0.034327	  0.00176663	  0.00111917	  0.00064746	  0.00111917	  0.00000000	  0.00163282
     -0.0142	    270.9077	 7.1775	 6.796380	 0.034350	  0.00176589	  0.00111781	  0.00064808	  0.00111781	  0.00000000	  0.00163166
     -0.0141	    270.9430	 7.1789	 6.797590	 0.034373	  0.00176516	  0.00111646	  0.00064869	  0.00111646	  0.00000000	  0.00163052
     -0.0141	    270.9781	 7.1802	 6.798797	 0.034395	  0.00176443	  0.00111512	  0.00064931	  0.00111512	  0.00000000	  0.00162937
     -0.0140	    271.0130	 7.1815	 6.800000	 0.034418	  0.00176370	  0.00111378	  0.00064992	  0.00111378	  0.00000000	  0.00162823
     -0.0139	    271.0479	 7.1829	 6.801200	 0.034441	  0.00176297	  0.00111244	  0.00065053	  0.00111244	  0.00000000	  0.00162710
     -0.0139	    271.0826	 7.1842	 6.802396	 0.034463	  0.00176225	  0.00111111	  0.00065114	  0.00111111	  0.00000000	  0.00162597
     -0.0138	    271.1172	 7.1855	 6.803589	 0.034486	  0.00176153	  0.00110979	  0.00065175	  0.00110979	  0.00000000	  0.00162484
     -0.0137	    271.1517	 7.1868	 6.804778	 0.034508	  0.00176082	  0.00110847	  0.00065235	  0.00110847	  0.00000000	  0.00162372
     -0.0137	    271.1860	 7.1881	 6.805963	 0.034531	  0.00176011	  0.00110715	  0.00065295	  0.00110715	  0.00000000	  0.00162261
     -0.0136	    271.2202	 7.1894	 6.807146	 0.034553	  0.00175940	  0.00110584	  0.00065355	  0.00110584	  0.00000000	  0.00162150
     -0.0136	    271.2543	 7.1907	 6.808324	 0.034575	  0.00175869	  0.00110454	  0.00065415	  0.00110454	  0.00000000	  0.00162039
     -0.0135	    271.2883	 7.1920	 6.809499	 0.034598	  0.00175799	  0.00110325	  0.00065474	  0.00110325	  0.00000000	  0.00161929
     -0.0134	    271.3222	 7.1932	 6.810671	 0.034620	  0.00175729	  0.00110195	  0.00065534	  0.00110195	  0.00000000	  0.00161820
     -0.0134	    271.3559	 7.1945	 6.811839	 0.034642	  0.00175659	  0.00110067	  0.00065593	  0.00110067	  0.00000000	  0.00161710
     -0.0133	    271.3895	 7.1958	 6.813004	 0.034664	  0.00175590	  0.00109939	  0.00065651	  0.00109939	  0.00000000	  0.00161602
     -0.0133	    271.4230	 7.1971	 6.814165	 0.034686	  0.00175521	  0.00109811	  0.00065710	  0.00109811	  0.00000000	  0.00161494
     -0.0132	    271.4564	 7.1983	 6.815323	 0.034708	  0.00175452	  0.00109684	  0.00065768	  0.00109684	  0.00000000	  0.00161386
     -0.0132	    271.4896	 7.1996	 6.816478	 0.034730	  0.00175384	  0.00109557	  0.00065826	  0.00109557	  0.00000000	  0.00161279
     -0.0131	    271.5228	 7.2009	 6.817628	 0.034752	  0.00175316	  0.00109431	  0.00065884	  0.00109431	  0.00000000	  0.00161172
     -0.0130	    271.5558	 7.2021	 6.818776	 0.034773	  0.00175248	  0.00109306	  0.00065942	  0.00109306	  0.00000000	  0.00161065
     -0.0130	    271.5887	 7.2034	 6.819920	 0.034795	  0.00175180	  0.00109181	  0.00066000	  0.00109181	  0.00000000	  0.00160959
     -0.0129	    271.6214	 7.2046	 6.821061	 0.034817	  0.00175113	  0.00109056	  0.00066057	  0.00109056	  0.00000000	  0.00160854
     -0.0129	    271.6541	 7.2058	 6.822198	 0.034838	  0.00175046	  0.00108932	  0.00066114	  0.00108932	  0.00000000	  0.00160749
     -0.0128	    271.6866	 7.2071	 6.823332	 0.034860	  0.00174980	  0.00108809	  0.00066171	  0.00108809	  0.00000000	  0.00160644
     -0.0128	    271.7190	 7.2083	 6.824462	 0.034881	  0.00174913	  0.00108686	  0.00066227	  0.00108686	  0.00000000	  0.00160540
     -0.0127	    271.7513	 7.2095	 6.825589	 0.034903	  0.00174847	  0.00108564	  0.00066284	  0.00108564	  0.00000000	  0.00160437
     -0.0126	    271.7835	 7.2108	 6.826713	 0.034924	  0.00174782	  0.00108442	  0.00066340	  0.00108442	  0.00000000	  0.00160333
     -0.0126	    271.8156	 7.2120	 6.827833	 0.034945	  0.00174716	  0.00108320	  0.00066396	  0.00108320	  0.00000000	  0.00160231
     -0.0125	    271.8475	 7.2132	 6.828949	 0.034967	  0.00174651	  0.00108199	  0.00066452	  0.00108199	  0.00000000	  0.00160128
     -0.0125	    271.8794	 7.2144	 6.830063	 0.034988	  0.00174586	  0.00108079	  0.00066507	  0.00108079	  0.00000000	  0.00160026
     -0.0124	    271.9111	 7.2156	 6.831173	 0.035009	  0.00174522	  0.00107959	  0.00066563	  0.00107959	  0.00000000	  0.00159925
     -0.0124	    271.9427	 7.2168	 6.832280	 0.035030	  0.00174457	  0.00107840	  0.00066618	  0.00107840	  0.00000000	  0.00159824
     -0.0123	    271.9742	 7.2180	 6.833383	 0.035051	  0.00174393	  0.00107721	  0.00066673	  0.00107721	  0.00000000	  0.00159723
     -0.0123	    272.0055	 7.2192	 6.834483	 0.035072	  0.00174330	  0.00107602	  0.00066727	  0.00107602	  0.00000000	  0.00159623
     -0.0122	    272.0368	 7.2204	 6.835580	 0.035093	  0.00174266	  0.00107484	  0.00066782	  0.00107484	  0.00000000	  0.00159523
     -0.0121	    272.0679	 7.2216	 6.836673	 0.035113	  0.00174203	  0.00107367	  0.00066836	  0.00107367	  0.00000000	  0.00159424
     -0.0121	    272.0990	 7.2228	 6.837763	 0.035134	  0.00174140	  0.00107250	  0.00066890	  0.00107250	  0.00000000	  0.00159325
     -0.0120	    272.1299	 7.2239	 6.838849	 0.035155	  0.00174078	  0.00107134	  0.00066944	  0.00107134	  0.00000000	  0.00159227
     -0.0120	    272.1607	 7.2251	 6.839933	 0.035175	  0.00174015	  0.00107018	  0.00066998	  0.00107018	  0.00000000	  0.00159128
     -0.0119	    272.1914	 7.2263	 6.841013	 0.035196	  0.00173953	  0.00106902	  0.00067051	  0.00106902	  0.00000000	  0.00159031
     -0.0119	    272.2220	 7.2275	 6.842089	 0.035217	  0.00173892	  0.00106787	  0.00067105	  0.00106787	  0.00000000	  0.00158934
     -0.0118	    272.2524	 7.2286	 6.843163	 0.035237	  0.00173830	  0.00106672	  0.00067158	  0.00106672	  0.00000000	  0.00158837
     -0.0118	    272.2828	 7.2298	 6.844233	 0.035257	  0.00173769	  0.00106558	  0.00067211	  0.00106558	  0.00000000	  0.00158740
     -0.0117	    272.3130	 7.2309	 6.845300	 0.035278	  0.00173708	  0.00106445	  0.00067263	  0.00106445	  0.00000000	  0.00158644
     -0.0117	    272.3432	 7.2321	 6.846363	 0.035298	  0.00173647	  0.00106332	  0.00067316	  0.00106332	  0.00000000	  0.00158549
     -0.0116	    272.3732	 7.2332	 6.847423	 0.035318	  0.00173587	  0.00106219	  0.00067368	  0.00106219	  0.00000000	  0.00158454
     -0.0116	    272.4031	 7.2344	 6.848480	 0.035338	  0.00173527	  0.00106107	  0.00067420	  0.00106107	  0.00000000	  0.00158359
     -0.0115	    272.4329	 7.2355	 6.849534	 0.035359	  0.00173467	  0.00105995	  0.00067472	  0.00105995	  0.00000000	  0.00158264
     -0.0115	    272.4626	 7.2366	 6.850584	 0.035379	  0.00173407	  0.00105884	  0.00067524	  0.00105884	  0.00000000	  0.00158170
     -0.0114	    272.4922	 7.2378	 6.851632	 0.035399	  0.00173348	  0.00105773	  0.00067575	  0.00105773	  0.00000000	  0.00158077
     -0.0114	    272.5217	 7.2389	 6.852675	 0.035418	  0.00173289	  0.00105662	  0.00067626	  0.00105662	  0.00000000	  0.00157984
     -0.0113	    272.5511	 7.2400	 6.853716	 0.035438	  0.00173230	  0.00105553	  0.00067677	  0.00105553	  0.00000000	  0.00157891
     -0.0113	    272.5804	 7.2411	 6.854754	 0.035458	  0.00173171	  0.00105443	  0.00067728	  0.00105443	  0.00000000	  0.00157798
     -0.0112	    272.6095	 7.2423	 6.855788	 0.035478	  0.00173113	  0.00105334	  0.00067779	  0.00105334	  0.00000000	  0.00157706
     -0.0112	    272.6386	 7.2434	 6.856819	 0.035498	  0.00173055	  0.00105226	  0.00067829	  0.00105226	  0.00000000	  0.00157615
     -0.0111	    272.6675	 7.2445	 6.857847	 0.035517	  0.00172997	  0.00105117	  0.00067880	  0.00105117	  0.00000000	  0.00157524
     -0.0111	    272.6964	 7.2456	 6.858871	 0.035537	  0.00172940	  0.00105010	  0.00067930	  0.00105010	  0.00000000	  0.00157433
     -0.0110	    272.7251	 7.2467	 6.859893	 0.035556	  0.00172882	  0.00104903	  0.00067980	  0.00104903	  0.00000000	  0.00157342
     -0.0110	    272.7537	 7.2478	 6.860911	 0.035576	  0.00172825	  0.00104796	  0.00068029	  0.00104796	  0.00000000	  0.00157252
     -0.0109	    272.7822	 7.2489	 6.861926	 0.035595	  0.00172769	  0.00104690	  0.00068079	  0.00104690	  0.00000000	  0.00157163
     -0.0109	    272.8107	 7.2499	 6.862938	 0.035615	  0.00172712	  0.00104584	  0.00068128	  0.00104584	  0.00000000	  0.00157073
     -0.0108	    272.8390	 7.2510	 6.863947	 0.035634	  0.00172656	  0.00104478	  0.00068177	  0.00104478	  0.00000000	  0.00156984
     -0.0108	    272.8672	 7.2521	 6.864952	 0.035653	  0.00172600	  0.00104373	  0.00068226	  0.00104373	  0.00000000	  0.00156896
     -0.0107	    272.8953	 7.2532	 6.865955	 0.035672	  0.00172544	  0.00104269	  0.00068275	  0.00104269	  0.00000000	  0.00156808
     -0.0107	    272.9233	 7.2543	 6.866954	 0.035691	  0.00172488	  0.00104165	  0.00068324	  0.00104165	  0.00000000	  0.00156720
     -0.0106	    272.9512	 7.2553	 6.867950	 0.035711	  0.00172433	  0.00104061	  0.00068372	  0.00104061	  0.00000000	  0.00156632
     -0.0106	    272.9790	 7.2564	 6.868943	 0.035730	  0.00172378	  0.00103958	  0.00068420	  0.00103958	  0.00000000	  0.00156545
     -0.0105	    273.0067	 7.2574	 6.869933	 0.035748	  0.00172323	  0.00103855	  0.00068468	  0.00103855	  0.00000000	  0.00156459
     -0.0105	    273.0343	 7.2585	 6.870919	 0.035767	  0.00172268	  0.00103752	  0.00068516	  0.00103752	  0.00000000	  0.00156372
     -0.0104	    273.0618	 7.2596	 6.871903	 0.035786	  0.00172214	  0.00103650	  0.00068564	  0.00103650	  0.00000000	  0.00156286
     -0.0104	    273.0892	 7.2606	 6.872883	 0.035805	  0.00172160	  0.00103549	  0.00068611	  0.00103549	  0.00000000	  0.00156201
     -0.0103	    273.1165	 7.2617	 6.873861	 0.035824	  0.00172106	  0.00103448	  0.00068658	  0.00103448	  0.00000000	  0.00156116
     -0.0103	    273.1436	 7.2627	 6.874835	 0.035842	  0.00172052	  0.00103347	  0.00068706	  0.00103347	  0.00000000	  0.00156031
     -0.0102	    273.1707	 7.2637	 6.875806	 0.035861	  0.00171999	  0.00103247	  0.00068752	  0.00103247	  0.00000000	  0.00155946
     -0.0102	    273.1977	 7.2648	 6.876774	 0.035880	  0.00171946	  0.00103147	  0.00068799	  0.00103147	  0.00000000	  0.00155862
     -0.0101	    273.2246	 7.2658	 6.877739	 0.035898	  0.00171893	  0.00103047	  0.00068846	  0.00103047	  0.00000000	  0.00155778
     -0.0101	    273.2514	 7.2668	 6.878701	 0.035917	  0.00171840	  0.00102948	  0.00068892	  0.00102948	  0.00000000	  0.00155695
     -0.0100	    273.2781	 7.2679	 6.879660	 0.035935	  0.00171788	  0.00102849	  0.00068938	  0.00102849	  0.00000000	  0.00155612
     -0.0100	    273.3047	 7.2689	 6.880616	 0.035953	  0.00171735	  0.00102751	  0.00068984	  0.00102751	  0.00000000	  0.00155529
     -0.0100	    273.3312	 7.2699	 6.881569	 0.035972	  0.00171683	  0.00102653	  0.00069030	  0.00102653	  0.00000000	  0.00155447
     -0.0099	    273.3576	 7.2709	 6.882518	 0.035990	  0.00171632	  0.00102556	  0.00069076	  0.00102556	  0.00000000	  0.00155365
     -0.0099	    273.3839	 7.2719	 6.883465	 0.036008	  0.00171580	  0.00102459	  0.00069121	  0.00102459	  0.00000000	  0.00155283
     -0.0098	    273.4101	 7.2729	 6.884409	 0.036026	  0.00171529	  0.00102362	  0.00069166	  0.00102362	  0.00000000	  0.00155201
     -0.0098	    273.4362	 7.2739	 6.885349	 0.036044	  0.00171477	  0.00102266	  0.00069212	  0.00102266	  0.00000000	  0.00155120
     -0.0097	    273.4622	 7.2749	 6.886287	 0.036062	  0.00171427	  0.00102170	  0.00069256	  0.00102170	  0.00000000	  0.00155040
     -0.0097	    273.4881	 7.2759	 6.887222	 0.036080	  0.00171376	  0.00102075	  0.00069301	  0.00102075	  0.00000000	  0.00154959
     -0.0096	    273.5139	 7.2769	 6.888153	 0.036098	  0.00171325	  0.00101980	  0.00069346	  0.00101980	  0.00000000	  0.00154880
     -0.0096	    273.5396	 7.2779	 6.889082	 0.036116	  0.00171275	  0.00101885	  0.00069390	  0.00101885	  0.00000000	  0.00154800
     -0.0096	    273.5652	 7.2789	 6.890007	 0.036134	  0.00171225	  0.00101791	  0.00069434	  0.00101791	  0.00000000	  0.00154721
     -0.0095	    273.5908	 7.2799	 6.890930	 0.036151	  0.00171175	  0.00101697	  0.00069479	  0.00101697	  0.00000000	  0.00154642
     -0.0095	    273.6162	 7.2808	 6.891850	 0.036169	  0.00171126	  0.00101603	  0.00069522	  0.00101603	  0.00000000	  0.00154563
     -0.0094	    273.6415	 7.2818	 6.892766	 0.036187	  0.00171076	  0.00101510	  0.00069566	  0.00101510	  0.00000000	  0.00154485
     -0.0094	    273.6668	 7.2828	 6.893680	 0.036204	  0.00171027	  0.00101417	  0.00069610	  0.00101417	  0.00000000	  0.00154407
     -0.0093	    273.6919	 7.2837	 6.894591	 0.036222	  0.00170978	  0.00101325	  0.00069653	  0.00101325	  0.00000000	  0.00154329
     -0.0093	    273.7170	 7.2847	 6.895499	 0.036239	  0.00170930	  0.00101233	  0.00069696	  0.00101233	  0.00000000	  0.00154252
     -0.0093	    273.7420	 7.2857	 6.896404	 0.036257	  0.00170881	  0.00101142	  0.00069739	  0.00101142	  0.00000000	  0.00154175
     -0.0092	    273.7668	 7.2866	 6.897306	 0.036274	  0.00170833	  0.00101050	  0.00069782	  0.00101050	  0.00000000	  0.00154098
     -0.0092	    273.7916	 7.2876	 6.898205	 0.036291	  0.00170785	  0.00100960	  0.00069825	  0.00100960	  0.00000000	  0.00154022
     -0.0091	    273.8163	 7.2885	 6.899101	 0.036308	  0.00170737	  0.00100869	  0.00069867	  0.00100869	  0.00000000	  0.00153946
     -0.0091	    273.8409	 7.2895	 6.899994	 0.036326	  0.00170689	  0.00100779	  0.00069910	  0.00100779	  0.00000000	  0.00153870
     -0.0090	    273.8654	 7.2904	 6.900885	 0.036343	  0.00170641	  0.00100689	  0.00069952	  0.00100689	  0.00000000	  0.00153795
     -0.0090	    273.8898	 7.2914	 6.901772	 0.036360	  0.00170594	  0.00100600	  0.00069994	  0.00100600	  0.00000000	  0.00153719
     -0.0090	    273.9141	 7.2923	 6.902657	 0.036377	  0.00170547	  0.00100511	  0.00070036	  0.00100511	  0.00000000	  0.00153645
     -0.0089	    273.9384	 7.2932	 6.903538	 0.036394	  0.00170500	  0.00100423	  0.00070078	  0.00100423	  0.00000000	  0.00153570
     -0.0089	    273.9625	 7.2942	 6.904417	 0.036411	  0.00170454	  0.00100334	  0.00070119	  0.00100334	  0.00000000	  0.00153496
     -0.0088	    273.9866	 7.2951	 6.905293	 0.036428	  0.00170407	  0.00100247	  0.00070161	  0.00100247	  0.00000000	  0.00153422
     -0.0088	    274.0105	 7.2960	 6.906166	 0.036445	  0.00170361	  0.00100159	  0.00070202	  0.00100159	  0.00000000	  0.00153349
     -0.0088	    274.0344	 7.2969	 6.907036	 0.036461	  0.00170315	  0.00100072	  0.00070243	  0.00100072	  0.00000000	  0.00153276
     -0.0087	    274.0582	 7.2978	 6.907903	 0.036478	  0.00170269	  0.00099985	  0.00070284	  0.00099985	  0.00000000	  0.00153203
     -0.0087	    274.0819	 7.2988	 6.908768	 0.036495	  0.00170223	  0.00099899	  0.00070325	  0.00099899	  0.00000000	  0.00153130
     -0.0086	    274.1055	 7.2997	 6.909630	 0.036511	  0.00170178	  0.00099813	  0.00070365	  0.00099813	  0.00000000	  0.00153058
     -0.0086	    274.1290	 7.3006	 6.910488	 0.036528	  0.00170133	  0.00099727	  0.00070406	  0.00099727	  0.00000000	  0.00152986
     -0.0086	    274.1524	 7.3015	 6.911344	 0.036544	  0.00170088	  0.00099642	  0.00070446	  0.00099642	  0.00000000	  0.00152914
     -0.0085	    274.1758	 7.3024	 6.912198	 0.036561	  0.00170043	  0.00099557	  0.00070486	  0.00099557	  0.00000000	  0.00152843
     -0.0085	    274.1990	 7.3033	 6.913048	 0.036577	  0.00169998	  0.00099472	  0.00070526	  0.00099472	  0.00000000	  0.00152772
     -0.0084	    274.2222	 7.3042	 6.913896	 0.036593	  0.00169953	  0.00099388	  0.00070566	  0.00099388	  0.00000000	  0.00152701
     -0.0084	    274.2453	 7.3051	 6.914740	 0.036610	  0.00169909	  0.00099304	  0.00070605	  0.00099304	  0.00000000	  0.00152631
     -0.0084	    274.2683	 7.3059	 6.915582	 0.036626	  0.00169865	  0.00099220	  0.00070645	  0.00099220	  0.00000000	  0.00152560
     -0.0083	    274.2912	 7.3068	 6.916422	 0.036642	  0.00169821	  0.00099137	  0.00070684	  0.00099137	  0.00000000	  0.00152490
     -0.0083	    274.3140	 7.3077	 6.917258	 0.036658	  0.00169777	  0.00099054	  0.00070723	  0.00099054	  0.00000000	  0.00152421
     -0.0082	    274.3367	 7.3086	 6.918092	 0.036674	  0.00169734	  0.00098972	  0.00070762	  0.00098972	  0.00000000	  0.00152352
     -0.0082	    274.3594	 7.3095	 6.918923	 0.036690	  0.00169691	  0.00098889	  0.00070801	  0.00098889	  0.00000000	  0.00152283
     -0.0082	    274.3819	 7.3103	 6.919751	 0.036706	  0.00169647	  0.00098808	  0.00070840	  0.00098808	  0.00000000	  0.00152214
     -0.0081	    274.4044	 7.3112	 6.920576	 0.036722	  0.00169604	  0.00098726	  0.00070878	  0.00098726	  0.00000000	  0.00152145
     -0.0081	    274.4268	 7.3121	 6.921399	 0.036738	  0.00169562	  0.00098645	  0.00070917	  0.00098645	  0.00000000	  0.00152077
     -0.0080	    274.4491	 7.3129	 6.922219	 0.036754	  0.00169519	  0.00098564	  0.00070955	  0.00098564	  0.00000000	  0.00152009
     -0.0080	    274.4714	 7.3138	 6.923036	 0.036770	  0.00169477	  0.00098484	  0.00070993	  0.00098484	  0.00000000	  0.00151942
     -0.0080	    274.4935	 7.3146	 6.923851	 0.036786	  0.00169434	  0.00098403	  0.00071031	  0.00098403	  0.00000000	  0.00151875
     -0.0079	    274.5156	 7.3155	 6.924663	 0.036801	  0.00169392	  0.00098323	  0.00071069	  0.00098323	  0.00000000	  0.00151808
     -0.0079	    274.5376	 7.3163	 6.925472	 0.036817	  0.00169350	  0.00098244	  0.00071106	  0.00098244	  0.00000000	  0.00151741
     -0.0079	    274.5595	 7.3172	 6.926278	 0.036832	  0.00169309	  0.00098165	  0.00071144	  0.00098165	  0.00000000	  0.00151674
     -0.0078	    274.5813	 7.3180	 6.927082	 0.036848	  0.00169267	  0.00098086	  0.00071181	  0.00098086	  0.00000000	  0.00151608
     -0.0078	    274.6030	 7.3189	 6.927883	 0.036863	  0.00169226	  0.00098007	  0.00071219	  0.00098007	  0.00000000	  0.00151542
     -0.0078	    274.6247	 7.3197	 6.928681	 0.036879	  0.00169185	  0.00097929	  0.00071256	  0.00097929	  0.00000000	  0.00151477
     -0.0077	    274.6462	 7.3206	 6.929477	 0.036894	  0.00169144	  0.00097851	  0.00071292	  0.00097851	  0.00000000	  0.00151411
     -0.0077	    274.6677	 7.3214	 6.930270	 0.036910	  0.00169103	  0.00097774	  0.00071329	  0.00097774	  0.00000000	  0.00151346
     -0.0076	    274.6891	 7.3222	 6.931061	 0.036925	  0.00169062	  0.00097696	  0.00071366	  0.00097696	  0.00000000	  0.00151282
     -0.0076	    274.7105	 7.3230	 6.931848	 0.036940	  0.00169022	  0.00097619	  0.00071402	  0.00097619	  0.00000000	  0.00151217
     -0.0076	    274.7317	 7.3239	 6.932634	 0.036955	  0.00168982	  0.00097543	  0.00071439	  0.00097543	  0.00000000	  0.00151153
     -0.0075	    274.7529	 7.3247	 6.933416	 0.036970	  0.00168941	  0.00097467	  0.00071475	  0.00097467	  0.00000000	  0.00151089
     -0.0075	    274.7740	 7.3255	 6.934196	 0.036985	  0.00168901	  0.00097391	  0.00071511	  0.00097391	  0.00000000	  0.00151025
     -0.0075	    274.7950	 7.3263	 6.934973	 0.037001	  0.00168862	  0.00097315	  0.00071547	  0.00097315	  0.00000000	  0.00150962
     -0.0074	    274.8159	 7.3271	 6.935748	 0.037015	  0.00168822	  0.00097240	  0.00071583	  0.00097240	  0.00000000	  0.00150898
     -0.0074	    274.8368	 7.3279	 6.936520	 0.037030	  0.00168783	  0.00097165	  0.00071618	  0.00097165	  0.00000000	  0.00150836
     -0.0074	    274.8575	 7.3287	 6.937289	 0.037045	  0.00168743	  0.00097090	  0.00071654	  0.00097090	  0.00000000	  0.00150773
     -0.0073	    274.8782	 7.3295	 6.938056	 0.037060	  0.00168704	  0.00097015	  0.00071689	  0.00097015	  0.00000000	  0.00150710
     -0.0073	    274.8989	 7.3303	 6.938820	 0.037075	  0.00168665	  0.00096941	  0.00071724	  0.00096941	  0.00000000	  0.00150648
     -0.0073	    274.9194	 7.3311	 6.939582	 0.037090	  0.00168627	  0.00096867	  0.00071759	  0.00096867	  0.00000000	  0.00150586
     -0.0072	    274.9399	 7.3319	 6.940341	 0.037104	  0.00168588	  0.00096794	  0.00071794	  0.00096794	  0.00000000	  0.00150525
     -0.0072	    274.9602	 7.3327	 6.941097	 0.037119	  0.00168550	  0.00096721	  0.00071829	  0.00096721	  0.00000000	  0.00150463
     -0.0072	    274.9806	 7.3335	 6.941851	 0.037134	  0.00168511	  0.00096648	  0.00071864	  0.00096648	  0.00000000	  0.00150402
     -0.0071	    275.0008	 7.3343	 6.942603	 0.037148	  0.00168473	  0.00096575	  0.00071898	  0.00096575	  0.00000000	  0.00150342
     -0.0071	    275.0209	 7.3351	 6.943352	 0.037163	  0.00168435	  0.00096503	  0.00071932	  0.00096503	  0.00000000	  0.00150281
     -0.0070	    275.0410	 7.3358	 6.944098	 0.037177	  0.00168398	  0.00096431	  0.00071967	  0.00096431	  0.00000000	  0.00150221
     -0.0070	    275.0610	 7.3366	 6.944842	 0.037191	  0.00168360	  0.00096359	  0.00072001	  0.00096359	  0.00000000	  0.00150161
     -0.0070	    275.0810	 7.3374	 6.945583	 0.037206	  0.00168323	  0.00096288	  0.00072035	  0.00096288	  0.00000000	  0.00150101
     -0.0069	    275.1008	 7.3382	 6.946322	 0.037220	  0.00168285	  0.00096217	  0.00072068	  0.00096217	  0.00000000	  0.00150041
     -0.0069	    275.1206	 7.3389	 6.947058	 0.037234	  0.00168248	  0.00096146	  0.00072102	  0.00096146	  0.00000000	  0.00149982
     -0.0069	    275.1403	 7.3397	 6.947792	 0.037249	  0.00168211	  0.00096075	  0.00072136	  0.00096075	  0.00000000	  0.00149923
     -0.0068	    275.1599	 7.3404	 6.948523	 0.037263	  0.00168174	  0.00096005	  0.00072169	  0.00096005	  0.00000000	  0.00149864
     -0.0068	    275.1795	 7.3412	 6.949252	 0.037277	  0.00168138	  0.00095935	  0.00072202	  0.00095935	  0.00000000	  0.00149805
     -0.0068	    275.1989	 7.3420	 6.949978	 0.037291	  0.00168101	  0.00095866	  0.00072236	  0.00095866	  0.00000000	  0.00149747
     -0.0068	    275.2184	 7.3427	 6.950702	 0.037305	  0.00168065	  0.00095796	  0.00072269	  0.00095796	  0.00000000	  0.00149689
     -0.0067	    275.2377	 7.3435	 6.951423	 0.037319	  0.00168029	  0.00095727	  0.00072302	  0.00095727	  0.00000000	  0.00149631
     -0.0067	    275.2569	 7.3442	 6.952142	 0.037333	  0.00167993	  0.00095658	  0.00072334	  0.00095658	  0.00000000	  0.00149573
     -0.0067	    275.2761	 7.3450	 6.952858	 0.037347	  0.00167957	  0.00095590	  0.00072367	  0.00095590	  0.00000000	  0.00149516
     -0.0066	    275.2952	 7.3457	 6.953572	 0.037361	  0.00167921	  0.00095522	  0.00072399	  0.00095522	  0.00000000	  0.00149459
     -0.0066	    275.3143	 7.3464	 6.954284	 0.037374	  0.00167885	  0.00095454	  0.00072432	  0.00095454	  0.00000000	  0.00149402
     -0.0066	    275.3333	 7.3472	 6.954993	 0.037388	  0.00167850	  0.00095386	  0.00072464	  0.00095386	  0.00000000	  0.00149345
     -0.0065	    275.3522	 7.3479	 6.955700	 0.037402	  0.00167815	  0.00095319	  0.00072496	  0.00095319	  0.00000000	  0.00149289
     -0.0065	    275.3710	 7.3486	 6.956404	 0.037415	  0.00167780	  0.00095252	  0.00072528	  0.00095252	  0.00000000	  0.00149233
     -0.0065	    275.3897	 7.3494	 6.957106	 0.037429	  0.00167745	  0.00095185	  0.00072560	  0.00095185	  0.00000000	  0.00149177
     -0.0064	    275.4084	 7.3501	 6.957805	 0.037443	  0.00167710	  0.00095118	  0.00072592	  0.00095118	  0.00000000	  0.00149121
     -0.0064	    275.4270	 7.3508	 6.958502	 0.037456	  0.00167675	  0.00095052	  0.00072623	  0.00095052	  0.00000000	  0.00149065
     -0.0064	    275.4456	 7.3515	 6.959197	 0.037470	  0.00167641	  0.00094986	  0.00072655	  0.00094986	  0.00000000	  0.00149010
     -0.0063	    275.4640	 7.3522	 6.959889	 0.037483	  0.00167606	  0.00094920	  0.00072686	  0.00094920	  0.00000000	  0.00148955
     -0.0063	    275.4824	 7.3530	 6.960579	 0.037496	  0.00167572	  0.00094855	  0.00072717	  0.00094855	  0.00000000	  0.00148900
     -0.0063	    275.5008	 7.3537	 6.961266	 0.037510	  0.00167538	  0.00094790	  0.00072748	  0.00094790	  0.00000000	  0.00148846
     -0.0062	    275.5190	 7.3544	 6.961951	 0.037523	  0.00167504	  0.00094725	  0.00072779	  0.00094725	  0.00000000	  0.00148791
     -0.0062	    275.5372	 7.3551	 6.962634	 0.037536	  0.00167470	  0.00094660	  0.00072810	  0.00094660	  0.00000000	  0.00148737
     -0.0062	    275.5553	 7.3558	 6.963315	 0.037549	  0.00167437	  0.00094596	  0.00072841	  0.00094596	  0.00000000	  0.00148683
     -0.0062	    275.5734	 7.3565	 6.963993	 0.037563	  0.00167403	  0.00094531	  0.00072872	  0.00094531	  0.00000000	  0.00148630
     -0.0061	    275.5914	 7.3572	 6.964668	 0.037576	  0.00167370	  0.00094468	  0.00072902	  0.00094468	  0.00000000	  0.00148576
     -0.0061	    275.6093	 7.3579	 6.965342	 0.037589	  0.00167337	  0.00094404	  0.00072932	  0.00094404	  0.00000000	  0.00148523
     -0.0061	    275.6272	 7.3586	 6.966013	 0.037602	  0.00167303	  0.00094341	  0.00072963	  0.00094341	  0.00000000	  0.00148470
     -0.0060	    275.6449	 7.3593	 6.966682	 0.037615	  0.00167270	  0.00094278	  0.00072993	  0.00094278	  0.00000000	  0.00148417
     -0.0060	    275.6626	 7.3600	 6.967348	 0.037628	  0.00167238	  0.00094215	  0.00073023	  0.00094215	  0.00000000	  0.00148365
     -0.0060	    275.6803	 7.3607	 6.968012	 0.037641	  0.00167205	  0.00094152	  0.00073053	  0.00094152	  0.00000000	  0.00148312
     -0.0059	    275.6979	 7.3613	 6.968674	 0.037653	  0.00167173	  0.00094090	  0.00073083	  0.00094090	  0.00000000	  0.00148260
     -0.0059	    275.7154	 7.3620	 6.969333	 0.037666	  0.00167140	  0.00094028	  0.00073112	  0.00094028	  0.00000000	  0.00148208
     -0.0059	    275.7328	 7.3627	 6.969991	 0.037679	  0.00167108	  0.00093966	  0.00073142	  0.00093966	  0.00000000	  0.00148156
     -0.0059	    275.7502	 7.3634	 6.970645	 0.037692	  0.00167076	  0.00093905	  0.00073171	  0.00093905	  0.00000000	  0.00148105
     -0.0058	    275.7675	 7.3640	 6.971298	 0.037704	  0.00167044	  0.00093843	  0.00073200	  0.00093843	  0.00000000	  0.00148054
     -0.0058	    275.7848	 7.3647	 6.971948	 0.037717	  0.00167012	  0.00093782	  0.00073230	  0.00093782	  0.00000000	  0.00148003
     -0.0058	    275.8019	 7.3654	 6.972597	 0.037730	  0.00166980	  0.00093722	  0.00073259	  0.00093722	  0.00000000	  0.00147952
     -0.0057	    275.8191	 7.3661	 6.973242	 0.037742	  0.00166949	  0.00093661	  0.00073288	  0.00093661	  0.00000000	  0.00147901
     -0.0057	    275.8361	 7.3667	 6.973886	 0.037755	  0.00166917	  0.00093601	  0.00073316	  0.00093601	  0.00000000	  0.00147851
     -0.0057	    275.8531	 7.3674	 6.974527	 0.037767	  0.00166886	  0.00093541	  0.00073345	  0.00093541	  0.00000000	  0.00147801
     -0.0057	    275.8700	 7.3680	 6.975167	 0.037780	  0.00166855	  0.00093481	  0.00073374	  0.00093481	  0.00000000	  0.00147750
     -0.0056	    275.8869	 7.3687	 6.975804	 0.037792	  0.00166824	  0.00093422	  0.00073402	  0.00093422	  0.00000000	  0.00147701
     -0.0056	    275.9037	 7.3693	 6.976438	 0.037804	  0.00166793	  0.00093362	  0.00073431	  0.00093362	  0.00000000	  0.00147651
     -0.0056	    275.9204	 7.3700	 6.977071	 0.037816	  0.00166762	  0.00093303	  0.00073459	  0.00093303	  0.00000000	  0.00147602
     -0.0055	    275.9371	 7.3707	 6.977701	 0.037829	  0.00166731	  0.00093244	  0.00073487	  0.00093244	  0.00000000	  0.00147553
     -0.0055	    275.9537	 7.3713	 6.978329	 0.037841	  0.00166701	  0.00093186	  0.00073515	  0.00093186	  0.00000000	  0.00147504
     -0.0055	    275.9702	 7.3719	 6.978955	 0.037853	  0.00166671	  0.00093128	  0.00073543	  0.00093128	  0.00000000	  0.00147455
     -0.0055	    275.9867	 7.3726	 6.979579	 0.037865	  0.00166640	  0.00093070	  0.00073571	  0.00093070	  0.00000000	  0.00147406
     -0.0054	    276.0031	 7.3732	 6.980200	 0.037877	  0.00166610	  0.00093012	  0.00073598	  0.00093012	  0.00000000	  0.00147358
     -0.0054	    276.0194	 7.3739	 6.980819	 0.037889	  0.00166580	  0.00092954	  0.00073626	  0.00092954	  0.00000000	  0.00147310
     -0.0054	    276.0357	 7.3745	 6.981437	 0.037901	  0.00166550	  0.00092897	  0.00073653	  0.00092897	  0.00000000	  0.00147262
     -0.0054	    276.0519	 7.3751	 6.982052	 0.037913	  0.00166521	  0.00092840	  0.00073681	  0.00092840	  0.00000000	  0.00147214
     -0.0053	    276.0681	 7.3758	 6.982664	 0.037925	  0.00166491	  0.00092783	  0.00073708	  0.00092783	  0.00000000	  0.00147166
     -0.0053	    276.0842	 7.3764	 6.983275	 0.037937	  0.00166461	  0.00092726	  0.00073735	  0.00092726	  0.00000000	  0.00147119
     -0.0053	    276.1002	 7.3770	 6.983884	 0.037949	  0.00166432	  0.00092670	  0.00073762	  0.00092670	  0.00000000	  0.00147072
     -0.0053	    276.1162	 7.3776	 6.984490	 0.037961	  0.00166403	  0.00092614	  0.00073789	  0.00092614	  0.00000000	  0.00147025
     -0.0052	    276.1321	 7.3783	 6.985094	 0.037972	  0.00166374	  0.00092558	  0.00073816	  0.00092558	  0.00000000	  0.00146978
     -0.0052	    276.1480	 7.3789	 6.985696	 0.037984	  0.00166345	  0.00092502	  0.00073843	  0.00092502	  0.00000000	  0.00146931
     -0.0052	    276.1638	 7.3795	 6.986296	 0.037996	  0.00166316	  0.00092446	  0.00073869	  0.00092446	  0.00000000	  0.00146885
     -0.0051	    276.1795	 7.3801	 6.986894	 0.038007	  0.00166287	  0.00092391	  0.00073896	  0.00092391	  0.00000000	  0.00146839
     -0.0051	    276.1952	 7.3807	 6.987490	 0.038019	  0.00166258	  0.00092336	  0.00073922	  0.00092336	  0.00000000	  0.00146793
     -0.0051	    276.2108	 7.3813	 6.988084	 0.038031	  0.00166230	  0.00092281	  0.00073949	  0.00092281	  0.00000000	  0.00146747
     -0.0051	    276.2264	 7.3819	 6.988675	 0.038042	  0.00166201	  0.00092227	  0.00073975	  0.00092227	  0.00000000	  0.00146701
     -0.0050	    276.2418	 7.3825	 6.989265	 0.038053	  0.00166173	  0.00092172	  0.00074001	  0.00092172	  0.00000000	  0.00146656
     -0.0050	    276.2573	 7.3831	 6.989852	 0.038065	  0.00166145	  0.00092118	  0.00074027	  0.00092118	  0.00000000	  0.00146611
     -0.0050	    276.2727	 7.3837	 6.990438	 0.038076	  0.00166117	  0.00092064	  0.00074053	  0.00092064	  0.00000000	  0.00146565
     -0.0050	    276.2880	 7.3843	 6.991021	 0.038088	  0.00166089	  0.00092011	  0.00074078	  0.00092011	  0.00000000	  0.00146521
     -0.0049	    276.3032	 7.3849	 6.991602	 0.038099	  0.00166061	  0.00091957	  0.00074104	  0.00091957	  0.00000000	  0.00146476
     -0.0049	    276.3184	 7.3855	 6.992181	 0.038110	  0.00166034	  0.00091904	  0.00074130	  0.00091904	  0.00000000	  0.00146431
     -0.0049	    276.3336	 7.3861	 6.992758	 0.038121	  0.00166006	  0.00091851	  0.00074155	  0.00091851	  0.00000000	  0.00146387
     -0.0049	    276.3487	 7.3867	 6.993333	 0.038133	  0.00165979	  0.00091798	  0.00074180	  0.00091798	  0.00000000	  0.00146343
     -0.0048	    276.3637	 7.3873	 6.993907	 0.038144	  0.00165951	  0.00091746	  0.00074206	  0.00091746	  0.00000000	  0.00146299
     -0.0048	    276.3786	 7.3879	 6.994478	 0.038155	  0.00165924	  0.00091693	  0.00074231	  0.00091693	  0.00000000	  0.00146255
     -0.0048	    276.3936	 7.3885	 6.995046	 0.038166	  0.00165897	  0.00091641	  0.00074256	  0.00091641	  0.00000000	  0.00146212
     -0.0048	    276.4084	 7.3890	 6.995613	 0.038177	  0.00165870	  0.00091589	  0.00074281	  0.00091589	  0.00000000	  0.00146168
     -0.0047	    276.4232	 7.3896	 6.996178	 0.038188	  0.00165843	  0.00091537	  0.00074306	  0.00091537	  0.00000000	  0.00146125
     -0.0047	    276.4379	 7.3902	 6.996741	 0.038199	  0.00165816	  0.00091486	  0.00074330	  0.00091486	  0.00000000	  0.00146082
     -0.0047	    276.4526	 7.3908	 6.997302	 0.038210	  0.00165790	  0.00091435	  0.00074355	  0.00091435	  0.00000000	  0.00146039
     -0.0047	    276.4673	 7.3913	 6.997861	 0.038221	  0.00165763	  0.00091383	  0.00074380	  0.00091383	  0.00000000	  0.00145996
     -0.0046	    276.4818	 7.3919	 6.998418	 0.038232	  0.00165737	  0.00091333	  0.00074404	  0.00091333	  0.00000000	  0.00145954
     -0.0046	    276.4963	 7.3925	 6.998973	 0.038242	  0.00165710	  0.00091282	  0.00074428	  0.00091282	  0.00000000	  0.00145911
     -0.0046	    276.5108	 7.3930	 6.999526	 0.038253	  0.00165684	  0.00091231	  0.00074453	  0.00091231	  0.00000000	  0.00145869
     -0.0046	    276.5252	 7.3936	 7.000077	 0.038264	  0.00165658	  0.00091181	  0.00074477	  0.00091181	  0.00000000	  0.00145827
     -0.0045	    276.5395	 7.3942	 7.000626	 0.038275	  0.00165632	  0.00091131	  0.00074501	  0.00091131	  0.00000000	  0.00145785
     -0.0045	    276.5538	 7.3947	 7.001173	 0.038285	  0.00165606	  0.00091081	  0.00074525	  0.00091081	  0.00000000	  0.00145744
     -0.0045	    276.5681	 7.3953	 7.001718	 0.038296	  0.00165580	  0.00091032	  0.00074549	  0.00091032	  0.00000000	  0.00145702
     -0.0045	    276.5823	 7.3958	 7.002262	 0.038306	  0.00165555	  0.00090982	  0.00074573	  0.00090982	  0.00000000	  0.00145661
     -0.0045	    276.5964	 7.3964	 7.002803	 0.038317	  0.00165529	  0.00090933	  0.00074596	  0.00090933	  0.00000000	  0.00145620
     -0.0044	    276.6105	 7.3969	 7.003342	 0.038327	  0.00165504	  0.00090884	  0.00074620	  0.00090884	  0.00000000	  0.00145579
     -0.0044	    276.6245	 7.3975	 7.003880	 0.038338	  0.00165478	  0.00090835	  0.00074643	  0.00090835	  0.00000000	  0.00145538
     -0.0044	    276.6384	 7.3980	 7.004415	 0.038348	  0.00165453	  0.00090786	  0.00074667	  0.00090786	  0.00000000	  0.00145497
     -0.0044	    276.6524	 7.3986	 7.004949	 0.038359	  0.00165428	  0.00090738	  0.00074690	  0.00090738	  0.00000000	  0.00145457
     -0.0043	    276.6662	 7.3991	 7.005480	 0.038369	  0.00165403	  0.00090690	  0.00074713	  0.00090690	  0.00000000	  0.00145416
     -0.0043	    276.6800	 7.3997	 7.006010	 0.038379	  0.00165378	  0.00090642	  0.00074736	  0.00090642	  0.00000000	  0.00145376
     -0.0043	    276.6938	 7.4002	 7.006538	 0.038390	  0.00165353	  0.00090594	  0.00074759	  0.00090594	  0.00000000	  0.00145336
     -0.0043	    276.7075	 7.4007	 7.007064	 0.038400	  0.00165329	  0.00090546	  0.00074782	  0.00090546	  0.00000000	  0.00145296
     -0.0042	    276.7211	 7.4013	 7.007588	 0.038410	  0.00165304	  0.00090499	  0.00074805	  0.00090499	  0.00000000	  0.00145257
     -0.0042	    276.7347	 7.4018	 7.008110	 0.038420	  0.00165280	  0.00090452	  0.00074828	  0.00090452	  0.00000000	  0.00145217
     -0.0042	    276.7482	 7.4023	 7.008630	 0.038430	  0.00165255	  0.00090405	  0.00074851	  0.00090405	  0.00000000	  0.00145178
     -0.0042	    276.7617	 7.4028	 7.009149	 0.038440	  0.00165231	  0.00090358	  0.00074873	  0.00090358	  0.00000000	  0.00145139
     -0.0042	    276.7752	 7.4034	 7.009665	 0.038451	  0.00165207	  0.00090311	  0.00074896	  0.00090311	  0.00000000	  0.00145100
     -0.0041	    276.7886	 7.4039	 7.010180	 0.038461	  0.00165183	  0.00090265	  0.00074918	  0.00090265	  0.00000000	  0.00145061
     -0.0041	    276.8019	 7.4044	 7.010693	 0.038471	  0.00165159	  0.00090218	  0.00074940	  0.00090218	  0.00000000	  0.00145022
     -0.0041	    276.8152	 7.4049	 7.011204	 0.038481	  0.00165135	  0.00090172	  0.00074962	  0.00090172	  0.00000000	  0.00144984
     -0.0041	    276.8284	 7.4055	 7.011713	 0.038490	  0.00165111	  0.00090126	  0.00074985	  0.00090126	  0.00000000	  0.00144945
     -0.0040	    276.8416	 7.4060	 7.012221	 0.038500	  0.00165087	  0.00090081	  0.00075007	  0.00090081	  0.00000000	  0.00144907
     -0.0040	    276.8547	 7.4065	 7.012726	 0.038510	  0.00165064	  0.00090035	  0.00075029	  0.00090035	  0.00000000	  0.00144869
     -0.0040	    276.8678	 7.4070	 7.013230	 0.038520	  0.00165040	  0.00089990	  0.00075050	  0.00089990	  0.00000000	  0.00144831
     -0.0040	    276.8808	 7.4075	 7.013732	 0.038530	  0.00165017	  0.00089945	  0.00075072	  0.00089945	  0.00000000	  0.00144794
     -0.0040	    276.8938	 7.4080	 7.014232	 0.038540	  0.00164993	  0.00089900	  0.00075094	  0.00089900	  0.00000000	  0.00144756
     -0.0039	    276.9067	 7.4085	 7.014730	 0.038549	  0.00164970	  0.00089855	  0.00075115	  0.00089855	  0.00000000	  0.00144719
     -0.0039	    276.9196	 7.4090	 7.015227	 0.038559	  0.00164947	  0.00089810	  0.00075137	  0.00089810	  0.00000000	  0.00144681
     -0.0039	    276.9324	 7.4095	 7.015721	 0.038569	  0.00164924	  0.00089766	  0.00075158	  0.00089766	  0.00000000	  0.00144644
     -0.0039	    276.9452	 7.4100	 7.016214	 0.038578	  0.00164901	  0.00089722	  0.00075180	  0.00089722	  0.00000000	  0.00144607
     -0.0039	    276.9579	 7.4105	 7.016705	 0.038588	  0.00164878	  0.00089678	  0.00075201	  0.00089678	  0.00000000	  0.00144570
     -0.0038	    276.9706	 7.4110	 7.017195	 0.038597	  0.00164856	  0.00089634	  0.00075222	  0.00089634	  0.00000000	  0.00144534
     -0.0038	    276.9832	 7.4115	 7.017682	 0.038607	  0.00164833	  0.00089590	  0.00075243	  0.00089590	  0.00000000	  0.00144497
     -0.0038	    276.9958	 7.4120	 7.018168	 0.038616	  0.00164811	  0.00089546	  0.00075264	  0.00089546	  0.00000000	  0.00144461
     -0.0038	    277.0084	 7.4125	 7.018652	 0.038626	  0.00164788	  0.00089503	  0.00075285	  0.00089503	  0.00000000	  0.00144425
     -0.0038	    277.0208	 7.4130	 7.019134	 0.038635	  0.00164766	  0.00089460	  0.00075306	  0.00089460	  0.00000000	  0.00144389
     -0.0037	    277.0333	 7.4135	 7.019615	 0.038644	  0.00164743	  0.00089417	  0.00075327	  0.00089417	  0.00000000	  0.00144353
     -0.0037	    277.0457	 7.4140	 7.020094	 0.038654	  0.00164721	  0.00089374	  0.00075347	  0.00089374	  0.00000000	  0.00144317
     -0.0037	    277.0580	 7.4144	 7.020571	 0.038663	  0.00164699	  0.00089332	  0.00075368	  0.00089332	  0.00000000	  0.00144281
     -0.0037	    277.0703	 7.4149	 7.021046	 0.038672	  0.00164677	  0.00089289	  0.00075388	  0.00089289	  0.00000000	  0.00144246
     -0.0037	    277.0825	 7.4154	 7.021520	 0.038682	  0.00164655	  0.00089247	  0.00075409	  0.00089247	  0.00000000	  0.00144211
     -0.0036	    277.0947	 7.4159	 7.021992	 0.038691	  0.00164634	  0.00089205	  0.00075429	  0.00089205	  0.00000000	  0.00144175
     -0.0036	    277.1069	 7.4164	 7.022462	 0.038700	  0.00164612	  0.00089163	  0.00075449	  0.00089163	  0.00000000	  0.00144140
     -0.0036	    277.1190	 7.4168	 7.022930	 0.038709	  0.00164590	  0.00089121	  0.00075469	  0.00089121	  0.00000000	  0.00144105
     -0.0036	    277.1311	 7.4173	 7.023397	 0.038718	  0.00164569	  0.00089079	  0.00075489	  0.00089079	  0.00000000	  0.00144071
     -0.0036	    277.1431	 7.4178	 7.023862	 0.038727	  0.00164547	  0.00089038	  0.00075509	  0.00089038	  0.00000000	  0.00144036
     -0.0035	    277.1550	 7.4183	 7.024326	 0.038736	  0.00164526	  0.00088997	  0.00075529	  0.00088997	  0.00000000	  0.00144002
     -0.0035	    277.1670	 7.4187	 7.024787	 0.038745	  0.00164505	  0.00088956	  0.00075549	  0.00088956	  0.00000000	  0.00143967
     -0.0035	    277.1788	 7.4192	 7.025247	 0.038754	  0.00164484	  0.00088915	  0.00075569	  0.00088915	  0.00000000	  0.00143933
     -0.0035	    277.1906	 7.4197	 7.025706	 0.038763	  0.00164463	  0.00088874	  0.00075589	  0.00088874	  0.00000000	  0.00143899
     -0.0035	    277.2024	 7.4201	 7.026162	 0.038772	  0.00164442	  0.00088833	  0.00075608	  0.00088833	  0.00000000	  0.00143865
     -0.0034	    277.2142	 7.4206	 7.026617	 0.038781	  0.00164421	  0.00088793	  0.00075628	  0.00088793	  0.00000000	  0.00143831
     -0.0034	    277.2259	 7.4210	 7.027071	 0.038790	  0.00164400	  0.00088753	  0.00075647	  0.00088753	  0.00000000	  0.00143798
     -0.0034	    277.2375	 7.4215	 7.027522	 0.038799	  0.00164379	  0.00088713	  0.00075666	  0.00088713	  0.00000000	  0.00143764
     -0.0034	    277.2491	 7.4219	 7.027972	 0.038807	  0.00164359	  0.00088673	  0.00075686	  0.00088673	  0.00000000	  0.00143731
     -0.0034	    277.2606	 7.4224	 7.028421	 0.038816	  0.00164338	  0.00088633	  0.00075705	  0.00088633	  0.00000000	  0.00143698
     -0.0033	    277.2722	 7.4228	 7.028867	 0.038825	  0.00164318	  0.00088593	  0.00075724	  0.00088593	  0.00000000	  0.00143665
     -0.0033	    277.2836	 7.4233	 7.029313	 0.038834	  0.00164297	  0.00088554	  0.00075743	  0.00088554	  0.00000000	  0.00143632
     -0.0033	    277.2950	 7.4237	 7.029756	 0.038842	  0.00164277	  0.00088515	  0.00075762	  0.00088515	  0.00000000	  0.00143599
     -0.0033	    277.3064	 7.4242	 7.030198	 0.038851	  0.00164257	  0.00088476	  0.00075781	  0.00088476	  0.00000000	  0.00143566
     -0.0033	    277.3177	 7.4246	 7.030638	 0.038859	  0.00164237	  0.00088437	  0.00075800	  0.00088437	  0.00000000	  0.00143534
     -0.0032	    277.3290	 7.4251	 7.031077	 0.038868	  0.00164217	  0.00088398	  0.00075819	  0.00088398	  0.00000000	  0.00143501
     -0.0032	    277.3403	 7.4255	 7.031514	 0.038876	  0.00164197	  0.00088359	  0.00075837	  0.00088359	  0.00000000	  0.00143469
     -0.0032	    277.3515	 7.4260	 7.031949	 0.038885	  0.00164177	  0.00088321	  0.00075856	  0.00088321	  0.00000000	  0.00143437
     -0.0032	    277.3626	 7.4264	 7.032383	 0.038893	  0.00164157	  0.00088283	  0.00075874	  0.00088283	  0.00000000	  0.00143405
     -0.0032	    277.3737	 7.4268	 7.032816	 0.038902	  0.00164137	  0.00088244	  0.00075893	  0.00088244	  0.00000000	  0.00143373
     -0.0032	    277.3848	 7.4273	 7.033246	 0.038910	  0.00164118	  0.00088206	  0.00075911	  0.00088206	  0.00000000	  0.00143341
     -0.0031	    277.3958	 7.4277	 7.033675	 0.038919	  0.00164098	  0.00088169	  0.00075930	  0.00088169	  0.00000000	  0.00143310
     -0.0031	    277.4068	 7.4281	 7.034103	 0.038927	  0.00164079	  0.00088131	  0.00075948	  0.00088131	  0.00000000	  0.00143278
     -0.0031	    277.4178	 7.4286	 7.034529	 0.038935	  0.00164059	  0.00088093	  0.00075966	  0.00088093	  0.00000000	  0.00143247
     -0.0031	    277.4287	 7.4290	 7.034953	 0.038944	  0.00164040	  0.00088056	  0.00075984	  0.00088056	  0.00000000	  0.00143216
     -0.0031	    277.4395	 7.4294	 7.035376	 0.038952	  0.00164021	  0.00088019	  0.00076002	  0.00088019	  0.00000000	  0.00143185
     -0.0030	    277.4503	 7.4298	 7.035797	 0.038960	  0.00164002	  0.00087982	  0.00076020	  0.00087982	  0.00000000	  0.00143154
     -0.0030	    277.4611	 7.4303	 7.036217	 0.038968	  0.00163982	  0.00087945	  0.00076038	  0.00087945	  0.00000000	  0.00143123
     -0.0030	    277.4718	 7.4307	 7.036635	 0.038976	  0.00163963	  0.00087908	  0.00076056	  0.00087908	  0.00000000	  0.00143092
     -0.0030	    277.4825	 7.4311	 7.037052	 0.038984	  0.00163945	  0.00087871	  0.00076073	  0.00087871	  0.00000000	  0.00143062
     -0.0030	    277.4932	 7.4315	 7.037467	 0.038993	  0.00163926	  0.00087835	  0.00076091	  0.00087835	  0.00000000	  0.00143031
     -0.0030	    277.5038	 7.4319	 7.037881	 0.039001	  0.00163907	  0.00087799	  0.00076108	  0.00087799	  0.00000000	  0.00143001
     -0.0029	    277.5143	 7.4324	 7.038293	 0.039009	  0.00163888	  0.00087762	  0.00076126	  0.00087762	  0.00000000	  0.00142971
     -0.0029	    277.5249	 7.4328	 7.038703	 0.039017	  0.00163870	  0.00087726	  0.00076143	  0.00087726	  0.00000000	  0.00142940
     -0.0029	    277.5354	 7.4332	 7.039112	 0.039025	  0.00163851	  0.00087690	  0.00076161	  0.00087690	  0.00000000	  0.00142910
     -0.0029	    277.5458	 7.4336	 7.039520	 0.039033	  0.00163833	  0.00087655	  0.00076178	  0.00087655	  0.00000000	  0.00142881
     -0.0029	    277.5562	 7.4340	 7.039926	 0.039041	  0.00163814	  0.00087619	  0.00076195	  0.00087619	  0.00000000	  0.00142851
     -0.0029	    277.5666	 7.4344	 7.040330	 0.039048	  0.00163796	  0.00087584	  0.00076212	  0.00087584	  0.00000000	  0.00142821
     -0.0028	    277.5769	 7.4348	 7.040734	 0.039056	  0.00163778	  0.00087548	  0.00076230	  0.00087548	  0.00000000	  0.00142792
     -0.0028	    277.5872	 7.4352	 7.041135	 0.039064	  0.00163760	  0.00087513	  0.00076247	  0.00087513	  0.00000000	  0.00142762
     -0.0028	    277.5974	 7.4356	 7.041535	 0.039072	  0.00163742	  0.00087478	  0.00076263	  0.00087478	  0.00000000	  0.00142733
     -0.0028	    277.6076	 7.4360	 7.041934	 0.039080	  0.00163724	  0.00087443	  0.00076280	  0.00087443	  0.00000000	  0.00142704
     -0.0028	    277.6178	 7.4364	 7.042331	 0.039088	  0.00163706	  0.00087409	  0.00076297	  0.00087409	  0.00000000	  0.00142675
     -0.0028	    277.6279	 7.4368	 7.042727	 0.039095	  0.00163688	  0.00087374	  0.00076314	  0.00087374	  0.00000000	  0.00142646
     -0.0027	    277.6380	 7.4372	 7.043121	 0.039103	  0.00163670	  0.00087340	  0.00076331	  0.00087340	  0.00000000	  0.00142617
     -0.0027	    277.6480	 7.4376	 7.043513	 0.039111	  0.00163653	  0.00087305	  0.00076347	  0.00087305	  0.00000000	  0.00142589
     -0.0027	    277.6580	 7.4380	 7.043905	 0.039118	  0.00163635	  0.00087271	  0.00076364	  0.00087271	  0.00000000	  0.00142560
     -0.0027	    277.6680	 7.4384	 7.044295	 0.039126	  0.00163617	  0.00087237	  0.00076380	  0.00087237	  0.00000000	  0.00142532
     -0.0027	    277.6779	 7.4388	 7.044683	 0.039133	  0.00163600	  0.00087203	  0.00076397	  0.00087203	  0.00000000	  0.00142504
     -0.0027	    277.6878	 7.4392	 7.045070	 0.039141	  0.00163583	  0.00087170	  0.00076413	  0.00087170	  0.00000000	  0.00142475
     -0.0026	    277.6976	 7.4396	 7.045456	 0.039149	  0.00163565	  0.00087136	  0.00076429	  0.00087136	  0.00000000	  0.00142447
     -0.0026	    277.7074	 7.4399	 7.045840	 0.039156	  0.00163548	  0.00087103	  0.00076445	  0.00087103	  0.00000000	  0.00142419
     -0.0026	    277.7172	 7.4403	 7.046222	 0.039163	  0.00163531	  0.00087069	  0.00076462	  0.00087069	  0.00000000	  0.00142392
     -0.0026	    277.7270	 7.4407	 7.046604	 0.039171	  0.00163514	  0.00087036	  0.00076478	  0.00087036	  0.00000000	  0.00142364
     -0.0026	    277.7366	 7.4411	 7.046983	 0.039178	  0.00163497	  0.00087003	  0.00076494	  0.00087003	  0.00000000	  0.00142336
     -0.0026	    277.7463	 7.4415	 7.047362	 0.039186	  0.00163480	  0.00086970	  0.00076510	  0.00086970	  0.00000000	  0.00142309
     -0.0025	    277.7559	 7.4419	 7.047739	 0.039193	  0.00163463	  0.00086937	  0.00076526	  0.00086937	  0.00000000	  0.00142281
     -0.0025	    277.7655	 7.4422	 7.048115	 0.039200	  0.00163446	  0.00086905	  0.00076541	  0.00086905	  0.00000000	  0.00142254
     -0.0025	    277.7751	 7.4426	 7.048489	 0.039208	  0.00163429	  0.00086872	  0.00076557	  0.00086872	  0.00000000	  0.00142227
     -0.0025	    277.7846	 7.4430	 7.048862	 0.039215	  0.00163413	  0.00086840	  0.00076573	  0.00086840	  0.00000000	  0.00142200
     -0.0025	    277.7940	 7.4434	 7.049233	 0.039222	  0.00163396	  0.00086807	  0.00076588	  0.00086807	  0.00000000	  0.00142173
     -0.0025	    277.8035	 7.4437	 7.049603	 0.039229	  0.00163379	  0.00086775	  0.00076604	  0.00086775	  0.00000000	  0.00142146
     -0.0025	    277.8129	 7.4441	 7.049972	 0.039237	  0.00163363	  0.00086743	  0.00076620	  0.00086743	  0.00000000	  0.00142119
     -0.0024	    277.8222	 7.4445	 7.050339	 0.039244	  0.00163346	  0.00086711	  0.00076635	  0.00086711	  0.00000000	  0.00142093
     -0.0024	    277.8316	 7.4448	 7.050705	 0.039251	  0.00163330	  0.00086680	  0.00076650	  0.00086680	  0.00000000	  0.00142066
     -0.0024	    277.8408	 7.4452	 7.051070	 0.039258	  0.00163314	  0.00086648	  0.00076666	  0.00086648	  0.00000000	  0.00142040
     -0.0024	    277.8501	 7.4456	 7.051433	 0.039265	  0.00163298	  0.00086617	  0.00076681	  0.00086617	  0.00000000	  0.00142014
     -0.0024	    277.8593	 7.4459	 7.051795	 0.039272	  0.00163281	  0.00086585	  0.00076696	  0.00086585	  0.00000000	  0.00141988
     -0.0024	    277.8685	 7.4463	 7.052156	 0.039279	  0.00163265	  0.00086554	  0.00076711	  0.00086554	  0.00000000	  0.00141961
     -0.0023	    277.8776	 7.4466	 7.052515	 0.039286	  0.00163249	  0.00086523	  0.00076726	  0.00086523	  0.00000000	  0.00141935
     -0.0023	    277.8867	 7.4470	 7.052873	 0.039293	  0.00163233	  0.00086492	  0.00076741	  0.00086492	  0.00000000	  0.00141910
     -0.0023	    277.8958	 7.4474	 7.053229	 0.039300	  0.00163218	  0.00086461	  0.00076756	  0.00086461	  0.00000000	  0.00141884
     -0.0023	    277.9049	 7.4477	 7.053584	 0.039307	  0.00163202	  0.00086431	  0.00076771	  0.00086431	  0.00000000	  0.00141858
     -0.0023	    277.9139	 7.4481	 7.053938	 0.039314	  0.00163186	  0.00086400	  0.00076786	  0.00086400	  0.00000000	  0.00141833
     -0.0023	    277.9228	 7.4484	 7.054291	 0.039321	  0.00163170	  0.00086369	  0.00076801	  0.00086369	  0.00000000	  0.00141807
     -0.0023	    277.9318	 7.4488	 7.054642	 0.039328	  0.00163155	  0.00086339	  0.00076816	  0.00086339	  0.00000000	  0.00141782
     -0.0022	    277.9407	 7.4491	 7.054992	 0.039335	  0.00163139	  0.00086309	  0.00076830	  0.00086309	  0.00000000	  0.00141757
     -0.0022	    277.9495	 7.4495	 7.055341	 0.039342	  0.00163124	  0.00086279	  0.00076845	  0.00086279	  0.00000000	  0.00141732
     -0.0022	    277.9584	 7.4498	 7.055688	 0.039348	  0.00163108	  0.00086249	  0.00076859	  0.00086249	  0.00000000	  0.00141707
     -0.0022	    277.9671	 7.4502	 7.056034	 0.039355	  0.00163093	  0.00086219	  0.00076874	  0.00086219	  0.00000000	  0.00141682
     -0.0022	    277.9759	 7.4505	 7.056379	 0.039362	  0.00163078	  0.00086189	  0.00076888	  0.00086189	  0.00000000	  0.00141657
     -0.0022	    277.9846	 7.4509	 7.056722	 0.039369	  0.00163062	  0.00086160	  0.00076903	  0.00086160	  0.00000000	  0.00141632
     -0.0022	    277.9933	 7.4512	 7.057065	 0.039375	  0.00163047	  0.00086130	  0.00076917	  0.00086130	  0.00000000	  0.00141607
     -0.0021	    278.0020	 7.4515	 7.057405	 0.039382	  0.00163032	  0.00086101	  0.00076931	  0.00086101	  0.00000000	  0.00141583
     -0.0021	    278.0106	 7.4519	 7.057745	 0.039389	  0.00163017	  0.00086072	  0.00076945	  0.00086072	  0.00000000	  0.00141559
     -0.0021	    278.0192	 7.4522	 7.058083	 0.039395	  0.00163002	  0.00086043	  0.00076959	  0.00086043	  0.00000000	  0.00141534
     -0.0021	    278.0277	 7.4526	 7.058421	 0.039402	  0.00162987	  0.00086014	  0.00076974	  0.00086014	  0.00000000	  0.00141510
     -0.0021	    278.0363	 7.4529	 7.058756	 0.039408	  0.00162972	  0.00085985	  0.00076988	  0.00085985	  0.00000000	  0.00141486
     -0.0021	    278.0448	 7.4532	 7.059091	 0.039415	  0.00162957	  0.00085956	  0.00077001	  0.00085956	  0.00000000	  0.00141462
     -0.0021	    278.0532	 7.4536	 7.059424	 0.039421	  0.00162943	  0.00085927	  0.00077015	  0.00085927	  0.00000000	  0.00141438
     -0.0020	    278.0616	 7.4539	 7.059756	 0.039428	  0.00162928	  0.00085899	  0.00077029	  0.00085899	  0.00000000	  0.00141414
     -0.0020	    278.0700	 7.4542	 7.060087	 0.039434	  0.00162913	  0.00085870	  0.00077043	  0.00085870	  0.00000000	  0.00141390
     -0.0020	    278.0784	 7.4546	 7.060417	 0.039441	  0.00162899	  0.00085842	  0.00077057	  0.00085842	  0.00000000	  0.00141367
     -0.0020	    278.0867	 7.4549	 7.060745	 0.039447	  0.00162884	  0.00085814	  0.00077070	  0.00085814	  0.00000000	  0.00141343
     -0.0020	    278.0950	 7.4552	 7.061072	 0.039454	  0.00162870	  0.00085786	  0.00077084	  0.00085786	  0.00000000	  0.00141320
     -0.0020	    278.1033	 7.4555	 7.061398	 0.039460	  0.00162855	  0.00085758	  0.00077098	  0.00085758	  0.00000000	  0.00141296
     -0.0020	    278.1115	 7.4559	 7.061723	 0.039466	  0.00162841	  0.00085730	  0.00077111	  0.00085730	  0.00000000	  0.00141273
     -0.0020	    278.1197	 7.4562	 7.062046	 0.039473	  0.00162827	  0.00085702	  0.00077125	  0.00085702	  0.00000000	  0.00141250
     -0.0019	    278.1278	 7.4565	 7.062368	 0.039479	  0.00162813	  0.00085675	  0.00077138	  0.00085675	  0.00000000	  0.00141227
     -0.0019	    278.1360	 7.4568	 7.062689	 0.039485	  0.00162799	  0.00085647	  0.00077151	  0.00085647	  0.00000000	  0.00141204
     -0.0019	    278.1441	 7.4571	 7.063009	 0.039491	  0.00162784	  0.00085620	  0.00077165	  0.00085620	  0.00000000	  0.00141181
     -0.0019	    278.1521	 7.4575	 7.063328	 0.039498	  0.00162770	  0.00085592	  0.00077178	  0.00085592	  0.00000000	  0.00141158
     -0.0019	    278.1602	 7.4578	 7.063645	 0.039504	  0.00162756	  0.00085565	  0.00077191	  0.00085565	  0.00000000	  0.00141136
     -0.0019	    278.1682	 7.4581	 7.063962	 0.039510	  0.00162743	  0.00085538	  0.00077204	  0.00085538	  0.00000000	  0.00141113
     -0.0019	    278.1762	 7.4584	 7.064277	 0.039516	  0.00162729	  0.00085511	  0.00077217	  0.00085511	  0.00000000	  0.00141091
     -0.0018	    278.1841	 7.4587	 7.064590	 0.039522	  0.00162715	  0.00085484	  0.00077230	  0.00085484	  0.00000000	  0.00141068
     -0.0018	    278.1920	 7.4590	 7.064903	 0.039528	  0.00162701	  0.00085458	  0.00077243	  0.00085458	  0.00000000	  0.00141046
     -0.0018	    278.1999	 7.4593	 7.065215	 0.039534	  0.00162687	  0.00085431	  0.00077256	  0.00085431	  0.00000000	  0.00141024
     -0.0018	    278.2077	 7.4597	 7.065525	 0.039541	  0.00162674	  0.00085405	  0.00077269	  0.00085405	  0.00000000	  0.00141002
     -0.0018	    278.2156	 7.4600	 7.065834	 0.039547	  0.00162660	  0.00085378	  0.00077282	  0.00085378	  0.00000000	  0.00140979
     -0.0018	    278.2233	 7.4603	 7.066142	 0.039553	  0.00162647	  0.00085352	  0.00077295	  0.00085352	  0.00000000	  0.00140958
     -0.0018	    278.2311	 7.4606	 7.066449	 0.039559	  0.00162633	  0.00085326	  0.00077308	  0.00085326	  0.00000000	  0.00140936
     -0.0018	    278.2388	 7.4609	 7.066755	 0.039565	  0.00162620	  0.00085300	  0.00077320	  0.00085300	  0.00000000	  0.00140914
     -0.0017	    278.2465	 7.4612	 7.067059	 0.039571	  0.00162607	  0.00085274	  0.00077333	  0.00085274	  0.00000000	  0.00140892
     -0.0017	    278.2542	 7.4615	 7.067362	 0.039576	  0.00162593	  0.00085248	  0.00077345	  0.00085248	  0.00000000	  0.00140871
     -0.0017	    278.2618	 7.4618	 7.067665	 0.039582	  0.00162580	  0.00085222	  0.00077358	  0.00085222	  0.00000000	  0.00140849
     -0.0017	    278.2694	 7.4621	 7.067966	 0.039588	  0.00162567	  0.00085196	  0.00077370	  0.00085196	  0.00000000	  0.00140828
     -0.0017	    278.2770	 7.4624	 7.068266	 0.039594	  0.00162554	  0.00085171	  0.00077383	  0.00085171	  0.00000000	  0.00140806
     -0.0017	    278.2846	 7.4627	 7.068565	 0.039600	  0.00162541	  0.00085145	  0.00077395	  0.00085145	  0.00000000	  0.00140785
     -0.0017	    278.2921	 7.4630	 7.068862	 0.039606	  0.00162528	  0.00085120	  0.00077407	  0.00085120	  0.00000000	  0.00140764
     -0.0017	    278.2996	 7.4633	 7.069159	 0.039612	  0.00162515	  0.00085095	  0.00077420	  0.00085095	  0.00000000	  0.00140743
     -0.0016	    278.3070	 7.4636	 7.069454	 0.039617	  0.00162502	  0.00085070	  0.00077432	  0.00085070	  0.00000000	  0.00140722
     -0.0016	    278.3144	 7.4639	 7.069749	 0.039623	  0.00162489	  0.00085045	  0.00077444	  0.00085045	  0.00000000	  0.00140701
     -0.0016	    278.3218	 7.4642	 7.070042	 0.039629	  0.00162476	  0.00085020	  0.00077456	  0.00085020	  0.00000000	  0.00140680
     -0.0016	    278.3292	 7.4644	 7.070334	 0.039635	  0.00162463	  0.00084995	  0.00077468	  0.00084995	  0.00000000	  0.00140659
     -0.0016	    278.3366	 7.4647	 7.070625	 0.039640	  0.00162451	  0.00084970	  0.00077480	  0.00084970	  0.00000000	  0.00140639
     -0.0016	    278.3439	 7.4650	 7.070915	 0.039646	  0.00162438	  0.00084946	  0.00077492	  0.00084946	  0.00000000	  0.00140618
     -0.0016	    278.3512	 7.4653	 7.071204	 0.039652	  0.00162425	  0.00084921	  0.00077504	  0.00084921	  0.00000000	  0.00140598
     -0.0016	    278.3584	 7.4656	 7.071491	 0.039657	  0.00162413	  0.00084897	  0.00077516	  0.00084897	  0.00000000	  0.00140577
     -0.0016	    278.3656	 7.4659	 7.071778	 0.039663	  0.00162400	  0.00084872	  0.00077528	  0.00084872	  0.00000000	  0.00140557
     -0.0015	    278.3728	 7.4662	 7.072064	 0.039668	  0.00162388	  0.00084848	  0.00077540	  0.00084848	  0.00000000	  0.00140537
     -0.0015	    278.3800	 7.4664	 7.072348	 0.039674	  0.00162375	  0.00084824	  0.00077551	  0.00084824	  0.00000000	  0.00140517
     -0.0015	    278.3872	 7.4667	 7.072632	 0.039679	  0.00162363	  0.00084800	  0.00077563	  0.00084800	  0.00000000	  0.00140496
     -0.0015	    278.3943	 7.4670	 7.072914	 0.039685	  0.00162351	  0.00084776	  0.00077575	  0.00084776	  0.00000000	  0.00140476
     -0.0015	    278.4014	 7.4673	 7.073195	 0.039690	  0.00162338	  0.00084752	  0.00077586	  0.00084752	  0.00000000	  0.00140457
     -0.0015	    278.4084	 7.4676	 7.073475	 0.039696	  0.00162326	  0.00084728	  0.00077598	  0.00084728	  0.00000000	  0.00140437
     -0.0015	    278.4154	 7.4678	 7.073754	 0.039701	  0.00162314	  0.00084705	  0.00077609	  0.00084705	  0.00000000	  0.00140417
     -0.0015	    278.4224	 7.4681	 7.074033	 0.039707	  0.00162302	  0.00084681	  0.00077621	  0.00084681	  0.00000000	  0.00140397
     -0.0014	    278.4294	 7.4684	 7.074310	 0.039712	  0.00162290	  0.00084658	  0.00077632	  0.00084658	  0.00000000	  0.00140378
     -0.0014	    278.4364	 7.4687	 7.074586	 0.039718	  0.00162278	  0.00084634	  0.00077644	  0.00084634	  0.00000000	  0.00140358
     -0.0014	    278.4433	 7.4689	 7.074860	 0.039723	  0.00162266	  0.00084611	  0.00077655	  0.00084611	  0.00000000	  0.00140339
     -0.0014	    278.4502	 7.4692	 7.075134	 0.039728	  0.00162254	  0.00084588	  0.00077666	  0.00084588	  0.00000000	  0.00140319
     -0.0014	    278.4571	 7.4695	 7.075407	 0.039734	  0.00162242	  0.00084565	  0.00077678	  0.00084565	  0.00000000	  0.00140300
     -0.0014	    278.4639	 7.4698	 7.075679	 0.039739	  0.00162231	  0.00084542	  0.00077689	  0.00084542	  0.00000000	  0.00140281
     -0.0014	    278.4707	 7.4700	 7.075950	 0.039744	  0.00162219	  0.00084519	  0.00077700	  0.00084519	  0.00000000	  0.00140262
     -0.0014	    278.4775	 7.4703	 7.076219	 0.039750	  0.00162207	  0.00084496	  0.00077711	  0.00084496	  0.00000000	  0.00140243
     -0.0014	    278.4843	 7.4706	 7.076488	 0.039755	  0.00162195	  0.00084473	  0.00077722	  0.00084473	  0.00000000	  0.00140224
     -0.0013	    278.4910	 7.4708	 7.076756	 0.039760	  0.00162184	  0.00084451	  0.00077733	  0.00084451	  0.00000000	  0.00140205
     -0.0013	    278.4977	 7.4711	 7.077023	 0.039765	  0.00162172	  0.00084428	  0.00077744	  0.00084428	  0.00000000	  0.00140186
     -0.0013	    278.5044	 7.4714	 7.077288	 0.039770	  0.00162161	  0.00084406	  0.00077755	  0.00084406	  0.00000000	  0.00140167
     -0.0013	    278.5110	 7.4716	 7.077553	 0.039776	  0.00162149	  0.00084384	  0.00077766	  0.00084384	  0.00000000	  0.00140149
     -0.0013	    278.5177	 7.4719	 7.077817	 0.039781	  0.00162138	  0.00084361	  0.00077777	  0.00084361	  0.00000000	  0.00140130
     -0.0013	    278.5243	 7.4721	 7.078079	 0.039786	  0.00162126	  0.00084339	  0.00077787	  0.00084339	  0.00000000	  0.00140112
     -0.0013	    278.5308	 7.4724	 7.078341	 0.039791	  0.00162115	  0.00084317	  0.00077798	  0.00084317	  0.00000000	  0.00140093
     -0.0013	    278.5374	 7.4727	 7.078602	 0.039796	  0.00162104	  0.00084295	  0.00077809	  0.00084295	  0.00000000	  0.00140075
     -0.0013	    278.5439	 7.4729	 7.078861	 0.039801	  0.00162093	  0.00084273	  0.00077819	  0.00084273	  0.00000000	  0.00140057
     -0.0013	    278.5504	 7.4732	 7.079120	 0.039806	  0.00162081	  0.00084251	  0.00077830	  0.00084251	  0.00000000	  0.00140038
     -0.0012	    278.5569	 7.4734	 7.079378	 0.039811	  0.00162070	  0.00084230	  0.00077841	  0.00084230	  0.00000000	  0.00140020
     -0.0012	    278.5633	 7.4737	 7.079634	 0.039816	  0.00162059	  0.00084208	  0.00077851	  0.00084208	  0.00000000	  0.00140002
     -0.0012	    278.5698	 7.4739	 7.079890	 0.039821	  0.00162048	  0.00084187	  0.00077862	  0.00084187	  0.00000000	  0.00139984
     -0.0012	    278.5762	 7.4742	 7.080145	 0.039826	  0.00162037	  0.00084165	  0.00077872	  0.00084165	  0.00000000	  0.00139966
     -0.0012	    278.5825	 7.4744	 7.080399	 0.039831	  0.00162026	  0.00084144	  0.00077882	  0.00084144	  0.00000000	  0.00139949
     -0.0012	    278.5889	 7.4747	 7.080651	 0.039836	  0.00162015	  0.00084122	  0.00077893	  0.00084122	  0.00000000	  0.00139931
     -0.0012	    278.5952	 7.4749	 7.080903	 0.039841	  0.00162004	  0.00084101	  0.00077903	  0.00084101	  0.00000000	  0.00139913
     -0.0012	    278.6015	 7.4752	 7.081154	 0.039846	  0.00161994	  0.00084080	  0.00077913	  0.00084080	  0.00000000	  0.00139895
     -0.0012	    278.6078	 7.4754	 7.081404	 0.039851	  0.00161983	  0.00084059	  0.00077924	  0.00084059	  0.00000000	  0.00139878
     -0.0011	    278.6140	 7.4757	 7.081653	 0.039856	  0.00161972	  0.00084038	  0.00077934	  0.00084038	  0.00000000	  0.00139860
     -0.0011	    278.6202	 7.4759	 7.081901	 0.039861	  0.00161961	  0.00084017	  0.00077944	  0.00084017	  0.00000000	  0.00139843
     -0.0011	    278.6264	 7.4762	 7.082148	 0.039865	  0.00161951	  0.00083997	  0.00077954	  0.00083997	  0.00000000	  0.00139826
     -0.0011	    278.6326	 7.4764	 7.082394	 0.039870	  0.00161940	  0.00083976	  0.00077964	  0.00083976	  0.00000000	  0.00139808
     -0.0011	    278.6388	 7.4767	 7.082640	 0.039875	  0.00161930	  0.00083955	  0.00077974	  0.00083955	  0.00000000	  0.00139791
     -0.0011	    278.6449	 7.4769	 7.082884	 0.039880	  0.00161919	  0.00083935	  0.00077984	  0.00083935	  0.00000000	  0.00139774
     -0.0011	    278.6510	 7.4771	 7.083127	 0.039885	  0.00161909	  0.00083914	  0.00077994	  0.00083914	  0.00000000	  0.00139757
     -0.0011	    278.6571	 7.4774	 7.083370	 0.039889	  0.00161898	  0.00083894	  0.00078004	  0.00083894	  0.00000000	  0.00139740
     -0.0011	    278.6631	 7.4776	 7.083611	 0.039894	  0.00161888	  0.00083874	  0.00078014	  0.00083874	  0.00000000	  0.00139723
     -0.0011	    278.6691	 7.4779	 7.083852	 0.039899	  0.00161877	  0.00083854	  0.00078024	  0.00083854	  0.00000000	  0.00139706
     -0.0011	    278.6752	 7.4781	 7.084092	 0.039903	  0.00161867	  0.00083834	  0.00078033	  0.00083834	  0.00000000	  0.00139690
     -0.0010	    278.6811	 7.4783	 7.084330	 0.039908	  0.00161857	  0.00083814	  0.00078043	  0.00083814	  0.00000000	  0.00139673
     -0.0010	    278.6871	 7.4786	 7.084568	 0.039913	  0.00161847	  0.00083794	  0.00078053	  0.00083794	  0.00000000	  0.00139656
     -0.0010	    278.6930	 7.4788	 7.084805	 0.039917	  0.00161836	  0.00083774	  0.00078063	  0.00083774	  0.00000000	  0.00139640
     -0.0010	    278.6989	 7.4790	 7.085041	 0.039922	  0.00161826	  0.00083754	  0.00078072	  0.00083754	  0.00000000	  0.00139623
     -0.0010	    278.7048	 7.4793	 7.085276	 0.039927	  0.00161816	  0.00083734	  0.00078082	  0.00083734	  0.00000000	  0.00139607
     -0.0010	    278.7107	 7.4795	 7.085510	 0.039931	  0.00161806	  0.00083715	  0.00078091	  0.00083715	  0.00000000	  0.00139590
     -0.0010	    278.7165	 7.4797	 7.085744	 0.039936	  0.00161796	  0.00083695	  0.00078101	  0.00083695	  0.00000000	  0.00139574
     -0.0010	    278.7224	 7.4800	 7.085976	 0.039940	  0.00161786	  0.00083676	  0.00078110	  0.00083676	  0.00000000	  0.00139558
     -0.0010	    278.7282	 7.4802	 7.086208	 0.039945	  0.00161776	  0.00083656	  0.00078120	  0.00083656	  0.00000000	  0.00139542
     -0.0010	    278.7339	 7.4804	 7.086438	 0.039949	  0.00161766	  0.00083637	  0.00078129	  0.00083637	  0.00000000	  0.00139525
     -0.0009	    278.7397	 7.4807	 7.086668	 0.039954	  0.00161756	  0.00083618	  0.00078139	  0.00083618	  0.00000000	  0.00139509
     -0.0009	    278.7454	 7.4809	 7.086897	 0.039958	  0.00161747	  0.00083599	  0.00078148	  0.00083599	  0.00000000	  0.00139493
     -0.0009	    278.7511	 7.4811	 7.087125	 0.039963	  0.00161737	  0.00083580	  0.00078157	  0.00083580	  0.00000000	  0.00139477
     -0.0009	    278.7568	 7.4813	 7.087352	 0.039967	  0.00161727	  0.00083561	  0.00078166	  0.00083561	  0.00000000	  0.00139462
     -0.0009	    278.7625	 7.4816	 7.087578	 0.039972	  0.00161717	  0.00083542	  0.00078176	  0.00083542	  0.00000000	  0.00139446
     -0.0009	    278.7681	 7.4818	 7.087804	 0.039976	  0.00161708	  0.00083523	  0.00078185	  0.00083523	  0.00000000	  0.00139430
     -0.0009	    278.7737	 7.4820	 7.088028	 0.039980	  0.00161698	  0.00083504	  0.00078194	  0.00083504	  0.00000000	  0.00139414
     -0.0009	    278.7793	 7.4822	 7.088252	 0.039985	  0.00161689	  0.00083486	  0.00078203	  0.00083486	  0.00000000	  0.00139399
     -0.0009	    278.7849	 7.4824	 7.088475	 0.039989	  0.00161679	  0.00083467	  0.00078212	  0.00083467	  0.00000000	  0.00139383
     -0.0009	    278.7904	 7.4827	 7.088697	 0.039994	  0.00161670	  0.00083448	  0.00078221	  0.00083448	  0.00000000	  0.00139368
     -0.0009	    278.7960	 7.4829	 7.088918	 0.039998	  0.00161660	  0.00083430	  0.00078230	  0.00083430	  0.00000000	  0.00139352
     -0.0008	    278.8015	 7.4831	 7.089138	 0.040002	  0.00161651	  0.00083412	  0.00078239	  0.00083412	  0.00000000	  0.00139337
     -0.0008	    278.8070	 7.4833	 7.089358	 0.040006	  0.00161641	  0.00083393	  0.00078248	  0.00083393	  0.00000000	  0.00139322
     -0.0008	    278.8124	 7.4835	 7.089576	 0.040011	  0.00161632	  0.00083375	  0.00078257	  0.00083375	  0.00000000	  0.00139307
     -0.0008	    278.8179	 7.4837	 7.089794	 0.040015	  0.00161623	  0.00083357	  0.00078266	  0.00083357	  0.00000000	  0.00139291
     -0.0008	    278.8233	 7.4840	 7.090011	 0.040019	  0.00161613	  0.00083339	  0.00078275	  0.00083339	  0.00000000	  0.00139276
     -0.0008	    278.8287	 7.4842	 7.090227	 0.040023	  0.00161604	  0.00083321	  0.00078283	  0.00083321	  0.00000000	  0.00139261
     -0.0008	    278.8341	 7.4844	 7.090442	 0.040028	  0.00161595	  0.00083303	  0.00078292	  0.00083303	  0.00000000	  0.00139246
     -0.0008	    278.8394	 7.4846	 7.090657	 0.040032	  0.00161586	  0.00083285	  0.00078301	  0.00083285	  0.00000000	  0.00139231
     -0.0008	    278.8447	 7.4848	 7.090870	 0.040036	  0.00161577	  0.00083267	  0.00078309	  0.00083267	  0.00000000	  0.00139217
     -0.0008	    278.8501	 7.4850	 7.091083	 0.040040	  0.00161568	  0.00083250	  0.00078318	  0.00083250	  0.00000000	  0.00139202
     -0.0008	    278.8554	 7.4852	 7.091295	 0.040044	  0.00161559	  0.00083232	  0.00078327	  0.00083232	  0.00000000	  0.00139187
     -0.0008	    278.8606	 7.4854	 7.091506	 0.040048	  0.00161550	  0.00083214	  0.00078335	  0.00083214	  0.00000000	  0.00139172
     -0.0007	    278.8659	 7.4856	 7.091716	 0.040053	  0.00161541	  0.00083197	  0.00078344	  0.00083197	  0.00000000	  0.00139158
     -0.0007	    278.8711	 7.4859	 7.091926	 0.040057	  0.00161532	  0.00083179	  0.00078352	  0.00083179	  0.00000000	  0.00139143
     -0.0007	    278.8763	 7.4861	 7.092135	 0.040061	  0.00161523	  0.00083162	  0.00078361	  0.00083162	  0.00000000	  0.00139129
     -0.0007	    278.8815	 7.4863	 7.092343	 0.040065	  0.00161514	  0.00083145	  0.00078369	  0.00083145	  0.00000000	  0.00139114
     -0.0007	    278.8867	 7.4865	 7.092550	 0.040069	  0.00161505	  0.00083128	  0.00078378	  0.00083128	  0.00000000	  0.00139100
     -0.0007	    278.8918	 7.4867	 7.092756	 0.040073	  0.00161496	  0.00083110	  0.00078386	  0.00083110	  0.00000000	  0.00139086
     -0.0007	    278.8970	 7.4869	 7.092962	 0.040077	  0.00161488	  0.00083093	  0.00078394	  0.00083093	  0.00000000	  0.00139071
     -0.0007	    278.9021	 7.4871	 7.093166	 0.040081	  0.00161479	  0.00083076	  0.00078403	  0.00083076	  0.00000000	  0.00139057
     -0.0007	    278.9072	 7.4873	 7.093370	 0.040085	  0.00161470	  0.00083059	  0.00078411	  0.00083059	  0.00000000	  0.00139043
     -0.0007	    278.9122	 7.4875	 7.093573	 0.040089	  0.00161462	  0.00083042	  0.00078419	  0.00083042	  0.00000000	  0.00139029
     -0.0007	    278.9173	 7.4877	 7.093776	 0.040093	  0.00161453	  0.00083026	  0.00078427	  0.00083026	  0.00000000	  0.00139015
     -0.0007	    278.9223	 7.4879	 7.093977	 0.040097	  0.00161444	  0.00083009	  0.00078435	  0.00083009	  0.00000000	  0.00139001
     -0.0006	    278.9273	 7.4881	 7.094178	 0.040101	  0.00161436	  0.00082992	  0.00078444	  0.00082992	  0.00000000	  0.00138987
     -0.0006	    278.9323	 7.4883	 7.094378	 0.040105	  0.00161427	  0.00082976	  0.00078452	  0.00082976	  0.00000000	  0.00138973
     -0.0006	    278.9373	 7.4885	 7.094578	 0.040109	  0.00161419	  0.00082959	  0.00078460	  0.00082959	  0.00000000	  0.00138959
     -0.0006	    278.9422	 7.4887	 7.094776	 0.040112	  0.00161410	  0.00082943	  0.00078468	  0.00082943	  0.00000000	  0.00138945
     -0.0006	    278.9471	 7.4889	 7.094974	 0.040116	  0.00161402	  0.00082926	  0.00078476	  0.00082926	  0.00000000	  0.00138932
     -0.0006	    278.9521	 7.4891	 7.095171	 0.040120	  0.00161394	  0.00082910	  0.00078484	  0.00082910	  0.00000000	  0.00138918
     -0.0006	    278.9569	 7.4893	 7.095367	 0.040124	  0.00161385	  0.00082894	  0.00078492	  0.00082894	  0.00000000	  0.00138904
     -0.0006	    278.9618	 7.4894	 7.095563	 0.040128	  0.00161377	  0.00082877	  0.00078500	  0.00082877	  0.00000000	  0.00138891
     -0.0006	    278.9667	 7.4896	 7.095757	 0.040132	  0.00161369	  0.00082861	  0.00078507	  0.00082861	  0.00000000	  0.00138877
     -0.0006	    278.9715	 7.4898	 7.095951	 0.040135	  0.00161360	  0.00082845	  0.00078515	  0.00082845	  0.00000000	  0.00138864
     -0.0006	    278.9763	 7.4900	 7.096144	 0.040139	  0.00161352	  0.00082829	  0.00078523	  0.00082829	  0.00000000	  0.00138851
     -0.0006	    278.9811	 7.4902	 7.096337	 0.040143	  0.00161344	  0.00082813	  0.00078531	  0.00082813	  0.00000000	  0.00138837
     -0.0005	    278.9859	 7.4904	 7.096529	 0.040147	  0.00161336	  0.00082797	  0.00078539	  0.00082797	  0.00000000	  0.00138824
     -0.0005	    278.9906	 7.4906	 7.096720	 0.040150	  0.00161328	  0.00082782	  0.00078546	  0.00082782	  0.00000000	  0.00138811
     -0.0005	    278.9954	 7.4908	 7.096910	 0.040154	  0.00161320	  0.00082766	  0.00078554	  0.00082766	  0.00000000	  0.00138798
     -0.0005	    279.0001	 7.4910	 7.097099	 0.040158	  0.00161312	  0.00082750	  0.00078562	  0.00082750	  0.00000000	  0.00138785
     -0.0005	    279.0048	 7.4911	 7.097288	 0.040162	  0.00161304	  0.00082735	  0.00078569	  0.00082735	  0.00000000	  0.00138772
     -0.0005	    279.0095	 7.4913	 7.097476	 0.040165	  0.00161296	  0.00082719	  0.00078577	  0.00082719	  0.00000000	  0.00138759
     -0.0005	    279.0141	 7.4915	 7.097664	 0.040169	  0.00161288	  0.00082703	  0.00078584	  0.00082703	  0.00000000	  0.00138746
     -0.0005	    279.0188	 7.4917	 7.097850	 0.040173	  0.00161280	  0.00082688	  0.00078592	  0.00082688	  0.00000000	  0.00138733
     -0.0005	    279.0234	 7.4919	 7.098036	 0.040176	  0.00161272	  0.00082673	  0.00078599	  0.00082673	  0.00000000	  0.00138720
     -0.0005	    279.0280	 7.4921	 7.098221	 0.040180	  0.00161264	  0.00082657	  0.00078607	  0.00082657	  0.00000000	  0.00138707
     -0.0005	    279.0326	 7.4922	 7.098406	 0.040183	  0.00161256	  0.00082642	  0.00078614	  0.00082642	  0.00000000	  0.00138694
     -0.0005	    279.0372	 7.4924	 7.098590	 0.040187	  0.00161249	  0.00082627	  0.00078622	  0.00082627	  0.00000000	  0.00138682
     -0.0005	    279.0417	 7.4926	 7.098773	 0.040191	  0.00161241	  0.00082612	  0.00078629	  0.00082612	  0.00000000	  0.00138669
     -0.0005	    279.0463	 7.4928	 7.098955	 0.040194	  0.00161233	  0.00082597	  0.00078636	  0.00082597	  0.00000000	  0.00138657
     -0.0004	    279.0508	 7.4930	 7.099137	 0.040198	  0.00161226	  0.00082582	  0.00078644	  0.00082582	  0.00000000	  0.00138644
     -0.0004	    279.0553	 7.4931	 7.099317	 0.040201	  0.00161218	  0.00082567	  0.00078651	  0.00082567	  0.00000000	  0.00138632
     -0.0004	    279.0598	 7.4933	 7.099498	 0.040205	  0.00161210	  0.00082552	  0.00078658	  0.00082552	  0.00000000	  0.00138619
     -0.0004	    279.0643	 7.4935	 7.099677	 0.040208	  0.00161203	  0.00082537	  0.00078666	  0.00082537	  0.00000000	  0.00138607
     -0.0004	    279.0687	 7.4937	 7.099856	 0.040212	  0.00161195	  0.00082522	  0.00078673	  0.00082522	  0.00000000	  0.00138594
     -0.0004	    279.0731	 7.4939	 7.100034	 0.040215	  0.00161188	  0.00082508	  0.00078680	  0.00082508	  0.00000000	  0.00138582
     -0.0004	    279.0775	 7.4940	 7.100212	 0.040219	  0.00161180	  0.00082493	  0.00078687	  0.00082493	  0.00000000	  0.00138570
     -0.0004	    279.0819	 7.4942	 7.100388	 0.040222	  0.00161173	  0.00082478	  0.00078694	  0.00082478	  0.00000000	  0.00138558
     -0.0004	    279.0863	 7.4944	 7.100565	 0.040226	  0.00161165	  0.00082464	  0.00078701	  0.00082464	  0.00000000	  0.00138546
     -0.0004	    279.0907	 7.4945	 7.100740	 0.040229	  0.00161158	  0.00082449	  0.00078708	  0.00082449	  0.00000000	  0.00138533
     -0.0004	    279.0950	 7.4947	 7.100915	 0.040233	  0.00161150	  0.00082435	  0.00078715	  0.00082435	  0.00000000	  0.00138521
     -0.0004	    279.0993	 7.4949	 7.101089	 0.040236	  0.00161143	  0.00082421	  0.00078722	  0.00082421	  0.00000000	  0.00138509
     -0.0004	    279.1037	 7.4951	 7.101262	 0.040239	  0.00161136	  0.00082406	  0.00078729	  0.00082406	  0.00000000	  0.00138498
     -0.0004	    279.1079	 7.4952	 7.101435	 0.040243	  0.00161128	  0.00082392	  0.00078736	  0.00082392	  0.00000000	  0.00138486
     -0.0003	    279.1122	 7.4954	 7.101607	 0.040246	  0.00161121	  0.00082378	  0.00078743	  0.00082378	  0.00000000	  0.00138474
     -0.0003	    279.1165	 7.4956	 7.101778	 0.040249	  0.00161114	  0.00082364	  0.00078750	  0.00082364	  0.00000000	  0.00138462
     -0.0003	    279.1207	 7.4957	 7.101949	 0.040253	  0.00161107	  0.00082350	  0.00078757	  0.00082350	  0.00000000	  0.00138450
     -0.0003	    279.1249	 7.4959	 7.102119	 0.040256	  0.00161100	  0.00082336	  0.00078764	  0.00082336	  0.00000000	  0.00138439
     -0.0003	    279.1292	 7.4961	 7.102288	 0.040259	  0.00161093	  0.00082322	  0.00078771	  0.00082322	  0.00000000	  0.00138427
     -0.0003	    279.1333	 7.4962	 7.102457	 0.040263	  0.00161085	  0.00082308	  0.00078777	  0.00082308	  0.00000000	  0.00138415
     -0.0003	    279.1375	 7.4964	 7.102625	 0.040266	  0.00161078	  0.00082294	  0.00078784	  0.00082294	  0.00000000	  0.00138404
     -0.0003	    279.1417	 7.4966	 7.102793	 0.040269	  0.00161071	  0.00082280	  0.00078791	  0.00082280	  0.00000000	  0.00138392
     -0.0003	    279.1458	 7.4967	 7.102959	 0.040273	  0.00161064	  0.00082267	  0.00078798	  0.00082267	  0.00000000	  0.00138381
     -0.0003	    279.1499	 7.4969	 7.103126	 0.040276	  0.00161057	  0.00082253	  0.00078804	  0.00082253	  0.00000000	  0.00138369
     -0.0003	    279.1540	 7.4971	 7.103291	 0.040279	  0.00161050	  0.00082239	  0.00078811	  0.00082239	  0.00000000	  0.00138358
     -0.0003	    279.1581	 7.4972	 7.103456	 0.040282	  0.00161043	  0.00082226	  0.00078818	  0.00082226	  0.00000000	  0.00138347
     -0.0003	    279.1622	 7.4974	 7.103620	 0.040285	  0.00161036	  0.00082212	  0.00078824	  0.00082212	  0.00000000	  0.00138335
     -0.0003	    279.1663	 7.4975	 7.103784	 0.040289	  0.00161030	  0.00082199	  0.00078831	  0.00082199	  0.00000000	  0.00138324
     -0.0003	    279.1703	 7.4977	 7.103947	 0.040292	  0.00161023	  0.00082186	  0.00078837	  0.00082186	  0.00000000	  0.00138313
     -0.0002	    279.1744	 7.4979	 7.104109	 0.040295	  0.00161016	  0.00082172	  0.00078844	  0.00082172	  0.00000000	  0.00138302
     -0.0002	    279.1784	 7.4980	 7.104271	 0.040298	  0.00161009	  0.00082159	  0.00078850	  0.00082159	  0.00000000	  0.00138291
     -0.0002	    279.1824	 7.4982	 7.104432	 0.040301	  0.00161002	  0.00082146	  0.00078857	  0.00082146	  0.00000000	  0.00138280
     -0.0002	    279.1863	 7.4983	 7.104592	 0.040305	  0.00160996	  0.00082132	  0.00078863	  0.00082132	  0.00000000	  0.00138269
     -0.0002	    279.1903	 7.4985	 7.104752	 0.040308	  0.00160989	  0.00082119	  0.00078870	  0.00082119	  0.00000000	  0.00138258
     -0.0002	    279.1943	 7.4987	 7.104911	 0.040311	  0.00160982	  0.00082106	  0.00078876	  0.00082106	  0.00000000	  0.00138247
     -0.0002	    279.1982	 7.4988	 7.105070	 0.040314	  0.00160976	  0.00082093	  0.00078882	  0.00082093	  0.00000000	  0.00138236
     -0.0002	    279.2021	 7.4990	 7.105227	 0.040317	  0.00160969	  0.00082080	  0.00078889	  0.00082080	  0.00000000	  0.00138225
     -0.0002	    279.2060	 7.4991	 7.105385	 0.040320	  0.00160962	  0.00082067	  0.00078895	  0.00082067	  0.00000000	  0.00138214
     -0.0002	    279.2099	 7.4993	 7.105542	 0.040323	  0.00160956	  0.00082055	  0.00078901	  0.00082055	  0.00000000	  0.00138204
     -0.0002	    279.2138	 7.4994	 7.105698	 0.040326	  0.00160949	  0.00082042	  0.00078907	  0.00082042	  0.00000000	  0.00138193
     -0.0002	    279.2176	 7.4996	 7.105853	 0.040329	  0.00160943	  0.00082029	  0.00078914	  0.00082029	  0.00000000	  0.00138182
     -0.0002	    279.2215	 7.4997	 7.106008	 0.040332	  0.00160936	  0.00082016	  0.00078920	  0.00082016	  0.00000000	  0.00138172
     -0.0002	    279.2253	 7.4999	 7.106162	 0.040335	  0.00160930	  0.00082004	  0.00078926	  0.00082004	  0.00000000	  0.00138161
     -0.0002	    279.2291	 7.5000	 7.106316	 0.040338	  0.00160923	  0.00081991	  0.00078932	  0.00081991	  0.00000000	  0.00138150
     -0.0002	    279.2329	 7.5002	 7.106469	 0.040341	  0.00160917	  0.00081978	  0.00078938	  0.00081978	  0.00000000	  0.00138140
     -0.0001	    279.2367	 7.5003	 7.106622	 0.040344	  0.00160910	  0.00081966	  0.00078944	  0.00081966	  0.00000000	  0.00138130
     -0.0001	    279.2404	 7.5005	 7.106774	 0.040347	  0.00160904	  0.00081953	  0.00078951	  0.00081953	  0.00000000	  0.00138119
     -0.0001	    279.2442	 7.5006	 7.106925	 0.040350	  0.00160898	  0.00081941	  0.00078957	  0.00081941	  0.00000000	  0.00138109
     -0.0001	    279.2479	 7.5008	 7.107076	 0.040353	  0.00160891	  0.00081929	  0.00078963	  0.00081929	  0.00000000	  0.00138098
     -0.0001	    279.2516	 7.5009	 7.107226	 0.040356	  0.00160885	  0.00081916	  0.00078969	  0.00081916	  0.00000000	  0.00138088
     -0.0001	    279.2554	 7.5011	 7.107375	 0.040359	  0.00160879	  0.00081904	  0.00078975	  0.00081904	  0.00000000	  0.00138078
     -0.0001	    279.2590	 7.5012	 7.107524	 0.040362	  0.00160873	  0.00081892	  0.00078981	  0.00081892	  0.00000000	  0.00138068
     -0.0001	    279.2627	 7.5014	 7.107673	 0.040365	  0.00160866	  0.00081880	  0.00078987	  0.00081880	  0.00000000	  0.00138058
     -0.0001	    279.2664	 7.5015	 7.107821	 0.040368	  0.00160860	  0.00081868	  0.00078992	  0.00081868	  0.00000000	  0.00138048
     -0.0001	    279.2700	 7.5017	 7.107968	 0.040371	  0.00160854	  0.00081856	  0.00078998	  0.00081856	  0.00000000	  0.00138037
     -0.0001	    279.2737	 7.5018	 7.108115	 0.040373	  0.00160848	  0.00081844	  0.00079004	  0.00081844	  0.00000000	  0.00138027
     -0.0001	    279.2773	 7.5019	 7.108261	 0.040376	  0.00160842	  0.00081832	  0.00079010	  0.00081832	  0.00000000	  0.00138017
     -0.0001	    279.2809	 7.5021	 7.108406	 0.040379	  0.00160836	  0.00081820	  0.00079016	  0.00081820	  0.00000000	  0.00138007
     -0.0001	    279.2845	 7.5022	 7.108551	 0.040382	  0.00160830	  0.00081808	  0.00079022	  0.00081808	  0.00000000	  0.00137998
     -0.0001	    279.2881	 7.5024	 7.108696	 0.040385	  0.00160824	  0.00081796	  0.00079027	  0.00081796	  0.00000000	  0.00137988
     -0.0001	    279.2916	 7.5025	 7.108839	 0.040388	  0.00160818	  0.00081784	  0.00079033	  0.00081784	  0.00000000	  0.00137978
     -0.0001	    279.2952	 7.5027	 7.108983	 0.040390	  0.00160812	  0.00081773	  0.00079039	  0.00081773	  0.00000000	  0.00137968
     -0.0000	    279.2987	 7.5028	 7.109125	 0.040393	  0.00160806	  0.00081761	  0.00079045	  0.00081761	  0.00000000	  0.00137958
     -0.0000	    279.3022	 7.5029	 7.109268	 0.040396	  0.00160800	  0.00081749	  0.00079050	  0.00081749	  0.00000000	  0.00137949
     -0.0000	    279.3057	 7.5031	 7.109409	 0.040399	  0.00160794	  0.00081738	  0.00079056	  0.00081738	  0.00000000	  0.00137939
     -0.0000	    279.3092	 7.5032	 7.109550	 0.040402	  0.00160788	  0.00081726	  0.00079062	  0.00081726	  0.00000000	  0.00137929
     -0.0000	    279.3127	 7.5033	 7.109691	 0.040404	  0.00160782	  0.00081715	  0.00079067	  0.00081715	  0.00000000	  0.00137920
     -0.0000	    279.3162	 7.5035	 7.109831	 0.040407	  0.00160776	  0.00081703	  0.00079073	  0.00081703	  0.00000000	  0.00137910
     -0.0000	    279.3196	 7.5036	 7.109970	 0.040410	  0.00160770	  0.00081692	  0.00079078	  0.00081692	  0.00000000	  0.00137901
     -0.0000	    279.3230	 7.5038	 7.110109	 0.040412	  0.00160764	  0.00081681	  0.00079084	  0.00081681	  0.00000000	  0.00137891
      0.0000	    279.3265	 7.5039	 7.110247	 0.040415	  0.00160759	  0.00081669	  0.00079089	  0.00081669	  0.00000000	  0.00137882
      0.0000	    279.3265	 0.0000	 7.110247	 0.040415	  0.00000000	  0.00081669	 -0.00081669	  0.00081669	  0.00000000	  0.00137882
      0.0000	    280.2013	 0.0000	 7.145294	 0.039713	  0.00000000	  0.00078857	 -0.00078857	  0.00078857	  0.00000000	  0.00135490
      0.0000	    281.0915	 0.0000	 7.180340	 0.039023	  0.00000000	  0.00076141	 -0.00076141	  0.00076141	  0.00000000	  0.00133099
      0.0000	    281.9975	 0.0000	 7.215387	 0.038345	  0.00000000	  0.00073519	 -0.00073519	  0.00073519	  0.00000000	  0.00130709
      0.0000	    282.9196	 0.0000	 7.250433	 0.037679	  0.00000000	  0.00070987	 -0.00070987	  0.00070987	  0.00000000	  0.00128321
      0.0000	    283.8579	 0.0000	 7.285480	 0.037025	  0.00000000	  0.00068542	 -0.00068542	  0.00068542	  0.00000000	  0.00125935
      0.0000	    284.8128	 0.0000	 7.320526	 0.036382	  0.00000000	  0.00066181	 -0.00066181	  0.00066181	  0.00000000	  0.00123553
      0.0000	    285.7846	 0.0000	 7.355573	 0.035750	  0.00000000	  0.00063902	 -0.00063902	  0.00063902	  0.00000000	  0.00121175
      0.0000	    286.7736	 0.0000	 7.390619	 0.035129	  0.00000000	  0.00061701	 -0.00061701	  0.00061701	  0.00000000	  0.00118802
      0.0000	    287.7800	 0.0000	 7.425666	 0.034519	  0.00000000	  0.00059576	 -0.00059576	  0.00059576	  0.00000000	  0.00116434
      0.0000	    288.8042	 0.0000	 7.460712	 0.033919	  0.00000000	  0.00057525	 -0.00057525	  0.00057525	  0.00000000	  0.00114073
      0.0000	    289.8466	 0.0000	 7.495759	 0.033330	  0.00000000	  0.00055544	 -0.00055544	  0.00055544	  0.00000000	  0.00111720
      0.0000	    290.9074	 0.0000	 7.530805	 0.032751	  0.00000000	  0.00053631	 -0.00053631	  0.00053631	  0.00000000	  0.00109375
      0.0000	    291.9869	 0.0000	 7.565852	 0.032182	  0.00000000	  0.00051784	 -0.00051784	  0.00051784	  0.00000000	  0.00107038
      0.0000	    293.0855	 0.0000	 7.600898	 0.031623	  0.00000000	  0.00050000	 -0.00050000	  0.00050000	  0.00000000	  0.00104712
      0.0000	    294.2035	 0.0000	 7.635945	 0.031074	  0.00000000	  0.00048278	 -0.00048278	  0.00048278	  0.00000000	  0.00102397
      0.0000	    295.3413	 0.0000	 7.670991	 0.030534	  0.00000000	  0.00046616	 -0.00046616	  0.00046616	  0.00000000	  0.00100093
      0.0000	    296.4992	 0.0000	 7.706037	 0.030003	  0.00000000	  0.00045010	 -0.00045010	  0.00045010	  0.00000000	  0.00097802
      0.0000	    297.6776	 0.0000	 7.741084	 0.029482	  0.00000000	  0.00043460	 -0.00043460	  0.00043460	  0.00000000	  0.00095524
      0.0000	    298.8768	 0.0000	 7.776130	 0.028970	  0.00000000	  0.00041963	 -0.00041963	  0.00041963	  0.00000000	  0.00093260
      0.0000	    300.0972	 0.0000	 7.811177	 0.028467	  0.00000000	  0.00040518	 -0.00040518	  0.00040518	  0.00000000	  0.00091011
      0.0000	    301.3392	 0.0000	 7.846223	 0.027972	  0.00000000	  0.00039123	 -0.00039123	  0.00039123	  0.00000000	  0.00088778
      0.0000	    302.6032	 0.0000	 7.881270	 0.027486	  0.00000000	  0.00037775	 -0.00037775	  0.00037775	  0.00000000	  0.00086562
      0.0000	    303.8894	 0.0000	 7.916316	 0.027009	  0.00000000	  0.00036474	 -0.00036474	  0.00036474	  0.00000000	  0.00084364
      0.0000	    305.1985	 0.0000	 7.951363	 0.026540	  0.00000000	  0.00035218	 -0.00035218	  0.00035218	  0.00000000	  0.00082184
      0.0000	    306.5306	 0.0000	 7.986409	 0.026079	  0.00000000	  0.00034005	 -0.00034005	  0.00034005	  0.00000000	  0.00080023
      0.0000	    307.8863	 0.0000	 8.021456	 0.025626	  0.00000000	  0.00032834	 -0.00032834	  0.00032834	  0.00000000	  0.00077882
      0.0000	    309.2660	 0.0000	 8.056502	 0.025181	  0.00000000	  0.00031703	 -0.00031703	  0.00031703	  0.00000000	  0.00075763
      0.0000	    310.6701	 0.0000	 8.091549	 0.024743	  0.00000000	  0.00030612	 -0.00030612	  0.00030612	  0.00000000	  0.00073665
      0.0000	    312.0990	 0.0000	 8.126595	 0.024313	  0.00000000	  0.00029557	 -0.00029557	  0.00029557	  0.00000000	  0.00071589
      0.0000	    313.5531	 0.0000	 8.161642	 0.023891	  0.00000000	  0.00028539	 -0.00028539	  0.00028539	  0.00000000	  0.00069537
      0.0000	    315.0330	 0.0000	 8.196688	 0.023476	  0.00000000	  0.00027556	 -0.00027556	  0.00027556	  0.00000000	  0.00067509
      0.0000	    316.5390	 0.0000	 8.231735	 0.023068	  0.00000000	  0.00026607	 -0.00026607	  0.00026607	  0.00000000	  0.00065506
      0.0000	    318.0716	 0.0000	 8.266781	 0.022668	  0.00000000	  0.00025691	 -0.00025691	  0.00025691	  0.00000000	  0.00063529
      0.0000	    319.6313	 0.0000	 8.301828	 0.022274	  0.00000000	  0.00024806	 -0.00024806	  0.00024806	  0.00000000	  0.00061578
      0.0000	    321.2186	 0.0000	 8.336874	 0.021887	  0.00000000	  0.00023952	 -0.00023952	  0.00023952	  0.00000000	  0.00059654
      0.0000	    322.8340	 0.0000	 8.371920	 0.021507	  0.00000000	  0.00023127	 -0.00023127	  0.00023127	  0.00000000	  0.00057757
      0.0000	    324.4779	 0.0000	 8.406967	 0.021133	  0.00000000	  0.00022331	 -0.00022331	  0.00022331	  0.00000000	  0.00055889
      0.0000	    326.1509	 0.0000	 8.442013	 0.020766	  0.00000000	  0.00021562	 -0.00021562	  0.00021562	  0.00000000	  0.00054050
      0.0000	    327.8534	 0.0000	 8.477060	 0.020405	  0.00000000	  0.00020819	 -0.00020819	  0.00020819	  0.00000000	  0.00052240
      0.0000	    329.5861	 0.0000	 8.512106	 0.020051	  0.00000000	  0.00020102	 -0.00020102	  0.00020102	  0.00000000	  0.00050461
      0.0000	    331.3494	 0.0000	 8.547153	 0.019703	  0.00000000	  0.00019410	 -0.00019410	  0.00019410	  0.00000000	  0.00048713
      0.0000	    333.1438	 0.0000	 8.582199	 0.019360	  0.00000000	  0.00018741	 -0.00018741	  0.00018741	  0.00000000	  0.00046995
      0.0000	    334.9700	 0.0000	 8.617246	 0.019024	  0.00000000	  0.00018096	 -0.00018096	  0.00018096	  0.00000000	  0.00045310
      0.0000	    336.8284	 0.0000	 8.652292	 0.018694	  0.00000000	  0.00017473	 -0.00017473	  0.00017473	  0.00000000	  0.00043657
      0.0000	    338.7197	 0.0000	 8.687339	 0.018369	  0.00000000	  0.00016871	 -0.00016871	  0.00016871	  0.00000000	  0.00042036
      0.0000	    340.6445	 0.0000	 8.722385	 0.018050	  0.00000000	  0.00016290	 -0.00016290	  0.00016290	  0.00000000	  0.00040449
      0.0000	    342.6032	 0.0000	 8.757432	 0.017736	  0.00000000	  0.00015729	 -0.00015729	  0.00015729	  0.00000000	  0.00038895
      0.0000	    344.5966	 0.0000	 8.792478	 0.017428	  0.00000000	  0.00015187	 -0.00015187	  0.00015187	  0.00000000	  0.00037375
      0.0000	    346.6252	 0.0000	 8.827525	 0.017125	  0.00000000	  0.00014664	 -0.00014664	  0.00014664	  0.00000000	  0.00035889
      0.0000	    348.6897	 0.0000	 8.862571	 0.016828	  0.00000000	  0.00014159	 -0.00014159	  0.00014159	  0.00000000	  0.00034437
      0.0000	    350.7907	 0.0000	 8.897618	 0.016536	  0.00000000	  0.00013671	 -0.00013671	  0.00013671	  0.00000000	  0.00033020
      0.0000	    352.9288	 0.0000	 8.932664	 0.016248	  0.00000000	  0.00013201	 -0.00013201	  0.00013201	  0.00000000	  0.00031638
      0.0000	    355.1048	 0.0000	 8.967711	 0.015966	  0.00000000	  0.00012746	 -0.00012746	  0.00012746	  0.00000000	  0.00030290
      0.0000	    357.3192	 0.0000	 9.002757	 0.015689	  0.00000000	  0.00012307	 -0.00012307	  0.00012307	  0.00000000	  0.00028978
      0.0000	    359.5727	 0.0000	 9.037804	 0.015416	  0.00000000	  0.00011883	 -0.00011883	  0.00011883	  0.00000000	  0.00027701
      0.0000	    361.8661	 0.0000	 9.072850	 0.015149	  0.00000000	  0.00011474	 -0.00011474	  0.00011474	  0.00000000	  0.00026459
      0.0000	    364.2000	 0.0000	 9.107896	 0.014885	  0.00000000	  0.00011079	 -0.00011079	  0.00011079	  0.00000000	  0.00025253
      0.0000	    366.5751	 0.0000	 9.142943	 0.014627	  0.00000000	  0.00010697	 -0.00010697	  0.00010697	  0.00000000	  0.00024081
      0.0000	    368.9923	 0.0000	 9.177989	 0.014373	  0.00000000	  0.00010329	 -0.00010329	  0.00010329	  0.00000000	  0.00022945
      0.0000	    371.4522	 0.0000	 9.213036	 0.014123	  0.00000000	  0.00009973	 -0.00009973	  0.00009973	  0.00000000	  0.00021843
      0.0000	    373.9556	 0.0000	 9.248082	 0.013878	  0.00000000	  0.00009630	 -0.00009630	  0.00009630	  0.00000000	  0.00020776
      0.0000	    376.5032	 0.0000	 9.283129	 0.013637	  0.00000000	  0.00009298	 -0.00009298	  0.00009298	  0.00000000	  0.00019744
      0.0000	    379.0958	 0.0000	 9.318175	 0.013400	  0.00000000	  0.00008978	 -0.00008978	  0.00008978	  0.00000000	  0.00018747
      0.0000	    381.7343	 0.0000	 9.353222	 0.013167	  0.00000000	  0.00008669	 -0.00008669	  0.00008669	  0.00000000	  0.00017783
      0.0000	    384.4195	 0.0000	 9.388268	 0.012938	  0.00000000	  0.00008370	 -0.00008370	  0.00008370	  0.00000000	  0.00016853
      0.0000	    387.1521	 0.0000	 9.423315	 0.012714	  0.00000000	  0.00008082	 -0.00008082	  0.00008082	  0.00000000	  0.00015957
      0.0000	    389.9330	 0.0000	 9.458361	 0.012493	  0.00000000	  0.00007803	 -0.00007803	  0.00007803	  0.00000000	  0.00015094
      0.0000	    392.7630	 0.0000	 9.493408	 0.012276	  0.00000000	  0.00007535	 -0.00007535	  0.00007535	  0.00000000	  0.00014263
      0.0000	    395.6431	 0.0000	 9.528454	 0.012063	  0.00000000	  0.00007275	 -0.00007275	  0.00007275	  0.00000000	  0.00013465
      0.0000	    398.5742	 0.0000	 9.563501	 0.011853	  0.00000000	  0.00007025	 -0.00007025	  0.00007025	  0.00000000	  0.00012698
      0.0000	    401.5570	 0.0000	 9.598547	 0.011647	  0.00000000	  0.00006783	 -0.00006783	  0.00006783	  0.00000000	  0.00011963
      0.0000	    404.5925	 0.0000	 9.633594	 0.011445	  0.00000000	  0.00006549	 -0.00006549	  0.00006549	  0.00000000	  0.00011258
      0.0000	    407.6818	 0.0000	 9.668640	 0.011246	  0.00000000	  0.00006324	 -0.00006324	  0.00006324	  0.00000000	  0.00010583
      0.0000	    410.8256	 0.0000	 9.703687	 0.011051	  0.00000000	  0.00006106	 -0.00006106	  0.00006106	  0.00000000	  0.00009938
      0.0000	    414.0250	 0.0000	 9.738733	 0.010859	  0.00000000	  0.00005896	 -0.00005896	  0.00005896	  0.00000000	  0.00009322
      0.0000	    417.2809	 0.0000	 9.773779	 0.010670	  0.00000000	  0.00005692	 -0.00005692	  0.00005692	  0.00000000	  0.00008735
      0.0000	    420.5945	 0.0000	 9.808826	 0.010485	  0.00000000	  0.00005496	 -0.00005496	  0.00005496	  0.00000000	  0.00008175
      0.0000	    423.9666	 0.0000	 9.843872	 0.010303	  0.00000000	  0.00005307	 -0.00005307	  0.00005307	  0.00000000	  0.00007642
      0.0000	    427.3983	 0.0000	 9.878919	 0.010124	  0.00000000	  0.00005124	 -0.00005124	  0.00005124	  0.00000000	  0.00007135
      0.0000	    430.8906	 0.0000	 9.913965	 0.009948	  0.00000000	  0.00004948	 -0.00004948	  0.00004948	  0.00000000	  0.00006653
      0.0000	    434.4447	 0.0000	 9.949012	 0.009775	  0.00000000	  0.00004777	 -0.00004777	  0.00004777	  0.00000000	  0.00006197
      0.0000	    438.0617	 0.0000	 9.984058	 0.009605	  0.00000000	  0.00004613	 -0.00004613	  0.00004613	  0.00000000	  0.00005764
      0.0000	    441.7425	 0.0000	10.019105	 0.009438	  0.00000000	  0.00004454	 -0.00004454	  0.00004454	  0.00000000	  0.00005355
      0.0000	    445.4885	 0.0000	10.054151	 0.009274	  0.00000000	  0.00004301	 -0.00004301	  0.00004301	  0.00000000	  0.00004969
      0.0000	    449.3006	 0.0000	10.089198	 0.009113	  0.00000000	  0.00004153	 -0.00004153	  0.00004153	  0.00000000	  0.00004604
      0.0000	    453.1802	 0.0000	10.124244	 0.008955	  0.00000000	  0.00004010	 -0.00004010	  0.00004010	  0.00000000	  0.00004260
      0.0000	    457.1283	 0.0000	10.159291	 0.008799	  0.00000000	  0.00003871	 -0.00003871	  0.00003871	  0.00000000	  0.00003937
      0.0000	    461.1462	 0.0000	10.194337	 0.008647	  0.00000000	  0.00003738	 -0.00003738	  0.00003738	  0.00000000	  0.00003633
      0.0000	    465.2352	 0.0000	10.229384	 0.008496	  0.00000000	  0.00003609	 -0.00003609	  0.00003609	  0.00000000	  0.00003348
      0.0000	    469.3964	 0.0000	10.264430	 0.008349	  0.00000000	  0.00003485	 -0.00003485	  0.00003485	  0.00000000	  0.00003080
      0.0000	    473.6312	 0.0000	10.299477	 0.008204	  0.00000000	  0.00003365	 -0.00003365	  0.00003365	  0.00000000	  0.00002830
      0.0000	    477.9409	 0.0000	10.334523	 0.008061	  0.00000000	  0.00003249	 -0.00003249	  0.00003249	  0.00000000	  0.00002596
      0.0000	    482.3267	 0.0000	10.369570	 0.007921	  0.00000000	  0.00003137	 -0.00003137	  0.00003137	  0.00000000	  0.00002378
      0.0000	    486.7901	 0.0000	10.404616	 0.007784	  0.00000000	  0.00003029	 -0.00003029	  0.00003029	  0.00000000	  0.00002175
      0.0000	    491.3324	 0.0000	10.439662	 0.007648	  0.00000000	  0.00002925	 -0.00002925	  0.00002925	  0.00000000	  0.00001986
      0.0000	    495.9550	 0.0000	10.474709	 0.007516	  0.00000000	  0.00002824	 -0.00002824	  0.00002824	  0.00000000	  0.00001811
      0.0000	    500.6593	 0.0000	10.509755	 0.007385	  0.00000000	  0.00002727	 -0.00002727	  0.00002727	  0.00000000	  0.00001648
      0.0000	    505.4467	 0.0000	10.544802	 0.007257	  0.00000000	  0.00002633	 -0.00002633	  0.00002633	  0.00000000	  0.00001498
      0.0000	    510.3188	 0.0000	10.579848	 0.007131	  0.00000000	  0.00002542	 -0.00002542	  0.00002542	  0.00000000	  0.00001359
      0.0000	    515.2770	 0.0000	10.614895	 0.007007	  0.00000000	  0.00002455	 -0.00002455	  0.00002455	  0.00000000	  0.00001230
      0.0000	    520.3229	 0.0000	10.649941	 0.006885	  0.00000000	  0.00002370	 -0.00002370	  0.00002370	  0.00000000	  0.00001112
      0.0000	    525.4579	 0.0000	10.684988	 0.006765	  0.00000000	  0.00002289	 -0.00002289	  0.00002289	  0.00000000	  0.00001004
      0.0000	    530.6838	 0.0000	10.720034	 0.006648	  0.00000000	  0.00002210	 -0.00002210	  0.00002210	  0.00000000	  0.00000904
      0.0000	    536.0020	 0.0000	10.755081	 0.006532	  0.00000000	  0.00002134	 -0.00002134	  0.00002134	  0.00000000	  0.00000813
      0.0000	    541.4142	 0.0000	10.790127	 0.006419	  0.00000000	  0.00002060	 -0.00002060	  0.00002060	  0.00000000	  0.00000730
      0.0000	    546.9221	 0.0000	10.825174	 0.006308	  0.00000000	  0.00001989	 -0.00001989	  0.00001989	  0.00000000	  0.00000653
      0.0000	    552.5274	 0.0000	10.860220	 0.006198	  0.00000000	  0.00001921	 -0.00001921	  0.00001921	  0.00000000	  0.00000584
      0.0000	    558.2317	 0.0000	10.895267	 0.006090	  0.00000000	  0.00001855	 -0.00001855	  0.00001855	  0.00000000	  0.00000521
      0.0000	    564.0369	 0.0000	10.930313	 0.005984	  0.00000000	  0.00001791	 -0.00001791	  0.00001791	  0.00000000	  0.00000464
      0.0000	    569.9448	 0.0000	10.965360	 0.005881	  0.00000000	  0.00001729	 -0.00001729	  0.00001729	  0.00000000	  0.00000412
      0.0000	    575.9570	 0.0000	11.000406	 0.005778	  0.00000000	  0.00001669	 -0.00001669	  0.00001669	  0.00000000	  0.00000366
      0.0000	    582.0755	 0.0000	11.035453	 0.005678	  0.00000000	  0.00001612	 -0.00001612	  0.00001612	  0.00000000	  0.00000323
      0.0000	    588.3023	 0.0000	11.070499	 0.005579	  0.00000000	  0.00001556	 -0.00001556	  0.00001556	  0.00000000	  0.00000286
      0.0000	    594.6390	 0.0000	11.105545	 0.005482	  0.00000000	  0.00001503	 -0.00001503	  0.00001503	  0.00000000	  0.00000252
      0.0000	    601.0878	 0.0000	11.140592	 0.005387	  0.00000000	  0.00001451	 -0.00001451	  0.00001451	  0.00000000	  0.00000221
      0.0000	    607.6506	 0.0000	11.175638	 0.005294	  0.00000000	  0.00001401	 -0.00001401	  0.00001401	  0.00000000	  0.00000194
      0.0000	    614.3294	 0.0000	11.210685	 0.005202	  0.00000000	  0.00001353	 -0.00001353	  0.00001353	  0.00000000	  0.00000170
      0.0000	    621.1263	 0.0000	11.245731	 0.005111	  0.00000000	  0.00001306	 -0.00001306	  0.00001306	  0.00000000	  0.00000148
      0.0000	    628.0433	 0.0000	11.280778	 0.005023	  0.00000000	  0.00001261	 -0.00001261	  0.00001261	  0.00000000	  0.00000129
      0.0000	    635.0826	 0.0000	11.315824	 0.004935	  0.00000000	  0.00001218	 -0.00001218	  0.00001218	  0.00000000	  0.00000112
      0.0000	    642.2464	 0.0000	11.350871	 0.004850	  0.00000000	  0.00001176	 -0.00001176	  0.00001176	  0.00000000	  0.00000097
      0.0000	    649.5368	 0.0000	11.385917	 0.004765	  0.00000000	  0.00001135	 -0.00001135	  0.00001135	  0.00000000	  0.00000084
      0.0000	    656.9560	 0.0000	11.420964	 0.004683	  0.00000000	  0.00001096	 -0.00001096	  0.00001096	  0.00000000	  0.00000072
      0.0000	    664.5064	 0.0000	11.456010	 0.004601	  0.00000000	  0.00001059	 -0.00001059	  0.00001059	  0.00000000	  0.00000062
      0.0000	    672.1903	 0.0000	11.491057	 0.004521	  0.00000000	  0.00001022	 -0.00001022	  0.00001022	  0.00000000	  0.00000053
      0.0000	    680.0100	 0.0000	11.526103	 0.004443	  0.00000000	  0.00000987	 -0.00000987	  0.00000987	  0.00000000	  0.00000046
      0.0000	    687.9680	 0.0000	11.561150	 0.004366	  0.00000000	  0.00000953	 -0.00000953	  0.00000953	  0.00000000	  0.00000039
      0.0000	    696.0666	 0.0000	11.596196	 0.004290	  0.00000000	  0.00000920	 -0.00000920	  0.00000920	  0.00000000	  0.00000033
      0.0000	    704.3084	 0.0000	11.631243	 0.004215	  0.00000000	  0.00000888	 -0.00000888	  0.00000888	  0.00000000	  0.00000028
      0.0000	    712.6959	 0.0000	11.666289	 0.004142	  0.00000000	  0.00000858	 -0.00000858	  0.00000858	  0.00000000	  0.00000024
      0.0000	    721.2317	 0.0000	11.701336	 0.004070	  0.00000000	  0.00000828	 -0.00000828	  0.00000828	  0.00000000	  0.00000020
      0.0000	    729.9184	 0.0000	11.736382	 0.003999	  0.00000000	  0.00000800	 -0.00000800	  0.00000800	  0.00000000	  0.00000017
      0.0000	    738.7586	 0.0000	11.771428	 0.003930	  0.00000000	  0.00000772	 -0.00000772	  0.00000772	  0.00000000	  0.00000014
      0.0000	    747.7551	 0.0000	11.806475	 0.003862	  0.00000000	  0.00000746	 -0.00000746	  0.00000746	  0.00000000	  0.00000012
      0.0000	    756.9106	 0.0000	11.841521	 0.003795	  0.00000000	  0.00000720	 -0.00000720	  0.00000720	  0.00000000	  0.00000010
      0.0000	    766.2280	 0.0000	11.876568	 0.003729	  0.00000000	  0.00000695	 -0.00000695	  0.00000695	  0.00000000	  0.00000008
      0.0000	    775.7101	 0.0000	11.911614	 0.003664	  0.00000000	  0.00000671	 -0.00000671	  0.00000671	  0.00000000	  0.00000007
      0.0000	    785.3598	 0.0000	11.946661	 0.003600	  0.00000000	  0.00000648	 -0.00000648	  0.00000648	  0.00000000	  0.00000006
      0.0000	    795.1801	 0.0000	11.981707	 0.003538	  0.00000000	  0.00000626	 -0.00000626	  0.00000626	  0.00000000	  0.00000005
      0.0000	    805.1740	 0.0000	12.016754	 0.003476	  0.00000000	  0.00000604	 -0.00000604	  0.00000604	  0.00000000	  0.00000004
      0.0000	    815.3445	 0.0000	12.051800	 0.003416	  0.00000000	  0.00000583	 -0.00000583	  0.00000583	  0.00000000	  0.00000003
      0.0000	    825.6949	 0.0000	12.086847	 0.003357	  0.00000000	  0.00000563	 -0.00000563	  0.00000563	  0.00000000	  0.00000002
      0.0000	    836.2282	 0.0000	12.121893	 0.003298	  0.00000000	  0.00000544	 -0.00000544	  0.00000544	  0.00000000	  0.00000002
      0.0000	    846.9477	 0.0000	12.156940	 0.003241	  0.00000000	  0.00000525	 -0.00000525	  0.00000525	  0.00000000	  0.00000002
      0.0000	    857.8567	 0.0000	12.191986	 0.003185	  0.00000000	  0.00000507	 -0.00000507	  0.00000507	  0.00000000	  0.00000001
      0.0000	    868.9586	 0.0000	12.227033	 0.003129	  0.00000000	  0.00000490	 -0.00000490	  0.00000490	  0.00000000	  0.00000001
      0.0000	    880.2567	 0.0000	12.262079	 0.003075	  0.00000000	  0.00000473	 -0.00000473	  0.00000473	  0.00000000	  0.00000001
      0.0000	    891.7546	 0.0000	12.297126	 0.003022	  0.00000000	  0.00000456	 -0.00000456	  0.00000456	  0.00000000	  0.00000001
      0.0000	    903.4557	 0.0000	12.332172	 0.002969	  0.00000000	  0.00000441	 -0.00000441	  0.00000441	  0.00000000	  0.00000001
      0.0000	    915.3637	 0.0000	12.367219	 0.002917	  0.00000000	  0.00000426	 -0.00000426	  0.00000426	  0.00000000	  0.00000000
      0.0000	    927.4821	 0.0000	12.402265	 0.002867	  0.00000000	  0.00000411	 -0.00000411	  0.00000411	  0.00000000	  0.00000000
      0.0000	    939.8148	 0.0000	12.437312	 0.002817	  0.00000000	  0.00000397	 -0.00000397	  0.00000397	  0.00000000	  0.00000000
      0.0000	    952.3655	 0.0000	12.472358	 0.002768	  0.00000000	  0.00000383	 -0.00000383	  0.00000383	  0.00000000	  0.00000000
      0.0000	    965.1381	 0.0000	12.507404	 0.002720	  0.00000000	  0.00000370	 -0.00000370	  0.00000370	  0.00000000	  0.00000000
      0.0000	    978.1364	 0.0000	12.542451	 0.002673	  0.00000000	  0.00000357	 -0.00000357	  0.00000357	  0.00000000	  0.00000000
      0.0000	    991.3646	 0.0000	12.577497	 0.002626	  0.00000000	  0.00000345	 -0.00000345	  0.00000345	  0.00000000	  0.00000000
      0.0000	   1004.8265	 0.0000	12.612544	 0.002581	  0.00000000	  0.00000333	 -0.00000333	  0.00000333	  0.00000000	  0.00000000
      0.0000	   1018.5265	 0.0000	12.647590	 0.002536	  0.00000000	  0.00000322	 -0.00000322	  0.00000322	  0.00000000	  0.00000000
      0.0000	   1032.4686	 0.0000	12.682637	 0.002492	  0.00000000	  0.00000310	 -0.00000310	  0.00000310	  0.00000000	  0.00000000
      0.0000	   1046.6572	 0.0000	12.717683	 0.002449	  0.00000000	  0.00000300	 -0.00000300	  0.00000300	  0.00000000	  0.00000000
      0.0000	   1061.0966	 0.0000	12.752730	 0.002406	  0.00000000	  0.00000289	 -0.00000289	  0.00000289	  0.00000000	  0.00000000
      0.0000	   1075.7913	 0.0000	12.787776	 0.002364	  0.00000000	  0.00000279	 -0.00000279	  0.00000279	  0.00000000	  0.00000000
      0.0000	   1090.7458	 0.0000	12.822823	 0.002323	  0.00000000	  0.00000270	 -0.00000270	  0.00000270	  0.00000000	  0.00000000
      0.0000	   1105.9646	 0.0000	12.857869	 0.002283	  0.00000000	  0.00000261	 -0.00000261	  0.00000261	  0.00000000	  0.00000000
      0.0000	   1121.4524	 0.0000	12.892916	 0.002243	  0.00000000	  0.00000252	 -0.00000252	  0.00000252	  0.00000000	  0.00000000
      0.0000	   1137.2140	 0.0000	12.927962	 0.002204	  0.00000000	  0.00000243	 -0.00000243	  0.00000243	  0.00000000	  0.00000000
      0.0000	   1153.2543	 0.0000	12.963009	 0.002166	  0.00000000	  0.00000235	 -0.00000235	  0.00000235	  0.00000000	  0.00000000
      0.0000	   1169.5781	 0.0000	12.998055	 0.002128	  0.00000000	  0.00000226	 -0.00000226	  0.00000226	  0.00000000	  0.00000000
      0.0000	   1186.1905	 0.0000	13.033102	 0.002091	  0.00000000	  0.00000219	 -0.00000219	  0.00000219	  0.00000000	  0.00000000
      0.0000	   1203.0965	 0.0000	13.068148	 0.002055	  0.00000000	  0.00000211	 -0.00000211	  0.00000211	  0.00000000	  0.00000000
      0.0000	   1220.3014	 0.0000	13.103195	 0.002019	  0.00000000	  0.00000204	 -0.00000204	  0.00000204	  0.00000000	  0.00000000
      0.0000	   1237.8105	 0.0000	13.138241	 0.001984	  0.00000000	  0.00000197	 -0.00000197	  0.00000197	  0.00000000	  0.00000000
      0.0000	   1255.6291	 0.0000	13.173287	 0.001950	  0.00000000	  0.00000190	 -0.00000190	  0.00000190	  0.00000000	  0.00000000
      0.0000	   1273.7626	 0.0000	13.208334	 0.001916	  0.00000000	  0.00000184	 -0.00000184	  0.00000184	  0.00000000	  0.00000000
      0.0000	   1292.2167	 0.0000	13.243380	 0.001883	  0.00000000	  0.00000177	 -0.00000177	  0.00000177	  0.00000000	  0.00000000
      0.0000	   1310.9971	 0.0000	13.278427	 0.001850	  0.00000000	  0.00000171	 -0.00000171	  0.00000171	  0.00000000	  0.00000000
      0.0000	   1330.1094	 0.0000	13.313473	 0.001818	  0.00000000	  0.00000165	 -0.00000165	  0.00000165	  0.00000000	  0.00000000
      0.0000	   1349.5596	 0.0000	13.348520	 0.001786	  0.00000000	  0.00000160	 -0.00000160	  0.00000160	  0.00000000	  0.00000000
      0.0000	   1369.3537	 0.0000	13.383566	 0.001755	  0.00000000	  0.00000154	 -0.00000154	  0.00000154	  0.00000000	  0.00000000
      0.0000	   1389.4976	 0.0000	13.418613	 0.001725	  0.00000000	  0.00000149	 -0.00000149	  0.00000149	  0.00000000	  0.00000000
      0.0000	   1409.9976	 0.0000	13.453659	 0.001695	  0.00000000	  0.00000144	 -0.00000144	  0.00000144	  0.00000000	  0.00000000
      0.0000	   1430.8601	 0.0000	13.488706	 0.001665	  0.00000000	  0.00000139	 -0.00000139	  0.00000139	  0.00000000	  0.00000000
      0.0000	   1452.0913	 0.0000	13.523752	 0.001636	  0.00000000	  0.00000134	 -0.00000134	  0.00000134	  0.00000000	  0.00000000
      0.0000	   1473.6979	 0.0000	13.558799	 0.001608	  0.00000000	  0.00000129	 -0.00000129	  0.00000129	  0.00000000	  0.00000000
      0.0000	   1495.6864	 0.0000	13.593845	 0.001580	  0.00000000	  0.00000125	 -0.00000125	  0.00000125	  0.00000000	  0.00000000
      0.0000	   1518.0636	 0.0000	13.628892	 0.001553	  0.00000000	  0.00000121	 -0.00000121	  0.00000121	  0.00000000	  0.00000000
      0.0000	   1540.8364	 0.0000	13.663938	 0.001526	  0.00000000	  0.00000116	 -0.00000116	  0.00000116	  0.00000000	  0.00000000
      0.0000	   1564.0117	 0.0000	13.698985	 0.001499	  0.00000000	  0.00000112	 -0.00000112	  0.00000112	  0.00000000	  0.00000000
      0.0000	   1587.5968	 0.0000	13.734031	 0.001473	  0.00000000	  0.00000108	 -0.00000108	  0.00000108	  0.00000000	  0.00000000
      0.0000	   1611.5987	 0.0000	13.769078	 0.001447	  0.00000000	  0.00000105	 -0.00000105	  0.00000105	  0.00000000	  0.00000000
      0.0000	   1636.0250	 0.0000	13.804124	 0.001422	  0.00000000	  0.00000101	 -0.00000101	  0.00000101	  0.00000000	  0.00000000
      0.0000	   1660.8831	 0.0000	13.839170	 0.001398	  0.00000000	  0.00000098	 -0.00000098	  0.00000098	  0.00000000	  0.00000000
      0.0000	   1686.1806	 0.0000	13.874217	 0.001373	  0.00000000	  0.00000094	 -0.00000094	  0.00000094	  0.00000000	  0.00000000
      0.0000	   1711.9253	 0.0000	13.909263	 0.001349	  0.00000000	  0.00000091	 -0.00000091	  0.00000091	  0.00000000	  0.00000000
      0.0000	   1738.1251	 0.0000	13.944310	 0.001326	  0.00000000	  0.00000088	 -0.00000088	  0.00000088	  0.00000000	  0.00000000
      0.0000	   1764.7881	 0.0000	13.979356	 0.001303	  0.00000000	  0.00000085	 -0.00000085	  0.00000085	  0.00000000	  0.00000000
      0.0000	   1791.9224	 0.0000	14.014403	 0.001280	  0.00000000	  0.00000082	 -0.00000082	  0.00000082	  0.00000000	  0.00000000
      0.0000	   1819.5364	 0.0000	14.049449	 0.001258	  0.00000000	  0.00000079	 -0.00000079	  0.00000079	  0.00000000	  0.00000000
      0.0000	   1847.6385	 0.0000	14.084496	 0.001236	  0.00000000	  0.00000076	 -0.00000076	  0.00000076	  0.00000000	  0.00000000
      0.0000	   1876.2374	 0.0000	14.119542	 0.001215	  0.00000000	  0.00000074	 -0.00000074	  0.00000074	  0.00000000	  0.00000000
      0.0000	   1905.3419	 0.0000	14.154589	 0.001194	  0.00000000	  0.00000071	 -0.00000071	  0.00000071	  0.00000000	  0.00000000
      0.0000	   1934.9608	 0.0000	14.189635	 0.001173	  0.00000000	  0.00000069	 -0.00000069	  0.00000069	  0.00000000	  0.00000000
      0.0000	   1965.1034	 0.0000	14.224682	 0.001153	  0.00000000	  0.00000066	 -0.00000066	  0.00000066	  0.00000000	  0.00000000
      0.0000	   1995.7788	 0.0000	14.259728	 0.001133	  0.00000000	  0.00000064	 -0.00000064	  0.00000064	  0.00000000	  0.00000000
      0.0000	   2026.9965	 0.0000	14.294775	 0.001113	  0.00000000	  0.00000062	 -0.00000062	  0.00000062	  0.00000000	  0.00000000
      0.0000	   2058.7660	 0.0000	14.329821	 0.001094	  0.00000000	  0.00000060	 -0.00000060	  0.00000060	  0.00000000	  0.00000000
      0.0000	   2091.0972	 0.0000	14.364868	 0.001075	  0.00000000	  0.00000058	 -0.00000058	  0.00000058	  0.00000000	  0.00000000
      0.0000	   2123.9999	 0.0000	14.399914	 0.001056	  0.00000000	  0.00000056	 -0.00000056	  0.00000056	  0.00000000	  0.00000000
      0.0000	   2157.4842	 0.0000	14.434961	 0.001038	  0.00000000	  0.00000054	 -0.00000054	  0.00000054	  0.00000000	  0.00000000
      0.0000	   2191.5604	 0.0000	14.470007	 0.001020	  0.00000000	  0.00000052	 -0.00000052	  0.00000052	  0.00000000	  0.00000000
      0.0000	   2226.2391	 0.0000	14.505053	 0.001002	  0.00000000	  0.00000050	 -0.00000050	  0.00000050	  0.00000000	  0.00000000
      0.0000	   2261.5308	 0.0000	14.540100	 0.000984	  0.00000000	  0.00000048	 -0.00000048	  0.00000048	  0.00000000	  0.00000000
      0.0000	   2297.4463	 0.0000	14.575146	 0.000967	  0.00000000	  0.00000047	 -0.00000047	  0.00000047	  0.00000000	  0.00000000
      0.0000	   2333.9968	 0.0000	14.610193	 0.000950	  0.00000000	  0.00000045	 -0.00000045	  0.00000045	  0.00000000	  0.00000000
      0.0000	   2371.1934	 0.0000	14.645239	 0.000934	  0.00000000	  0.00000044	 -0.00000044	  0.00000044	  0.00000000	  0.00000000
      0.0000	   2409.0475	 0.0000	14.680286	 0.000918	  0.00000000	  0.00000042	 -0.00000042	  0.00000042	  0.00000000	  0.00000000
      0.0000	   2447.5708	 0.0000	14.715332	 0.000902	  0.00000000	  0.00000041	 -0.00000041	  0.00000041	  0.00000000	  0.00000000
      0.0000	   2486.7751	 0.0000	14.750379	 0.000886	  0.00000000	  0.00000039	 -0.00000039	  0.00000039	  0.00000000	  0.00000000
      0.0000	   2526.6725	 0.0000	14.785425	 0.000871	  0.00000000	  0.00000038	 -0.00000038	  0.00000038	  0.00000000	  0.00000000
      0.0000	   2567.2751	 0.0000	14.820472	 0.000856	  0.00000000	  0.00000037	 -0.00000037	  0.00000037	  0.00000000	  0.00000000
      0.0000	   2608.5955	 0.0000	14.855518	 0.000841	  0.00000000	  0.00000035	 -0.00000035	  0.00000035	  0.00000000	  0.00000000
      0.0000	   2650.6464	 0.0000	14.890565	 0.000826	  0.00000000	  0.00000034	 -0.00000034	  0.00000034	  0.00000000	  0.00000000
      0.0000	   2693.4406	 0.0000	14.925611	 0.000812	  0.00000000	  0.00000033	 -0.00000033	  0.00000033	  0.00000000	  0.00000000
      0.0000	   2736.9913	 0.0000	14.960658	 0.000798	  0.00000000	  0.00000032	 -0.00000032	  0.00000032	  0.00000000	  0.00000000
      0.0000	   2781.3119	 0.0000	14.995704	 0.000784	  0.00000000	  0.00000031	 -0.00000031	  0.00000031	  0.00000000	  0.00000000
      0.0000	   2826.4160	 0.0000	15.030751	 0.000770	  0.00000000	  0.00000030	 -0.00000030	  0.00000030	  0.00000000	  0.00000000
      0.0000	   2872.3174	 0.0000	15.065797	 0.000757	  0.00000000	  0.00000029	 -0.00000029	  0.00000029	  0.00000000	  0.00000000
      0.0000	   2919.0302	 0.0000	15.100844	 0.000744	  0.00000000	  0.00000028	 -0.00000028	  0.00000028	  0.00000000	  0.00000000
      0.0000	   2966.5689	 0.0000	15.135890	 0.000731	  0.00000000	  0.00000027	 -0.00000027	  0.00000027	  0.00000000	  0.00000000
      0.0000	   3014.9478	 0.0000	15.170937	 0.000718	  0.00000000	  0.00000026	 -0.00000026	  0.00000026	  0.00000000	  0.00000000
      0.0000	   3064.1821	 0.0000	15.205983	 0.000706	  0.00000000	  0.00000025	 -0.00000025	  0.00000025	  0.00000000	  0.00000000
      0.0000	   3114.2866	 0.0000	15.241029	 0.000693	  0.00000000	  0.00000024	 -0.00000024	  0.00000024	  0.00000000	  0.00000000
      0.0000	   3165.2769	 0.0000	15.276076	 0.000681	  0.00000000	  0.00000023	 -0.00000023	  0.00000023	  0.00000000	  0.00000000
      0.0000	   3217.1686	 0.0000	15.311122	 0.000669	  0.00000000	  0.00000022	 -0.00000022	  0.00000022	  0.00000000	  0.00000000
      0.0000	   3269.9776	 0.0000	15.346169	 0.000658	  0.00000000	  0.00000022	 -0.00000022	  0.00000022	  0.00000000	  0.00000000
      0.0000	   3323.7201	 0.0000	15.381215	 0.000646	  0.00000000	  0.00000021	 -0.00000021	  0.00000021	  0.00000000	  0.00000000
      0.0000	   3378.4127	 0.0000	15.416262	 0.000635	  0.00000000	  0.00000020	 -0.00000020	  0.00000020	  0.00000000	  0.00000000
      0.0000	   3434.0722	 0.0000	15.451308	 0.000624	  0.00000000	  0.00000019	 -0.00000019	  0.00000019	  0.00000000	  0.00000000
      0.0000	   3490.7155	 0.0000	15.486355	 0.000613	  0.00000000	  0.00000019	 -0.00000019	  0.00000019	  0.00000000	  0.00000000
      0.0000	   3548.3602	 0.0000	15.521401	 0.000603	  0.00000000	  0.00000018	 -0.00000018	  0.00000018	  0.00000000	  0.00000000
      0.0000	   3607.0239	 0.0000	15.556448	 0.000592	  0.00000000	  0.00000018	 -0.00000018	  0.00000018	  0.00000000	  0.00000000
      0.0000	   3666.7246	 0.0000	15.591494	 0.000582	  0.00000000	  0.00000017	 -0.00000017	  0.00000017	  0.00000000	  0.00000000
      0.0000	   3727.4808	 0.0000	15.626541	 0.000572	  0.00000000	  0.00000016	 -0.00000016	  0.00000016	  0.00000000	  0.00000000
      0.0000	   3789.3109	 0.0000	15.661587	 0.000562	  0.00000000	  0.00000016	 -0.00000016	  0.00000016	  0.00000000	  0.00000000
      0.0000	   3852.2340	 0.0000	15.696634	 0.000552	  0.00000000	  0.00000015	 -0.00000015	  0.00000015	  0.00000000	  0.00000000
      0.0000	   3916.2695	 0.0000	15.731680	 0.000543	  0.00000000	  0.00000015	 -0.00000015	  0.00000015	  0.00000000	  0.00000000
      0.0000	   3981.4370	 0.0000	15.766727	 0.000533	  0.00000000	  0.00000014	 -0.00000014	  0.00000014	  0.00000000	  0.00000000
      0.0000	   4047.7565	 0.0000	15.801773	 0.000524	  0.00000000	  0.00000014	 -0.00000014	  0.00000014	  0.00000000	  0.00000000
      0.0000	   4115.2484	 0.0000	15.836820	 0.000515	  0.00000000	  0.00000013	 -0.00000013	  0.00000013	  0.00000000	  0.00000000
      0.0000	   4183.9333	 0.0000	15.871866	 0.000506	  0.00000000	  0.00000013	 -0.00000013	  0.00000013	  0.00000000	  0.00000000
      0.0000	   4253.8325	 0.0000	15.906912	 0.000497	  0.00000000	  0.00000012	 -0.00000012	  0.00000012	  0.00000000	  0.00000000
      0.0000	   4324.9673	 0.0000	15.941959	 0.000488	  0.00000000	  0.00000012	 -0.00000012	  0.00000012	  0.00000000	  0.00000000
      0.0000	   4397.3596	 0.0000	15.977005	 0.000480	  0.00000000	  0.00000012	 -0.00000012	  0.00000012	  0.00000000	  0.00000000
      0.0000	   4471.0316	 0.0000	16.012052	 0.000472	  0.00000000	  0.00000011	 -0.00000011	  0.00000011	  0.00000000	  0.00000000
      0.0000	   4546.0060	 0.0000	16.047098	 0.000463	  0.00000000	  0.00000011	 -0.00000011	  0.00000011	  0.00000000	  0.00000000
      0.0000	   4622.3058	 0.0000	16.082145	 0.000455	  0.00000000	  0.00000010	 -0.00000010	  0.00000010	  0.00000000	  0.00000000
      0.0000	   4699.9543	 0.0000	16.117191	 0.000447	  0.00000000	  0.00000010	 -0.00000010	  0.00000010	  0.00000000	  0.00000000
      0.0000	   4778.9755	 0.0000	16.152238	 0.000440	  0.00000000	  0.00000010	 -0.00000010	  0.00000010	  0.00000000	  0.00000000
      0.0000	   4859.3936	 0.0000	16.187284	 0.000432	  0.00000000	  0.00000009	 -0.00000009	  0.00000009	  0.00000000	  0.00000000
      0.0000	   4941.2334	 0.0000	16.222331	 0.000425	  0.00000000	  0.00000009	 -0.00000009	  0.00000009	  0.00000000	  0.00000000
      0.0000	   5024.5198	 0.0000	16.257377	 0.000417	  0.00000000	  0.00000009	 -0.00000009	  0.00000009	  0.00000000	  0.00000000
      0.0000	   5109.2786	 0.0000	16.292424	 0.000410	  0.00000000	  0.00000008	 -0.00000008	  0.00000008	  0.00000000	  0.00000000
      0.0000	   5195.5357	 0.0000	16.327470	 0.000403	  0.00000000	  0.00000008	 -0.00000008	  0.00000008	  0.00000000	  0.00000000
      0.0000	   5283.3176	 0.0000	16.362517	 0.000396	  0.00000000	  0.00000008	 -0.00000008	  0.00000008	  0.00000000	  0.00000000
      0.0000	   5372.6513	 0.0000	16.397563	 0.000389	  0.00000000	  0.00000008	 -0.00000008	  0.00000008	  0.00000000	  0.00000000
      0.0000	   5463.5642	 0.0000	16.432610	 0.000382	  0.00000000	  0.00000007	 -0.00000007	  0.00000007	  0.00000000	  0.00000000
      0.0000	   5556.0843	 0.0000	16.467656	 0.000375	  0.00000000	  0.00000007	 -0.00000007	  0.00000007	  0.00000000	  0.00000000
      0.0000	   5650.2399	 0.0000	16.502703	 0.000369	  0.00000000	  0.00000007	 -0.00000007	  0.00000007	  0.00000000	  0.00000000
      0.0000	   5746.0599	 0.0000	16.537749	 0.000363	  0.00000000	  0.00000007	 -0.00000007	  0.00000007	  0.00000000	  0.00000000
      0.0000	   5843.5738	 0.0000	16.572795	 0.000356	  0.00000000	  0.00000006	 -0.00000006	  0.00000006	  0.00000000	  0.00000000
      0.0000	   5942.8116	 0.0000	16.607842	 0.000350	  0.00000000	  0.00000006	 -0.00000006	  0.00000006	  0.00000000	  0.00000000
      0.0000	   6043.8036	 0.0000	16.642888	 0.000344	  0.00000000	  0.00000006	 -0.00000006	  0.00000006	  0.00000000	  0.00000000
      0.0000	   6146.5809	 0.0000	16.677935	 0.000338	  0.00000000	  0.00000006	 -0.00000006	  0.00000006	  0.00000000	  0.00000000
      0.0000	   6251.1751	 0.0000	16.712981	 0.000332	  0.00000000	  0.00000006	 -0.00000006	  0.00000006	  0.00000000	  0.00000000
      0.0000	   6357.6183	 0.0000	16.748028	 0.000326	  0.00000000	  0.00000005	 -0.00000005	  0.00000005	  0.00000000	  0.00000000
      0.0000	   6465.9431	 0.0000	16.783074	 0.000321	  0.00000000	  0.00000005	 -0.00000005	  0.00000005	  0.00000000	  0.00000000
      0.0000	   6576.1829	 0.0000	16.818121	 0.000315	  0.00000000	  0.00000005	 -0.00000005	  0.00000005	  0.00000000	  0.00000000
      0.0000	   6688.3714	 0.0000	16.853167	 0.000310	  0.00000000	  0.00000005	 -0.00000005	  0.00000005	  0.00000000	  0.00000000
      0.0000	   6802.5432	 0.0000	16.888214	 0.000304	  0.00000000	  0.00000005	 -0.00000005	  0.00000005	  0.00000000	  0.00000000
      0.0000	   6918.7333	 0.0000	16.923260	 0.000299	  0.00000000	  0.00000004	 -0.00000004	  0.00000004	  0.00000000	  0.00000000
      0.0000	   7036.9773	 0.0000	16.958307	 0.000294	  0.00000000	  0.00000004	 -0.00000004	  0.00000004	  0.00000000	  0.00000000
      0.0000	   7157.3117	 0.0000	16.993353	 0.000289	  0.00000000	  0.00000004	 -0.00000004	  0.00000004	  0.00000000	  0.00000000
      0.0000	   7279.7732	 0.0000	17.028400	 0.000284	  0.00000000	  0.00000004	 -0.00000004	  0.00000004	  0.00000000	  0.00000000
      0.0000	   7404.3996	 0.0000	17.063446	 0.000279	  0.00000000	  0.00000004	 -0.00000004	  0.00000004	  0.00000000	  0.00000000
      0.0000	   7531.2291	 0.0000	17.098493	 0.000274	  0.00000000	  0.00000004	 -0.00000004	  0.00000004	  0.00000000	  0.00000000
      0.0000	   7660.3006	 0.0000	17.133539	 0.000269	  0.00000000	  0.00000004	 -0.00000004	  0.00000004	  0.00000000	  0.00000000
      0.0000	   7791.6539	 0.0000	17.168586	 0.000264	  0.00000000	  0.00000003	 -0.00000003	  0.00000003	  0.00000000	  0.00000000
      0.0000	   7925.3291	 0.0000	17.203632	 0.000260	  0.00000000	  0.00000003	 -0.00000003	  0.00000003	  0.00000000	  0.00000000
      0.0000	   8061.3674	 0.0000	17.238678	 0.000255	  0.00000000	  0.00000003	 -0.00000003	  0.00000003	  0.00000000	  0.00000000
      0.0000	   8199.8106	 0.0000	17.273725	 0.000251	  0.00000000	  0.00000003	 -0.00000003	  0.00000003	  0.00000000	  0.00000000
      0.0000	   8340.7011	 0.0000	17.308771	 0.000247	  0.00000000	  0.00000003	 -0.00000003	  0.00000003	  0.00000000	  0.00000000
      0.0000	   8484.0822	 0.0000	17.343818	 0.000242	  0.00000000	  0.00000003	 -0.00000003	  0.00000003	  0.00000000	  0.00000000
      0.0000	   8629.9980	 0.0000	17.378864	 0.000238	  0.00000000	  0.00000003	 -0.00000003	  0.00000003	  0.00000000	  0.00000000
      0.0000	   8778.4932	 0.0000	17.413911	 0.000234	  0.00000000	  0.00000003	 -0.00000003	  0.00000003	  0.00000000	  0.00000000
      0.0000	   8929.6135	 0.0000	17.448957	 0.000230	  0.00000000	  0.00000003	 -0.00000003	  0.00000003	  0.00000000	  0.00000000
      0.0000	   9083.4052	 0.0000	17.484004	 0.000226	  0.00000000	  0.00000003	 -0.00000003	  0.00000003	  0.00000000	  0.00000000
      0.0000	   9239.9156	 0.0000	17.519050	 0.000222	  0.00000000	  0.00000002	 -0.00000002	  0.00000002	  0.00000000	  0.00000000
      0.0000	   9399.1927	 0.0000	17.554097	 0.000218	  0.00000000	  0.00000002	 -0.00000002	  0.00000002	  0.00000000	  0.00000000
      0.0000	   9561.2855	 0.0000	17.589143	 0.000214	  0.00000000	  0.00000002	 -0.00000002	  0.00000002	  0.00000000	  0.00000000
      0.0000	   9726.2437	 0.0000	17.624190	 0.000211	  0.00000000	  0.00000002	 -0.00000002	  0.00000002	  0.00000000	  0.00000000
      0.0000	   9894.1180	 0.0000	17.659236	 0.000207	  0.00000000	  0.00000002	 -0.00000002	  0.00000002	  0.00000000	  0.00000000
      0.0000	  10064.9599	 0.0000	17.694283	 0.000203	  0.00000000	  0.00000002	 -0.00000002	  0.00000002	  0.00000000	  0.00000000
      0.0000	  10238.8219	 0.0000	17.729329	 0.000200	  0.00000000	  0.00000002	 -0.00000002	  0.00000002	  0.00000000	  0.00000000
      0.0000	  10415.7574	 0.0000	17.764376	 0.000196	  0.00000000	  0.00000002	 -0.00000002	  0.00000002	  0.00000000	  0.00000000
      0.0000	  10595.8207	 0.0000	17.799422	 0.000193	  0.00000000	  0.00000002	 -0.00000002	  0.00000002	  0.00000000	  0.00000000
      0.0000	  10779.0671	 0.0000	17.834469	 0.000190	  0.00000000	  0.00000002	 -0.00000002	  0.00000002	  0.00000000	  0.00000000
      0.0000	  10965.5528	 0.0000	17.869515	 0.000186	  0.00000000	  0.00000002	 -0.00000002	  0.00000002	  0.00000000	  0.00000000
      0.0000	  11155.3352	 0.0000	17.904561	 0.000183	  0.00000000	  0.00000002	 -0.00000002	  0.00000002	  0.00000000	  0.00000000
      0.0000	  11348.4725	 0.0000	17.939608	 0.000180	  0.00000000	  0.00000002	 -0.00000002	  0.00000002	  0.00000000	  0.00000000
      0.0000	  11545.0240	 0.0000	17.974654	 0.000177	  0.00000000	  0.00000002	 -0.00000002	  0.00000002	  0.00000000	  0.00000000
      0.0000	  11745.0501	 0.0000	18.009701	 0.000174	  0.00000000	  0.00000002	 -0.00000002	  0.00000002	  0.00000000	  0.00000000
      0.0000	  11948.6122	 0.0000	18.044747	 0.000171	  0.00000000	  0.00000001	 -0.00000001	  0.00000001	  0.00000000	  0.00000000
      0.0000	  12155.7728	 0.0000	18.079794	 0.000168	  0.00000000	  0.00000001	 -0.00000001	  0.00000001	  0.00000000	  0.00000000
      0.0000	  12366.5955	 0.0000	18.114840	 0.000165	  0.00000000	  0.00000001	 -0.00000001	  0.00000001	  0.00000000	  0.00000000
      0.0000	  12581.1450	 0.0000	18.149887	 0.000162	  0.00000000	  0.00000001	 -0.00000001	  0.00000001	  0.00000000	  0.00000000
      0.0000	  12799.4873	 0.0000	18.184933	 0.000159	  0.00000000	  0.00000001	 -0.00000001	  0.00000001	  0.00000000	  0.00000000
      0.0000	  13021.6894	 0.0000	18.219980	 0.000156	  0.00000000	  0.00000001	 -0.00000001	  0.00000001	  0.00000000	  0.00000000
      0.0000	  13247.8195	 0.0000	18.255026	 0.000154	  0.00000000	  0.00000001	 -0.00000001	  0.00000001	  0.00000000	  0.00000000
      0.0000	  13477.9470	 0.0000	18.290073	 0.000151	  0.00000000	  0.00000001	 -0.00000001	  0.00000001	  0.00000000	  0.00000000
      0.0000	  13712.1427	 0.0000	18.325119	 0.000148	  0.00000000	  0.00000001	 -0.00000001	  0.00000001	  0.00000000	  0.00000000
      0.0000	  13950.4784	 0.0000	18.360166	 0.000146	  0.00000000	  0.00000001	 -0.00000001	  0.00000001	  0.00000000	  0.00000000
      0.0000	  14193.0273	 0.0000	18.395212	 0.000143	  0.00000000	  0.00000001	 -0.00000001	  0.00000001	  0.00000000	  0.00000000
      0.0000	  14439.8639	 0.0000	18.430259	 0.000141	  0.00000000	  0.00000001	 -0.00000001	  0.00000001	  0.00000000	  0.00000000
      0.0000	  14691.0640	 0.0000	18.465305	 0.000138	  0.00000000	  0.00000001	 -0.00000001	  0.00000001	  0.00000000	  0.00000000
      0.0000	  14946.7047	 0.0000	18.500352	 0.000136	  0.00000000	  0.00000001	 -0.00000001	  0.00000001	  0.00000000	  0.00000000
      0.0000	  15206.8646	 0.0000	18.535398	 0.000134	  0.00000000	  0.00000001	 -0.00000001	  0.00000001	  0.00000000	  0.00000000
      0.0000	  15471.6235	 0.0000	18.570445	 0.000131	  0.00000000	  0.00000001	 -0.00000001	  0.00000001	  0.00000000	  0.00000000
      0.0000	  15741.0627	 0.0000	18.605491	 0.000129	  0.00000000	  0.00000001	 -0.00000001	  0.00000001	  0.00000000	  0.00000000
      0.0000	  16015.2650	 0.0000	18.640537	 0.000127	  0.00000000	  0.00000001	 -0.00000001	  0.00000001	  0.00000000	  0.00000000
      0.0000	  16294.3145	 0.0000	18.675584	 0.000124	  0.00000000	  0.00000001	 -0.00000001	  0.00000001	  0.00000000	  0.00000000
      0.0000	  16578.2970	 0.0000	18.710630	 0.000122	  0.00000000	  0.00000001	 -0.00000001	  0.00000001	  0.00000000	  0.00000000
      0.0000	  16867.2996	 0.0000	18.745677	 0.000120	  0.00000000	  0.00000001	 -0.00000001	  0.00000001	  0.00000000	  0.00000000
      0.0000	  17161.4111	 0.0000	18.780723	 0.000118	  0.00000000	  0.00000001	 -0.00000001	  0.00000001	  0.00000000	  0.00000000
      0.0000	  17460.7218	 0.0000	18.815770	 0.000116	  0.00000000	  0.00000001	 -0.00000001	  0.00000001	  0.00000000	  0.00000000
      0.0000	  17765.3237	 0.0000	18.850816	 0.000114	  0.00000000	  0.00000001	 -0.00000001	  0.00000001	  0.00000000	  0.00000000
      0.0000	  18075.3102	 0.0000	18.885863	 0.000112	  0.00000000	  0.00000001	 -0.00000001	  0.00000001	  0.00000000	  0.00000000
      0.0000	  18390.7765	 0.0000	18.920909	 0.000110	  0.00000000	  0.00000001	 -0.00000001	  0.00000001	  0.00000000	  0.00000000
      0.0000	  18711.8195	 0.0000	18.955956	 0.000108	  0.00000000	  0.00000001	 -0.00000001	  0.00000001	  0.00000000	  0.00000000
      0.0000	  19038.5379	 0.0000	18.991002	 0.000106	  0.00000000	  0.00000001	 -0.00000001	  0.00000001	  0.00000000	  0.00000000
      0.0000	  19371.0318	 0.0000	19.026049	 0.000104	  0.00000000	  0.00000001	 -0.00000001	  0.00000001	  0.00000000	  0.00000000
      0.0000	  19709.4035	 0.0000	19.061095	 0.000103	  0.00000000	  0.00000001	 -0.00000001	  0.00000001	  0.00000000	  0.00000000
      0.0000	  20053.7568	 0.0000	19.096142	 0.000101	  0.00000000	  0.00000001	 -0.00000001	  0.00000001	  0.00000000	  0.00000000
      0.0000	  20404.1974	 0.0000	19.131188	 0.000099	  0.00000000	  0.00000000	 -0.00000000	  0.00000000	  0.00000000	  0.00000000
      0.0000	  20760.8330	 0.0000	19.166235	 0.000097	  0.00000000	  0.00000000	 -0.00000000	  0.00000000	  0.00000000	  0.00000000
      0.0000	  21123.7732	 0.0000	19.201281	 0.000096	  0.00000000	  0.00000000	 -0.00000000	  0.00000000	  0.00000000	  0.00000000
      0.0000	  21493.1292	 0.0000	19.236328	 0.000094	  0.00000000	  0.00000000	 -0.00000000	  0.00000000	  0.00000000	  0.00000000
      0.0000	  21869.0146	 0.0000	19.271374	 0.000092	  0.00000000	  0.00000000	 -0.00000000	  0.00000000	  0.00000000	  0.00000000
      0.0000	  22251.5448	 0.0000	19.306420	 0.000091	  0.00000000	  0.00000000	 -0.00000000	  0.00000000	  0.00000000	  0.00000000
      0.0000	  22640.8372	 0.0000	19.341467	 0.000089	  0.00000000	  0.00000000	 -0.00000000	  0.00000000	  0.00000000	  0.00000000
      0.0000	  23037.0114	 0.0000	19.376513	 0.000088	  0.00000000	  0.00000000	 -0.00000000	  0.00000000	  0.00000000	  0.00000000
      0.0000	  23440.1891	 0.0000	19.411560	 0.000086	  0.00000000	  0.00000000	 -0.00000000	  0.00000000	  0.00000000	  0.00000000
      0.0000	  23850.4940	 0.0000	19.446606	 0.000085	  0.00000000	  0.00000000	 -0.00000000	  0.00000000	  0.00000000	  0.00000000
      0.0000	  24268.0521	 0.0000	19.481653	 0.000083	  0.00000000	  0.00000000	 -0.00000000	  0.00000000	  0.00000000	  0.00000000
      0.0000	  24692.9916	 0.0000	19.516699	 0.000082	  0.00000000	  0.00000000	 -0.00000000	  0.00000000	  0.00000000	  0.00000000
      0.0000	  25125.4432	 0.0000	19.551746	 0.000080	  0.00000000	  0.00000000	 -0.00000000	  0.00000000	  0.00000000	  0.00000000
      0.0000	  25565.5394	 0.0000	19.586792	 0.000079	  0.00000000	  0.00000000	 -0.00000000	  0.00000000	  0.00000000	  0.00000000
      0.0000	  26013.4155	 0.0000	19.621839	 0.000078	  0.00000000	  0.00000000	 -0.00000000	  0.00000000	  0.00000000	  0.00000000
      0.0000	  26469.2091	 0.0000	19.656885	 0.000076	  0.00000000	  0.00000000	 -0.00000000	  0.00000000	  0.00000000	  0.00000000
      0.0000	  26933.0600	 0.0000	19.691932	 0.000075	  0.00000000	  0.00000000	 -0.00000000	  0.00000000	  0.00000000	  0.00000000
      0.0000	  27405.1107	 0.0000	19.726978	 0.000074	  0.00000000	  0.00000000	 -0.00000000	  0.00000000	  0.00000000	  0.00000000
      0.0000	  27885.5061	 0.0000	19.762025	 0.000072	  0.00000000	  0.00000000	 -0.00000000	  0.00000000	  0.00000000	  0.00000000
      0.0000	  28374.3939	 0.0000	19.797071	 0.000071	  0.00000000	  0.00000000	 -0.00000000	  0.00000000	  0.00000000	  0.00000000
      0.0000	  28871.9240	 0.0000	19.832118	 0.000070	  0.00000000	  0.00000000	 -0.00000000	  0.00000000	  0.00000000	  0.00000000
      0.0000	  29378.2493	 0.0000	19.867164	 0.000069	  0.00000000	  0.00000000	 -0.00000000	  0.00000000	  0.00000000	  0.00000000
      0.0000	  29893.5252	 0.0000	19.902211	 0.000067	  0.00000000	  0.00000000	 -0.00000000	  0.00000000	  0.00000000	  0.00000000
      0.0000	  30417.9101	 0.0000	19.937257	 0.000066	  0.00000000	  0.00000000	 -0.00000000	  0.00000000	  0.00000000	  0.00000000
      0.0000	  30951.5648	 0.0000	19.972303	 0.000065	  0.00000000	  0.00000000	 -0.00000000	  0.00000000	  0.00000000	  0.00000000
      0.0000	  31494.6533	 0.0000	20.007350	 0.000064	  0.00000000	  0.00000000	 -0.00000000	  0.00000000	  0.00000000	  0.00000000
      0.0000	  32047.3424	 0.0000	20.042396	 0.000063	  0.00000000	  0.00000000	 -0.00000000	  0.00000000	  0.00000000	  0.00000000
      0.0000	  32609.8017	 0.0000	20.077443	 0.000062	  0.00000000	  0.00000000	 -0.00000000	  0.00000000	  0.00000000	  0.00000000
      0.0000	  33182.2039	 0.0000	20.112489	 0.000061	  0.00000000	  0.00000000	 -0.00000000	  0.00000000	  0.00000000	  0.00000000
      0.0000	  33764.7249	 0.0000	20.147536	 0.000060	  0.00000000	  0.00000000	 -0.00000000	  0.00000000	  0.00000000	  0.00000000
      0.0000	  34357.5436	 0.0000	20.182582	 0.000059	  0.00000000	  0.00000000	 -0.00000000	  0.00000000	  0.00000000	  0.00000000
      0.0000	  34960.8418	 0.0000	20.217629	 0.000058	  0.00000000	  0.00000000	 -0.00000000	  0.00000000	  0.00000000	  0.00000000
      0.0000	  35574.8050	 0.0000	20.252675	 0.000057	  0.00000000	  0.00000000	 -0.00000000	  0.00000000	  0.00000000	  0.00000000
      0.0000	  36199.6216	 0.0000	20.287722	 0.000056	  0.00000000	  0.00000000	 -0.00000000	  0.00000000	  0.00000000	  0.00000000
      0.0000	  36835.4835	 0.0000	20.322768	 0.000055	  0.00000000	  0.00000000	 -0.00000000	  0.00000000	  0.00000000	  0.00000000
      0.0000	  37482.5860	 0.0000	20.357815	 0.000054	  0.00000000	  0.00000000	 -0.00000000	  0.00000000	  0.00000000	  0.00000000
      0.0000	  38141.1278	 0.0000	20.392861	 0.000053	  0.00000000	  0.00000000	 -0.00000000	  0.00000000	  0.00000000	  0.00000000
      0.0000	  38811.3110	 0.0000	20.427908	 0.000052	  0.00000000	  0.00000000	 -0.00000000	  0.00000000	  0.00000000	  0.00000000
      0.0000	  39493.3415	 0.0000	20.462954	 0.000051	  0.00000000	  0.00000000	 -0.00000000	  0.00000000	  0.00000000	  0.00000000
      0.0000	  40187.4287	 0.0000	20.498001	 0.000050	  0.00000000	  0.00000000	 -0.00000000	  0.00000000	  0.00000000	  0.00000000
      0.0000	  40893.7858	 0.0000	20.533047	 0.000049	  0.00000000	  0.00000000	 -0.00000000	  0.00000000	  0.00000000	  0.00000000
      0.0000	  41612.6296	 0.0000	20.568094	 0.000048	  0.00000000	  0.00000000	 -0.00000000	  0.00000000	  0.00000000	  0.00000000
      0.0000	  42344.1809	 0.0000	20.603140	 0.000047	  0.00000000	  0.00000000	 -0.00000000	  0.00000000	  0.00000000	  0.00000000
      0.0000	  43088.6643	 0.0000	20.638186	 0.000047	  0.00000000	  0.00000000	 -0.00000000	  0.00000000	  0.00000000	  0.00000000
      0.0000	  43846.3084	 0.0000	20.673233	 0.000046	  0.00000000	  0.00000000	 -0.00000000	  0.00000000	  0.00000000	  0.00000000
      0.0000	  44617.3459	 0.0000	20.708279	 0.000045	  0.00000000	  0.00000000	 -0.00000000	  0.00000000	  0.00000000	  0.00000000
      0.0000	  45402.0136	 0.0000	20.743326	 0.000044	  0.00000000	  0.00000000	 -0.00000000	  0.00000000	  0.00000000	  0.00000000
      0.0000	  46200.5524	 0.0000	20.778372	 0.000044	  0.00000000	  0.00000000	 -0.00000000	  0.00000000	  0.00000000	  0.00000000
      0.0000	  47013.2074	 0.0000	20.813419	 0.000043	  0.00000000	  0.00000000	 -0.00000000	  0.00000000	  0.00000000	  0.00000000
      0.0000	  47840.2284	 0.0000	20.848465	 0.000042	  0.00000000	  0.00000000	 -0.00000000	  0.00000000	  0.00000000	  0.00000000
      0.0000	  48681.8691	 0.0000	20.883512	 0.000041	  0.00000000	  0.00000000	 -0.00000000	  0.00000000	  0.00000000	  0.00000000
      0.0000	  49538.3880	 0.0000	20.918558	 0.000041	  0.00000000	  0.00000000	 -0.00000000	  0.00000000	  0.00000000	  0.00000000
      0.0000	  50410.0483	 0.0000	20.953605	 0.000040	  0.00000000	  0.00000000	 -0.00000000	  0.00000000	  0.00000000	  0.00000000
      0.0000	  51297.1174	 0.0000	20.988651	 0.000039	  0.00000000	  0.00000000	 -0.00000000	  0.00000000	  0.00000000	  0.00000000
      0.0000	  52199.8679	 0.0000	21.023698	 0.000038	  0.00000000	  0.00000000	 -0.00000000	  0.00000000	  0.00000000	  0.00000000
      0.0000	  53118.5769	 0.0000	21.058744	 0.000038	  0.00000000	  0.00000000	 -0.00000000	  0.00000000	  0.00000000	  0.00000000
      0.0000	  54053.5265	 0.0000	21.093791	 0.000037	  0.00000000	  0.00000000	 -0.00000000	  0.00000000	  0.00000000	  0.00000000
